word,starting_letter,category_en,category_geo
6 ოქტომბერი,6,City,ქალაქი
Bob,B,Name,სახელი
Gori,G,City,ქალაქი
Hawkins,H,City,ქალაქი
Vaxo,V,Name,სახელი
აა,ა,River,მდინარე
აალსტი,ა,City,ქალაქი
აანეკოსკი,ა,City,ქალაქი
აარაუ,ა,City,ქალაქი
აარონ,ა,Name,სახელი
აარსი,ა,City,ქალაქი
აარსოტი,ა,City,ქალაქი
აასიაატი,ა,City,ქალაქი
ააფსთა,ა,River,მდინარე
აახენი,ა,City,ქალაქი
აბა,ა,City,ქალაქი
აბა დამაცადე,ა,Film,ფილმი
"აბა, დამაცადე",ა,Film,ფილმი
აბადანი,ა,City,ქალაქი
აბადე,ა,City,ქალაქი
აბავა,ა,River,მდინარე
აბაი,ა,City,ქალაქი
აბაკალიკი,ა,City,ქალაქი
აბაკანი,ა,River,მდინარე
აბალაკი,ა,City,ქალაქი
აბანკაი,ა,City,ქალაქი
აბანო,ა,River,მდინარე
აბანოსღელე,ა,River,მდინარე
აბანოსხევი,ა,River,მდინარე
აბასთუმანი,ა,City,ქალაქი
აბასირი,ა,River,მდინარე
აბაშა,ა,City,ქალაქი
აბეზარა,ა,Film,ფილმი
აბელ,ა,Name,სახელი
აბენრაა,ა,City,ქალაქი
აბეოკუტა,ა,City,ქალაქი
აბესალომ,ა,Name,სახელი
აბესალომ და ეთერი,ა,Film,ფილმი
აბეშე,ა,City,ქალაქი
აბეში,ა,City,ქალაქი
აბზინდა,ა,Plant,მცენარე
აბია პალუოია,ა,City,ქალაქი
აბია-პალუოია,ა,City,ქალაქი
აბია-პალუოჯა,ა,City,ქალაქი
აბიაპალუოია,ა,City,ქალაქი
აბიბო,ა,Name,სახელი
აბიკო,ა,City,ქალაქი
აბილაური,ა,Food,საკვები
აბიჯანი,ა,City,ქალაქი
აბკაიკი,ა,City,ქალაქი
აბო,ა,Name,სახელი
აბოვიანი,ა,City,ქალაქი
აბომეი,ა,City,ქალაქი
აბომეი-კალავი,ა,City,ქალაქი
აბომსა,ა,City,ქალაქი
აბონ მბანგი,ა,City,ქალაქი
აბონი,ა,City,ქალაქი
აბორაჰადოს,ა,Food,საკვები
აბორაჰადოს დე პლატანო მადურო,ა,Food,საკვები
აბოსო,ა,City,ქალაქი
აბოტაბადი,ა,City,ქალაქი
აბოტსფორდი,ა,City,ქალაქი
აბრაამ,ა,Name,სახელი
აბრაგციემსი,ა,City,ქალაქი
აბრამ,ა,Name,სახელი
აბრანტეში,ა,City,ქალაქი
აბრეასი,ა,City,ქალაქი
აბრეუსი,ა,City,ქალაქი
აბრეშუმა,ა,Plant,მცენარე
აბრიკოტი,ა,City,ქალაქი
აბსენთი,ა,Food,საკვები
აბუ დაბი,ა,City,ქალაქი
აბუ თიგი,ა,City,ქალაქი
აბუ სამრა,ა,City,ქალაქი
აბუ სიმბალი,ა,City,ქალაქი
აბუ ქამალი,ა,City,ქალაქი
აბუ ქირქასი,ა,City,ქალაქი
აბუ-დაბი,ა,City,ქალაქი
აბუ-ზაბადი,ა,City,ქალაქი
აბუ-თიგი,ა,City,ქალაქი
აბუ-სიმბალი,ა,City,ქალაქი
აბუ-ქამალი,ა,City,ქალაქი
აბუ-ქირქასი,ა,City,ქალაქი
აბუ-ღაუში,ა,City,ქალაქი
აბუ-ღურაიბი,ა,City,ქალაქი
აბუ-ჯუბაიჰა,ა,City,ქალაქი
აბუდაბი,ა,City,ქალაქი
აბუთიგი,ა,City,ქალაქი
აბულა,ა,Name,სახელი
აბუნა,ა,River,მდინარე
აბური,ა,City,ქალაქი
აბუსალათინი,ა,Plant,მცენარე
აბუსიმბალი,ა,City,ქალაქი
აბუქამალი,ა,City,ქალაქი
აბუქირქასი,ა,City,ქალაქი
აბუჯა,ა,City,ქალაქი
აბჰა,ა,City,ქალაქი
აბჰაინაგარი,ა,City,ქალაქი
აგაბო,ა,Name,სახელი
აგადესი,ა,City,ქალაქი
აგადირი,ა,City,ქალაქი
აგავა,ა,Plant,მცენარე
აგათა,ა,Film,ფილმი
აგათა კრისტის პუარო,ა,Film,ფილმი
აგათონიკე,ა,Name,სახელი
აგარა,ა,City,ქალაქი
აგარაკი,ა,City,ქალაქი
აგარაქი,ა,City,ქალაქი
აგარო,ა,City,ქალაქი
აგდამი,ა,City,ქალაქი
აგდარა,ა,City,ქალაქი
აგდასი,ა,City,ქალაქი
აგედა,ა,City,ქალაქი
აგენტი,ა,Film,ფილმი
აგენტი კარტერი,ა,Film,ფილმი
აგეო,ა,City,ქალაქი
აგვისტო,ა,Film,ფილმი
აგვისტო ოსეიჯის ოლქი,ა,Film,ფილმი
აგვისტო: ოსეიჯის ოლქი,ა,Film,ფილმი
აგვისტოს,ა,Film,ფილმი
აგვისტოს 5 დღე,ა,Film,ფილმი
აგვისტოს რაფსოდია,ა,Film,ფილმი
აგიე,ა,City,ქალაქი
აგილიარესი,ა,City,ქალაქი
აგნესა,ა,Name,სახელი
აგოგო,ა,City,ქალაქი
აგორა,ა,Film,ფილმი
აგრა,ა,City,ქალაქი
აგრაფინა,ა,Name,სახელი
აგრაფიოტისი,ა,River,მდინარე
აგრე მარიამი,ა,City,ქალაქი
აგრინიონი,ა,City,ქალაქი
აგრიჯენტო,ა,City,ქალაქი
აგროსი,ა,City,ქალაქი
აგსტაფა,ა,City,ქალაქი
აგსუ,ა,City,ქალაქი
აგუ,ა,River,მდინარე
აგუა ბლანკა სური,ა,City,ქალაქი
აგუა ბუენა,ა,City,ქალაქი
აგუა ფრია,ა,City,ქალაქი
აგუა-ბუენა,ა,City,ქალაქი
აგუაბუენა,ა,City,ქალაქი
აგუადა დე პასახეროსი,ა,City,ქალაქი
აგუადა-დე-პასახეროსი,ა,City,ქალაქი
აგუადადეპასახეროსი,ა,City,ქალაქი
აგუადულსე,ა,City,ქალაქი
აგუალვა კასენი,ა,City,ქალაქი
აგუალვა-კასენი,ა,City,ქალაქი
აგუალვაკასენი,ა,City,ქალაქი
აგუაპანელა,ა,Food,საკვები
აგუას კალიენტესი,ა,City,ქალაქი
აგუას-კალიენტესი,ა,City,ქალაქი
აგუასკალიენტესი,ა,City,ქალაქი
აგუაშ-სანტაში,ა,City,ქალაქი
აგული,ა,Name,სახელი
აგუნა,ა,Name,სახელი
აგჩაბადი,ა,City,ქალაქი
ად-დაბა,ა,City,ქალაქი
ად-დამაზინი,ა,City,ქალაქი
ად-დამარი,ა,City,ქალაქი
ად-დასმა,ა,City,ქალაქი
ად-დინდარი,ა,City,ქალაქი
ად-დუვაიმი,ა,City,ქალაქი
ადა,ა,River,მდინარე
ადამ,ა,Name,სახელი
ადამა,ა,City,ქალაქი
ადამი,ა,City,ქალაქი
ადამიანთა,ა,Film,ფილმი
ადამიანთა სევდა,ა,Film,ფილმი
ადამიანი,ა,Film,ფილმი
ადამიანი ამფიბია,ა,Film,ფილმი
ადამიანი ობობა,ა,Film,ფილმი
ადამიანი ობობა დაბრუნება,ა,Film,ფილმი
ადამიანი ობობა სამყაროს,ა,Film,ფილმი
ადამიანი ობობა სამყაროს მიღმა,ა,Film,ფილმი
ადამიანი ობობა სახლიდან,ა,Film,ფილმი
ადამიანი ობობა სახლიდან შორს,ა,Film,ფილმი
ადამიანი ობობა: დაბრუნება,ა,Film,ფილმი
ადამიანი ობობა: სამყაროს მიღმა,ა,Film,ფილმი
ადამიანი ობობა: სახლიდან შორს,ა,Film,ფილმი
ადამიანი ომეგა,ა,Film,ფილმი
ადამიანი ჩიტი,ა,Film,ფილმი
ადამიანი-სპილო,ა,Film,ფილმი
ადამიანი-ჭიანჭველა,ა,Film,ფილმი
ადამიანი-ჭიანჭველა და ბზიკი,ა,Film,ფილმი
ადამსი,ა,River,მდინარე
ადამსტაუნი,ა,City,ქალაქი
ადანა,ა,City,ქალაქი
ადანგე,ა,River,მდინარე
ადაფაზარი,ა,City,ქალაქი
ადგილები,ა,Film,ფილმი
ადგილები გულში,ა,Film,ფილმი
ადგილი,ა,Film,ფილმი
ადგილი მზეზე,ა,Film,ფილმი
ადელაიდა,ა,River,მდინარე
ადელაიდი,ა,City,ქალაქი
ადელაინის,ა,Film,ფილმი
ადელაინის ასაკი,ა,Film,ფილმი
ადელის,ა,Film,ფილმი
ადელის ცხოვრება,ა,Film,ფილმი
ადენი,ა,City,ქალაქი
ადეტ,ა,City,ქალაქი
ადი კეიხი,ა,City,ქალაქი
ადიამანი,ა,City,ქალაქი
ადიგენი,ა,City,ქალაქი
ადივერნა,ა,City,ქალაქი
ადილა,ა,Name,სახელი
ადილარ,ა,Name,სახელი
ადილსუ,ა,River,მდინარე
ადირ,ა,City,ქალაქი
ადირი,ა,City,ქალაქი
ადის აბაბა,ა,City,ქალაქი
ადის აბება,ა,City,ქალაქი
ადის ალემ,ა,City,ქალაქი
ადის ზემენი,ა,City,ქალაქი
ადის-აბება,ა,City,ქალაქი
ადისაბება,ა,City,ქალაქი
ადიშჭალა,ა,River,მდინარე
ადიჯე,ა,River,მდინარე
ადლისვილი,ა,City,ქალაქი
ადოლა,ა,Name,სახელი
ადრასკანი,ა,City,ქალაქი
ადრასმონი,ა,City,ქალაქი
ადრე,ა,City,ქალაქი
ადრიანე,ა,Name,სახელი
ადური,ა,River,მდინარე
აერონი,ა,River,მდინარე
ავადჰარა,ა,River,მდინარე
ავაზა,ა,Animal,ცხოველი
ავამორი,ა,Food,საკვები
ავანისხევი,ა,River,მდინარე
ავაო,ა,City,ქალაქი
ავარიის ყოისუ,ა,River,მდინარე
ავარუა,ა,City,ქალაქი
ავასა,ა,City,ქალაქი
ავატა,ა,City,ქალაქი
ავატარი,ა,Film,ფილმი
ავბარი,ა,City,ქალაქი
ავგორო,ა,City,ქალაქი
ავეილი,ა,City,ქალაქი
ავეირუ,ა,City,ქალაქი
ავესტა,ა,City,ქალაქი
ავთანდილ,ა,Name,სახელი
ავთანდილი,ა,Name,სახელი
ავთო,ა,Name,სახელი
ავია,ა,River,მდინარე
ავიატორი,ა,Film,ფილმი
ავილესი,ა,City,ქალაქი
ავინიონი,ა,City,ქალაქი
ავკა,ა,City,ქალაქი
ავოკადო,ა,Plant,მცენარე
ავორიაზი,ა,City,ქალაქი
ავრორა,ა,Film,ფილმი
ავსტრალია,ა,Country,ქვეყანა
ავსტრალიის კავშირი,ა,Country,ქვეყანა
ავსტრალიური,ა,Food,საკვები
ავსტრალიური ღვინო,ა,Food,საკვები
ავსტრია,ა,Country,ქვეყანა
ავსტრიის რესპუბლიკა,ა,Country,ქვეყანა
ავსშ,ა,City,ქალაქი
ავტოპორტრეტი,ა,Film,ფილმი
ავტორი,ა,Film,ფილმი
ავტორი ავტორი,ა,Film,ფილმი
ავტორი! ავტორი,ა,Film,ფილმი
ავტოფარეხი,ა,Film,ფილმი
ავქსენტი,ა,Name,სახელი
ავღანეთი,ა,Country,ქვეყანა
ავღანეთის ისლამური რესპუბლიკა,ა,Country,ქვეყანა
ავშარი,ა,City,ქალაქი
ავჯილა,ა,City,ქალაქი
აზ-ზავრი,ა,City,ქალაქი
აზ-ზუბაირი,ა,City,ქალაქი
აზ-ზუვაიტინა,ა,City,ქალაქი
აზა,ა,Name,სახელი
აზაბა,ა,City,ქალაქი
აზაზი,ა,City,ქალაქი
აზაკუალპა,ა,City,ქალაქი
აზალია,ა,Plant,მცენარე
აზარე,ა,City,ქალაქი
აზარია,ა,Name,სახელი
აზატანი,ა,City,ქალაქი
აზატი,ა,River,მდინარე
აზემური,ა,City,ქალაქი
აზერბაიჯანი,ა,Country,ქვეყანა
აზერბაიჯანის რესპუბლიკა,ა,Country,ქვეყანა
აზერბაიჯანული,ა,Food,საკვები
აზერბაიჯანული ფახლავა,ა,Food,საკვები
აზერბაიჯანული ღვინო,ა,Food,საკვები
აზერბაიჯანული ჩაი,ა,Food,საკვები
აზერბაიჯანული ჩაის კულტურა,ა,Food,საკვები
აზიარი,ა,City,ქალაქი
აზოგესი,ა,City,ქალაქი
აზორი,ა,City,ქალაქი
აზრუ,ა,City,ქალაქი
ათ ხვაჯე,ა,City,ქალაქი
ათ-ბაში,ა,River,მდინარე
ათაი,ა,City,ქალაქი
ათანასე,ა,Name,სახელი
ათასი,ა,Film,ფილმი
ათასი კლოუნი,ა,Film,ფილმი
ათასის,ა,Film,ფილმი
ათასის ფასად,ა,Film,ფილმი
ათასუ,ა,City,ქალაქი
ათბასარი,ა,City,ქალაქი
ათენი,ა,City,ქალაქი
ათი პატარა ზანგი,ა,Film,ფილმი
ათი რივერი,ა,City,ქალაქი
ათიენო,ა,City,ქალაქი
ათლიგი,ა,City,ქალაქი
ათლონი,ა,City,ქალაქი
ათნა,ა,City,ქალაქი
ათრაქი,ა,River,მდინარე
ათრევა,ა,River,მდინარე
აი,ა,City,ქალაქი
აია,ა,Name,სახელი
აია ვარვარა,ა,City,ქალაქი
აია ნაპა,ა,City,ქალაქი
აია პარასკევი,ა,City,ქალაქი
აია-ნაპა,ა,City,ქალაქი
აიავირი,ა,City,ქალაქი
აიაკოზი,ა,City,ქალაქი
აიაკუჩო,ა,City,ქალაქი
აიან-იურიახი,ა,River,მდინარე
აიანაპა,ა,City,ქალაქი
აიანგ-ნი,ა,City,ქალაქი
აიაქოზი,ა,River,მდინარე
აიაჩო,ა,City,ქალაქი
აიგავანი,ა,City,ქალაქი
აიგალეო,ა,City,ქალაქი
აიგეზარდი,ა,City,ქალაქი
აიგეჰოვიტი,ა,City,ქალაქი
აიგიონი,ა,City,ქალაქი
აიგუა,ა,City,ქალაქი
აიდარი,ა,River,მდინარე
აიდინი,ა,City,ქალაქი
აიდოვშჩინა,ა,City,ქალაქი
აიდუნი,ა,City,ქალაქი
აიენე,ა,City,ქალაქი
აივალიქი,ა,City,ქალაქი
აივიექსტე,ა,River,მდინარე
აიზენახი,ა,City,ქალაქი
აიზენერცი,ა,City,ქალაქი
აიზენშტადტი,ა,City,ქალაქი
აიზკრაუკლე,ა,City,ქალაქი
აიზპუტე,ა,City,ქალაქი
აით ბენ ჰადუ,ა,City,ქალაქი
აით-ბენ-ჰადუ,ა,City,ქალაქი
აითბენჰადუ,ა,City,ქალაქი
აიია ნაპა,ა,City,ქალაქი
აიიოს ტიხონა,ა,City,ქალაქი
აიკა,ა,City,ქალაქი
აილიგანდი,ა,City,ქალაქი
აინ ალ ბაიდა,ა,City,ქალაქი
აინ ალ თინა,ა,City,ქალაქი
აინ ალ შარკია,ა,City,ქალაქი
აინ ბეიდა,ა,City,ქალაქი
აინ ელ არაბი,ა,City,ქალაქი
აინ ელ ჰაჯელი,ა,City,ქალაქი
აინ ოუსერა,ა,City,ქალაქი
აინ სეფრა,ა,City,ქალაქი
აინ სუხნა,ა,City,ქალაქი
აინ ტუტა,ა,City,ქალაქი
აინ ფაკრუანი,ა,City,ქალაქი
აინ შიკაკი,ა,City,ქალაქი
აინ-ალ-ბაიდა,ა,City,ქალაქი
აინ-ალ-თინა,ა,City,ქალაქი
აინ-ალ-შარკია,ა,City,ქალაქი
აინ-ებელი,ა,City,ქალაქი
აინ-ელ-არაბი,ა,City,ქალაქი
აინ-სუხნა,ა,City,ქალაქი
აინ-შიკაკი,ა,City,ქალაქი
აინ-ჯანა,ა,City,ქალაქი
აინალბაიდა,ა,City,ქალაქი
აინალთინა,ა,City,ქალაქი
აინალშარკია,ა,City,ქალაქი
აინაჟი,ა,City,ქალაქი
აინბეკი,ა,City,ქალაქი
აინელარაბი,ა,City,ქალაქი
აინზიდელნი,ა,City,ქალაქი
აინი,ა,City,ქალაქი
აინსუხნა,ა,City,ქალაქი
აინშიკაკი,ა,City,ქალაქი
აიოლასი,ა,City,ქალაქი
აიორუ,ა,City,ქალაქი
აირ კერუჰი,ა,City,ქალაქი
აირაი,ა,City,ქალაქი
აირანი,ა,Food,საკვები
აირდრი,ა,City,ქალაქი
აირისი,ა,Film,ფილმი
აირუმი,ა,City,ქალაქი
აისაი,ა,City,ქალაქი
აისი,ა,Film,ფილმი
აისი ორი ადამიანის,ა,Film,ფილმი
აისი ორი ადამიანის სიმღერა,ა,Film,ფილმი
აისი: ორი ადამიანის სიმღერა,ა,Film,ფილმი
აისლებენი,ა,City,ქალაქი
აიტაპე,ა,City,ქალაქი
აიტოსი,ა,City,ქალაქი
აიუდი,ა,City,ქალაქი
აიუტუკსტეპეკე,ა,City,ქალაქი
აიშამპლე,ა,City,ქალაქი
აიშე,ა,Name,სახელი
აიშენი,ა,City,ქალაქი
აკაა,ა,City,ქალაქი
აკააი,ა,City,ქალაქი
აკაბა,ა,City,ქალაქი
აკაკი,ა,City,ქალაქი
აკაკი წერეთლის მოგზაურობა,ა,Film,ფილმი
აკაკი წერეთლის მოგზაურობა რაჭა-ლეჩხუმში,ა,Film,ფილმი
აკაკის,ა,Film,ფილმი
აკაკის აკვანი,ა,Film,ფილმი
აკანი,ა,River,მდინარე
აკაპონეტა,ა,River,მდინარე
აკაპულკო,ა,City,ქალაქი
აკაპულკო-დე-ხუარესი,ა,City,ქალაქი
აკარიგუა,ა,City,ქალაქი
აკატარავა,ა,River,მდინარე
აკატონე,ა,Film,ფილმი
აკაში,ა,City,ქალაქი
აკაცია,ა,Plant,მცენარე
აკაციის,ა,Film,ფილმი
აკაციის ყვავილობა,ა,Film,ფილმი
აკაჯუტლა,ა,City,ქალაქი
აკბუ,ა,City,ქალაქი
აკდეპე,ა,City,ქალაქი
აკერსბერგა,ა,City,ქალაქი
აკეტი,ა,City,ქალაქი
აკვავიტი,ა,Food,საკვები
აკვამენი,ა,Film,ფილმი
აკვარელი,ა,Film,ფილმი
აკვატია,ა,City,ქალაქი
აკვილია,ა,City,ქალაქი
აკიაბი,ა,City,ქალაქი
აკიმ სვედრუ,ა,City,ქალაქი
აკინ,ა,City,ქალაქი
აკიტა,ა,City,ქალაქი
აკიტიო,ა,River,მდინარე
აკმენე,ა,City,ქალაქი
აკმიანე,ა,City,ქალაქი
აკნისტე,ა,City,ქალაქი
აკო,ა,City,ქალაქი
აკოიაპა,ა,City,ქალაქი
აკოლა,ა,City,ქალაქი
აკომ II,ა,City,ქალაქი
აკონიბე,ა,City,ქალაქი
აკონოლინგა,ა,City,ქალაქი
აკოცე,ა,Film,ფილმი
აკოცე გოგონებს,ა,Film,ფილმი
აკრა,ა,City,ქალაქი
აკრანესი,ა,City,ქალაქი
აკროპონგი,ა,City,ქალაქი
აკროტირი,ა,City,ქალაქი
აკრძალული ქალაქი,ა,City,ქალაქი
აკუდა,ა,City,ქალაქი
აკულ დუ ნორდი,ა,City,ქალაქი
აკურდეთ,ა,City,ქალაქი
აკურე,ა,City,ქალაქი
აკურეირი,ა,City,ქალაქი
აკურენამ,ა,City,ქალაქი
აკურისხევი,ა,River,მდინარე
აკუშოსხევი,ა,River,მდინარე
ალ აინი,ა,City,ქალაქი
ალ აშარა,ა,City,ქალაქი
ალ ბაჰა,ა,City,ქალაქი
ალ ბაჰლულია,ა,City,ქალაქი
ალ ბუსეირა,ა,City,ქალაქი
ალ დალია,ა,City,ქალაქი
ალ დივანია,ა,City,ქალაქი
ალ ზუბაირი,ა,City,ქალაქი
ალ თაბნი,ა,City,ქალაქი
ალ თიფლისი,ა,City,ქალაქი
ალ კუტეილიბია,ა,City,ქალაქი
ალ მასმია,ა,City,ქალაქი
ალ მოჰარრაქი,ა,City,ქალაქი
ალ მუსეიფირა,ა,City,ქალაქი
ალ მუჰასანი,ა,City,ქალაქი
ალ სური,ა,City,ქალაქი
ალ ფახურა,ა,City,ქალაქი
ალ ფუჯაირა,ა,City,ქალაქი
ალ ქასრა,ა,City,ქალაქი
ალ შაჯარა,ა,City,ქალაქი
ალ შეიხ მასქინი,ა,City,ქალაქი
ალ შიჰრი,ა,City,ქალაქი
ალ ჯალა,ა,City,ქალაქი
ალ ჯიზა,ა,City,ქალაქი
ალ ჰადდ,ა,City,ქალაქი
ალ ჰირაქი,ა,City,ქალაქი
ალ-`ალია,ა,City,ქალაქი
ალ-`აქურია,ა,City,ქალაქი
ალ-აბიარი,ა,City,ქალაქი
ალ-აზიზია,ა,City,ქალაქი
ალ-აინი,ა,City,ქალაქი
ალ-ამარა,ა,City,ქალაქი
ალ-აქაბა,ა,City,ქალაქი
ალ-აშარა,ა,City,ქალაქი
ალ-ბაკალიტა,ა,City,ქალაქი
ალ-ბასრა,ა,City,ქალაქი
ალ-ბასრა ალ-ყადიმა,ა,City,ქალაქი
ალ-ბაუგა,ა,City,ქალაქი
ალ-ბაჰა,ა,City,ქალაქი
ალ-ბაჰლულია,ა,City,ქალაქი
ალ-ბუნაიათ აშ-შამალია,ა,City,ქალაქი
ალ-ბურაიმი,ა,City,ქალაქი
ალ-ბურაიქა,ა,City,ქალაქი
ალ-ბუსეირა,ა,City,ქალაქი
ალ-დალია,ა,City,ქალაქი
ალ-დივანია,ა,City,ქალაქი
ალ-ვაკრა,ა,City,ქალაქი
ალ-ვარდანი,ა,City,ქალაქი
ალ-ვაფრა,ა,City,ქალაქი
ალ-ვუკაირი,ა,City,ქალაქი
ალ-ზუბაირი,ა,City,ქალაქი
ალ-თაბნი,ა,City,ქალაქი
ალ-თიფლისი,ა,City,ქალაქი
ალ-კავა,ა,City,ქალაქი
ალ-კარამა,ა,City,ქალაქი
ალ-კარიბი,ა,City,ქალაქი
ალ-კარმადა,ა,City,ქალაქი
ალ-კერეიმეტი,ა,City,ქალაქი
ალ-კიტა,ა,City,ქალაქი
ალ-კუტეილიბია,ა,City,ქალაქი
ალ-კუტი,ა,City,ქალაქი
ალ-ლაგოვა,ა,City,ქალაქი
ალ-მაზარი,ა,City,ქალაქი
ალ-მანაკილი,ა,City,ქალაქი
ალ-მანქაფი,ა,City,ქალაქი
ალ-მარჯი,ა,City,ქალაქი
ალ-მასმია,ა,City,ქალაქი
ალ-მაუსილ ალ-ჯადიდი,ა,City,ქალაქი
ალ-მაფრაკი,ა,City,ქალაქი
ალ-მაჯარ ალ-ქაბირი,ა,City,ქალაქი
ალ-მაჰბულა,ა,City,ქალაქი
ალ-მეტლაუი,ა,City,ქალაქი
ალ-მიყდადია,ა,City,ქალაქი
ალ-მიშხაბი,ა,City,ქალაქი
ალ-მიჯლადი,ა,City,ქალაქი
ალ-მუკალა,ა,City,ქალაქი
ალ-მუსაიიბი,ა,City,ქალაქი
ალ-მუსალამია,ა,City,ქალაქი
ალ-მუსეიფირა,ა,City,ქალაქი
ალ-მუჰასანი,ა,City,ქალაქი
ალ-სური,ა,City,ქალაქი
ალ-უბაიიდი,ა,City,ქალაქი
ალ-ფავი,ა,City,ქალაქი
ალ-ფალუჯა,ა,City,ქალაქი
ალ-ფარვანია,ა,City,ქალაქი
ალ-ფაშირი,ა,City,ქალაქი
ალ-ფახურა,ა,City,ქალაქი
ალ-ფინტასი,ა,City,ქალაქი
ალ-ფულა,ა,City,ქალაქი
ალ-ფუნაიტისი,ა,City,ქალაქი
ალ-ფუჯაირა,ა,City,ქალაქი
ალ-ფუჰაიჰილი,ა,City,ქალაქი
ალ-ქაბილი,ა,City,ქალაქი
ალ-ქასრა,ა,City,ქალაქი
ალ-ღუვაირია,ა,City,ქალაქი
ალ-ყასიმი,ა,City,ქალაქი
ალ-ყასრი,ა,City,ქალაქი
ალ-ყუბა,ა,City,ქალაქი
ალ-ყუვაირა,ა,City,ქალაქი
ალ-ყუვაისიმა,ა,City,ქალაქი
ალ-ყუტაინა,ა,City,ქალაქი
ალ-შაჯარა,ა,City,ქალაქი
ალ-შეიხ-მასქინი,ა,City,ქალაქი
ალ-შიჰრი,ა,City,ქალაქი
ალ-ხაბურა,ა,City,ქალაქი
ალ-ხალისი,ა,City,ქალაქი
ალ-ხარარა,ა,City,ქალაქი
ალ-ხილა,ა,City,ქალაქი
ალ-ხორი,ა,City,ქალაქი
ალ-ხუმსი,ა,City,ქალაქი
ალ-ჯადიდი,ა,City,ქალაქი
ალ-ჯალა,ა,City,ქალაქი
ალ-ჯაფრი,ა,City,ქალაქი
ალ-ჯიზა,ა,City,ქალაქი
ალ-ჯუბაიჰა,ა,City,ქალაქი
ალ-ჯუმეილია,ა,City,ქალაქი
ალ-ჯუნაინა,ა,City,ქალაქი
ალ-ჰავატა,ა,City,ქალაქი
ალ-ჰაი,ა,City,ქალაქი
ალ-ჰარითა,ა,City,ქალაქი
ალ-ჰასაჰისა,ა,City,ქალაქი
ალ-ჰილალია,ა,City,ქალაქი
ალ-ჰინდია,ა,City,ქალაქი
ალ-ჰირაქი,ა,City,ქალაქი
ალ-ჰუდეიდა,ა,City,ქალაქი
ალა,ა,Name,სახელი
ალა-არჩა,ა,River,მდინარე
ალაბუღა,ა,River,მდინარე
ალაგონი,ა,River,მდინარე
ალადა,ა,City,ქალაქი
ალადინი,ა,Film,ფილმი
ალავერდი,ა,City,ქალაქი
ალავერდობა,ა,Film,ფილმი
ალაზანი,ა,River,მდინარე
ალაზეა,ა,River,მდინარე
ალაიიარვი,ა,City,ქალაქი
ალაილი დადდა,ა,City,ქალაქი
ალაინი,ა,City,ქალაქი
ალაკანტე,ა,City,ქალაქი
ალაკეჰდარი დეე-შუ,ა,City,ქალაქი
ალალე,ა,Name,სახელი
ალამბრა,ა,City,ქალაქი
ალანდის კუნძულები,ა,Country,ქვეყანა
ალანია,ა,City,ქალაქი
ალანხე,ა,City,ქალაქი
ალაო,ა,Plant,მცენარე
ალარსასი,ა,City,ქალაქი
ალაუსი,ა,City,ქალაქი
ალაშანქოუ,ა,City,ქალაქი
ალაშარა,ა,City,ქალაქი
ალახუელა,ა,City,ქალაქი
ალახუელიტა,ა,City,ქალაქი
ალაჰაბადი,ა,City,ქალაქი
ალბა იულია,ა,City,ქალაქი
ალბა-იულია,ა,City,ქალაქი
ალბაიულია,ა,City,ქალაქი
ალბანეთი,ა,Country,ქვეყანა
ალბანეთის,ა,Film,ფილმი
ალბანეთის დიადი მეომარი,ა,Film,ფილმი
ალბანეთის დიადი მეომარი სკანდერბეგი,ა,Film,ფილმი
ალბანეთის რესპუბლიკა,ა,Country,ქვეყანა
ალბანი,ა,City,ქალაქი
ალბასეტე,ა,City,ქალაქი
ალბატროსი,ა,Animal,ცხოველი
ალბაჰა,ა,City,ქალაქი
ალბაჰლულია,ა,City,ქალაქი
ალბერობელო,ა,City,ქალაქი
ალბერტ თაუნი,ა,City,ქალაქი
ალბერტსლუნდი,ა,City,ქალაქი
ალბერტსლუნი,ა,City,ქალაქი
ალბინა,ა,City,ქალაქი
ალბიონი,ა,City,ქალაქი
ალბისრიდენი,ა,City,ქალაქი
ალბომის,ა,Film,ფილმი
ალბუკერკე,ა,City,ქალაქი
ალბულა,ა,River,მდინარე
ალბური,ა,City,ქალაქი
ალბუსეირა,ა,City,ქალაქი
ალბუფეირა,ა,City,ქალაქი
ალგეთი,ა,River,მდინარე
ალგორტა,ა,City,ქალაქი
ალდალია,ა,City,ქალაქი
ალდანი,ა,City,ქალაქი
ალდეპრეტე,ა,City,ქალაქი
ალდივანია,ა,City,ქალაქი
ალეთრიკო,ა,City,ქალაქი
ალეკო,ა,Name,სახელი
ალენი,ა,River,მდინარე
ალეპო,ა,City,ქალაქი
ალერტა,ა,City,ქალაქი
ალესანდრია,ა,City,ქალაქი
ალესილი,ა,Film,ფილმი
ალესილი დანა,ა,Film,ფილმი
ალესილი კეპები,ა,Film,ფილმი
ალეურა,ა,River,მდინარე
ალექსანდრა,ა,Name,სახელი
ალექსანდრე,ა,Name,სახელი
ალექსანდრია,ა,City,ქალაქი
ალექსანდრუპოლისი,ა,City,ქალაქი
ალექსი,ა,Name,სახელი
ალვერკა დუ რიბატეჟუ,ა,City,ქალაქი
ალვერკა-დუ-რიბატეჟუ,ა,City,ქალაქი
ალვერკადურიბატეჟუ,ა,City,ქალაქი
ალვის ხე,ა,Plant,მცენარე
ალზუბაირი,ა,City,ქალაქი
ალთაბნი,ა,City,ქალაქი
ალთაი,ა,City,ქალაქი
ალთიფლისი,ა,City,ქალაქი
ალთმუნსტერი,ა,City,ქალაქი
ალი,ა,Name,სახელი
ალი ალ-ღარბი,ა,City,ქალაქი
ალი ბაბა,ა,Film,ფილმი
ალი ბაბა და 40 ყაჩაღი,ა,Film,ფილმი
ალი ბაირამლი,ა,City,ქალაქი
ალი და ნინო,ა,Film,ფილმი
ალი საბიე,ა,City,ქალაქი
ალი-საბიე,ა,City,ქალაქი
ალიაბადი,ა,City,ქალაქი
ალიაკმონი,ა,River,მდინარე
ალიბუხარი,ა,Plant,მცენარე
ალიგარჰი,ა,City,ქალაქი
ალიგატორ პონდი,ა,City,ქალაქი
ალიგატორი,ა,Animal,ცხოველი
ალიე,ა,River,მდინარე
ალივალ-ნორთი,ა,City,ქალაქი
ალიკა,ა,Name,სახელი
ალიმოსი,ა,City,ქალაქი
ალინგსოსი,ა,City,ქალაქი
ალინდაო,ა,City,ქალაქი
ალიო,ა,Name,სახელი
ალიონის,ა,Film,ფილმი
ალიონის ელჩი,ა,Film,ფილმი
ალის სპრინგსი,ა,City,ქალაქი
ალისა,ა,Name,სახელი
ალისა საოცრებათა ქვეყანაში,ა,Film,ფილმი
ალისაბიე,ა,City,ქალაქი
ალისფერი,ა,Film,ფილმი
ალისფერი იალქნები,ა,Film,ფილმი
ალისფერი ღორი,ა,Film,ფილმი
ალიტუსი,ა,City,ქალაქი
ალიყური,ა,Film,ფილმი
ალიხევი,ა,River,მდინარე
ალკაბიდეშე,ა,City,ქალაქი
ალკალა დე ენარესი,ა,City,ქალაქი
ალკალა-დე-ენარესი,ა,City,ქალაქი
ალკალადეენარესი,ა,City,ქალაქი
ალკალდე დიასი,ა,City,ქალაქი
ალკალდე-დიასი,ა,City,ქალაქი
ალკალდედიასი,ა,City,ქალაქი
ალკასერ დუ სალი,ა,City,ქალაქი
ალკასერ-დუ-სალი,ა,City,ქალაქი
ალკასერდუსალი,ა,City,ქალაქი
ალკიზარი,ა,City,ქალაქი
ალკისარი,ა,City,ქალაქი
ალკმაარი,ა,City,ქალაქი
ალკობასა,ა,City,ქალაქი
ალკობენდასი,ა,City,ქალაქი
ალკოპოპი,ა,Food,საკვები
ალკორკონი,ა,City,ქალაქი
ალკოჰოლი,ა,Food,საკვები
ალკოჰოლი რუსეთში,ა,Food,საკვები
ალკოჰოლიზმი,ა,Food,საკვები
ალკოჰოლური,ა,Food,საკვები
ალკოჰოლური დელირიუმი,ა,Food,საკვები
ალკოჰოლური სასმელი,ა,Food,საკვები
ალკუტეილიბია,ა,City,ქალაქი
ალმა,ა,City,ქალაქი
ალმადა,ა,City,ქალაქი
ალმათი,ა,City,ქალაქი
ალმასები,ა,Film,ფილმი
ალმასები სამუდამოდ,ა,Film,ფილმი
ალმასმია,ა,City,ქალაქი
ალმასხან,ა,Name,სახელი
ალმეირინი,ა,City,ქალაქი
ალმელო,ა,City,ქალაქი
ალმენდარესი,ა,River,მდინარე
ალმერე,ა,City,ქალაქი
ალმერია,ა,City,ქალაქი
ალმირანტე,ა,City,ქალაქი
ალმოდებული,ა,Film,ფილმი
ალმუსეიფირა,ა,City,ქალაქი
ალმუჰასანი,ა,City,ქალაქი
ალოე,ა,Plant,მცენარე
ალოე ვერა,ა,Plant,მცენარე
ალოია,ა,City,ქალაქი
ალორ სეტარი,ა,City,ქალაქი
ალოტენანგო,ა,City,ქალაქი
ალოფი,ა,City,ქალაქი
ალპაკა,ა,Animal,ცხოველი
ალჟეში,ა,City,ქალაქი
ალჟირი,ა,Country,ქვეყანა
ალჟირის სახალხო დემოკრატიული რესპუბლიკა,ა,Country,ქვეყანა
ალსტერ სპრინგი,ა,City,ქალაქი
ალსური,ა,City,ქალაქი
ალტ-ვიდიკონი,ა,City,ქალაქი
ალტა გრასია,ა,City,ქალაქი
ალტაგრასია,ა,City,ქალაქი
ალტამურა,ა,City,ქალაქი
ალტდორფი,ა,City,ქალაქი
ალტო დე ლა ესტანსია,ა,City,ქალაქი
ალტო-დე-ლა-ესტანსია,ა,City,ქალაქი
ალტო-დელ-ესპინო,ა,City,ქალაქი
ალტოდელაესტანსია,ა,City,ქალაქი
ალტოსი,ა,City,ქალაქი
ალტშტეტენი,ა,City,ქალაქი
ალუბალი,ა,Plant,მცენარე
ალუბლების,ა,Film,ფილმი
ალუბლების ქუჩა,ა,Film,ფილმი
ალუბლების ქუჩა 12,ა,Film,ფილმი
ალუბლის,ა,Film,ფილმი
ალუბლის გემო,ა,Film,ფილმი
ალუდა,ა,Name,სახელი
ალუკსნე,ა,City,ქალაქი
ალულა,ა,City,ქალაქი
ალუქსნე,ა,City,ქალაქი
ალუჩა,ა,Plant,მცენარე
ალფა,ა,Film,ფილმი
ალფა და ომეგა,ა,Film,ფილმი
ალფახურა,ა,City,ქალაქი
ალფენ-ან-დენ-რეინი,ა,City,ქალაქი
ალფეოსი,ა,River,მდინარე
ალფრედი,ა,River,მდინარე
ალფრედო ბაკერიზო მორენო,ა,City,ქალაქი
ალფუჯაირა,ა,City,ქალაქი
ალქასრა,ა,City,ქალაქი
ალქიმიკოსის,ა,Film,ფილმი
ალქიმიკოსის ჰალუცინაციები,ა,Film,ფილმი
ალყა,ა,Film,ფილმი
ალშაჯარა,ა,City,ქალაქი
ალშეიხმასქინი,ა,City,ქალაქი
ალშვილი,ა,City,ქალაქი
ალშიჰრი,ა,City,ქალაქი
ალცინგენი,ა,City,ქალაქი
ალჯალა,ა,City,ქალაქი
ალჯიზა,ა,City,ქალაქი
ალჯირი,ა,City,ქალაქი
ალჰესირასი,ა,City,ქალაქი
ალჰირაქი,ა,City,ქალაქი
ამ ტიმანი,ა,City,ქალაქი
ამა,ა,City,ქალაქი
ამაგასაკი,ა,City,ქალაქი
ამადეუსი,ა,Film,ფილმი
ამადორა,ა,City,ქალაქი
ამაზონი,ა,River,მდინარე
ამაიგბო,ა,City,ქალაქი
ამალიასი,ა,City,ქალაქი
ამამლოსწყალი,ა,River,მდინარე
ამანი,ა,City,ქალაქი
ამანსიო,ა,City,ქალაქი
ამაოების,ა,Film,ფილმი
ამაოების ბაზარი,ა,Film,ფილმი
ამარანტე,ა,City,ქალაქი
ამარკორდი,ა,Film,ფილმი
ამარუსიონი,ა,City,ქალაქი
ამასია,ა,City,ქალაქი
ამატიტლანი,ა,City,ქალაქი
ამაური,ა,City,ქალაქი
ამაღლება,ა,Film,ფილმი
ამბავი,ა,Film,ფილმი
ამბავი აფხაზი ჭაბუკისა,ა,Film,ფილმი
ამბავი ერთი ქალიშვილისა,ა,Film,ფილმი
ამბავი სურამის ციხისა,ა,Film,ფილმი
ამბაკო,ა,Name,სახელი
ამბალავაო,ა,City,ქალაქი
ამბალანგოდა,ა,City,ქალაქი
ამბამი,ა,City,ქალაქი
ამბანჯა,ა,City,ქალაქი
ამბასა,ა,Food,საკვები
ამბატო,ა,City,ქალაქი
ამბატო ბოენი,ა,City,ქალაქი
ამბატოლამპი,ა,City,ქალაქი
ამბატონდრაზაკა,ა,City,ქალაქი
ამბატოფინანდრაჰანა,ა,City,ქალაქი
ამბერკი,ა,Name,სახელი
ამბერლი,ა,City,ქალაქი
ამბილობე,ა,City,ქალაქი
ამბოასარი,ა,City,ქალაქი
ამბოდიფოტატრა,ა,City,ქალაქი
ამბოვომბე,ა,City,ქალაქი
ამბონი,ა,City,ქალაქი
ამბოსიტრა,ა,City,ქალაქი
ამბროზია,ა,Plant,მცენარე
ამბროლაური,ა,City,ქალაქი
ამბროსი,ა,Name,სახელი
ამბროსია,ა,Food,საკვები
ამბუნტი,ა,City,ქალაქი
ამელი,ა,Film,ფილმი
ამელია,ა,Film,ფილმი
ამერი,ა,River,მდინარე
ამერიკა,ა,Country,ქვეყანა
ამერიკელები,ა,Film,ფილმი
ამერიკელი,ა,Film,ფილმი
ამერიკელი პარიზში,ა,Film,ფილმი
ამერიკელი ფსიქოპათი,ა,Film,ფილმი
ამერიკელი ღმერთები,ა,Film,ფილმი
ამერიკის შეერთებული შტატები,ა,Country,ქვეყანა
ამერიკული,ა,Food,საკვები
ამერიკული ველური ლუდი,ა,Food,საკვები
ამერიკული ინტრიგა,ა,Film,ფილმი
ამერიკული ისტორია,ა,Film,ფილმი
ამერიკული ისტორია x,ა,Film,ფილმი
ამერიკული კუდი,ა,Film,ფილმი
ამერიკული ოჯახი,ა,Film,ფილმი
ამერიკული პოპი,ა,Film,ფილმი
ამერიკული სამოა,ა,Country,ქვეყანა
ამერიკული საშინელებათა ისტორია,ა,Film,ფილმი
ამერიკული სილამაზე,ა,Film,ფილმი
ამერიკული ღვინო,ა,Food,საკვები
ამერიკული შეხლა-შემოხლა,ა,Film,ფილმი
ამერსფორტი,ა,City,ქალაქი
ამიენი,ა,City,ქალაქი
ამინა,ა,Name,სახელი
ამირან,ა,Name,სახელი
ამირანი,ა,Name,სახელი
ამირჯანი,ა,City,ქალაქი
ამიუზ,ა,Food,საკვები
ამიუზ ბაუში,ა,Food,საკვები
ამიუზ-ბაუში,ა,Food,საკვები
ამლამე,ა,City,ქალაქი
ამნატ-ჩაროენი,ა,City,ქალაქი
ამნეზია,ა,Film,ფილმი
ამოკი,ა,Film,ფილმი
ამომავალი,ა,Film,ფილმი
ამომავალი მზე,ა,Film,ფილმი
ამორა,ა,City,ქალაქი
ამპანიჰი,ა,City,ქალაქი
ამპარა,ა,City,ქალაქი
ამპარაფარავოლა,ა,City,ქალაქი
ამრავატი,ა,City,ქალაქი
ამრიტსარი,ა,City,ქალაქი
ამსკრუდი,ა,City,ქალაქი
ამსტელვენი,ა,City,ქალაქი
ამსტელი,ა,River,მდინარე
ამსტერდამ-ზეიდოოსტი,ა,City,ქალაქი
ამსტერდამი,ა,City,ქალაქი
ამტყელი,ა,River,მდინარე
ამუდარია,ა,River,მდინარე
ამუდატი,ა,City,ქალაქი
ამური,ა,River,მდინარე
ამფოე-თა-ბო,ა,City,ქალაქი
ამფოე-ნა-კლანგი,ა,City,ქალაქი
ამშტეტენი,ა,City,ქალაქი
ამხანაგ,ა,Film,ფილმი
ამხანაგ სტალინის მოგზაურობა,ა,Film,ფილმი
ამხანაგ სტალინის მოგზაურობა აფრიკაში,ა,Film,ფილმი
ამხანაგი,ა,Film,ფილმი
ამხანაგი იქსი,ა,Film,ფილმი
ამჰერსტი,ა,City,ქალაქი
ან ნინგი,ა,City,ქალაქი
ან ნოფალია,ა,City,ქალაქი
ან-ნასირია,ა,City,ქალაქი
ან-ნაჯაფი,ა,City,ქალაქი
ან-ნინგი,ა,City,ქალაქი
ან-ნოფალია,ა,City,ქალაქი
ან-ნუჰუდი,ა,City,ქალაქი
ანა,ა,City,ქალაქი
ანა კარენინა,ა,Film,ფილმი
ანაბა,ა,City,ქალაქი
ანაბარი,ა,River,მდინარე
ანაბელი,ა,Name,სახელი
ანაგა,ა,City,ქალაქი
ანადია,ა,City,ქალაქი
ანადირი,ა,River,მდინარე
ანავისოსი,ა,City,ქალაქი
ანაკი,ა,City,ქალაქი
ანაკლია,ა,City,ქალაქი
ანაკო,ა,City,ქალაქი
ანაკონდა,ა,Animal,ცხოველი
ანაკონდა,ა,Animal,ცხოველი
ანამარია,ა,Name,სახელი
ანამოროსი,ა,City,ქალაქი
ანანა,ა,Name,სახელი
ანანასი,ა,Plant,მცენარე
ანანასის,ა,Food,საკვები
ანანასის რენეტი,ა,Food,საკვები
ანანია,ა,Name,სახელი
ანანინდეიუა,ა,City,ქალაქი
ანანო,ა,Name,სახელი
ანანური,ა,City,ქალაქი
ანაპოლისი,ა,City,ქალაქი
ანარ დარრე,ა,City,ქალაქი
ანარეკლი,ა,Film,ფილმი
ანარია,ა,River,მდინარე
ანასტასია,ა,Name,სახელი
ანატოკი,ა,River,მდინარე
ანატოლი,ა,Name,სახელი
ანატორი,ა,River,მდინარე
ანაუ,ა,City,ქალაქი
ანაფოთია,ა,City,ქალაქი
ანაჰაიმი,ა,City,ქალაქი
ანბიონ-იუპი,ა,City,ქალაქი
ანგარა,ა,River,მდინარე
ანგელინა,ა,Name,სახელი
ანგელოზები,ა,Food,საკვები
ანგელოზები ცხენებზე,ა,Food,საკვები
ანგელოზების,ა,Film,ფილმი
ანგელოზების ქალაქი,ა,Film,ფილმი
ანგელოზთა,ა,Film,ფილმი
ანგელოზთა წილი,ა,Film,ფილმი
ანგელოზი,ა,Film,ფილმი
ანგელოზი ან დემონი,ა,Film,ფილმი
ანგელოზის,ა,Film,ფილმი
ანგელოზის გადაფრენა,ა,Film,ფილმი
ანგილა,ა,Country,ქვეყანა
ანგოლა,ა,Country,ქვეყანა
ანგოლდი,ა,Food,საკვები
ანგოლი,ა,City,ქალაქი
ანგოლის რესპუბლიკა,ა,Country,ქვეყანა
ანგონო,ა,City,ქალაქი
ანგორამი,ა,City,ქალაქი
ანგოშე,ა,City,ქალაქი
ანგრა დუ ეროიჟმუ,ა,City,ქალაქი
ანგრა-დუ-ეროიჟმუ,ა,City,ქალაქი
ანგრადუეროიჟმუ,ა,City,ქალაქი
ანდალუსიური,ა,Film,ფილმი
ანდალუსიური ძაღლი,ა,Film,ფილმი
ანდაპა,ა,City,ქალაქი
ანდაუაილასი,ა,City,ქალაქი
ანდაქი,ა,River,მდინარე
ანდენე,ა,City,ქალაქი
ანდილამენა,ა,City,ქალაქი
ანდიჟანი,ა,City,ქალაქი
ანდის ყოისუ,ა,River,მდინარე
ანდოანი,ა,City,ქალაქი
ანდოასი,ა,City,ქალაქი
ანდოვორანტო,ა,City,ქალაქი
ანდონი,ა,City,ქალაქი
ანდორა,ა,Country,ქვეყანა
ანდორა ლა ველა,ა,City,ქალაქი
ანდორა-ლა-ველა,ა,City,ქალაქი
ანდორალაველა,ა,City,ქალაქი
ანდორი,ა,Film,ფილმი
ანდორის სამთავრო,ა,Country,ქვეყანა
ანდრი,ა,Name,სახელი
ანდრია,ა,City,ქალაქი
ანდრია რუბლიოვი,ა,Film,ფილმი
ანდრიევიცა,ა,City,ქალაქი
ანდრო,ა,Name,სახელი
ანდრომედა,ა,Film,ფილმი
ანდრონიკ,ა,Name,სახელი
ანდრონიკე,ა,Name,სახელი
ანდუყაფარ,ა,Name,სახელი
ანდხვოი,ა,City,ქალაქი
ანდხოი,ა,City,ქალაქი
ანესი,ა,City,ქალაქი
ანეტა,ა,Name,სახელი
ანეჰო,ა,City,ქალაქი
ანზორ,ა,Name,სახელი
ანზორი,ა,Name,სახელი
ანთალია,ა,City,ქალაქი
ანთაქია,ა,City,ქალაქი
ანთიმოზ,ა,Name,სახელი
ანთიმოზ ივერიელი,ა,Film,ფილმი
ანთროპოიდი,ა,Film,ფილმი
ანი,ა,Name,სახელი
ანიანგი,ა,City,ქალაქი
ანიანი,ა,City,ქალაქი
ანიკშჩიაი,ა,City,ქალაქი
ანისია,ა,Name,სახელი
ანისოკი,ა,City,ქალაქი
ანიტა,ა,Name,სახელი
ანიუი,ა,River,მდინარე
ანკაზოაბო,ა,City,ქალაქი
ანკაზობე,ა,City,ქალაქი
ანკარა,ა,City,ქალაქი
ანკარანი,ა,City,ქალაქი
ანკესი,ა,Film,ფილმი
ანკესი და სეინერი,ა,Film,ფილმი
ანკონა,ა,City,ქალაქი
ანკონი,ა,City,ქალაქი
ანკორიჯი,ა,City,ქალაქი
ანკუდი,ა,City,ქალაქი
ანკუო,ა,City,ქალაქი
ანლога,ა,City,ქალაქი
ანლუ,ა,City,ქალაქი
ანნა,ა,Name,სახელი
ანნინგი,ა,City,ქალაქი
ანნოფალია,ა,City,ქალაქი
ანო ლიოსია,ა,City,ქალაქი
ანორა,ა,Film,ფილმი
ანჟე,ა,City,ქალაქი
ანრი,ა,Name,სახელი
ანსანი,ა,City,ქალაქი
ანსე ა გალე,ა,City,ქალაქი
ანსე რუჟი,ა,City,ქალაქი
ანსე-ა-ვო,ა,City,ქალაქი
ანსე-ა-პიტრე,ა,City,ქალაქი
ანსება,ა,River,მდინარე
ანსელმ,ა,Name,სახელი
ანსი,ა,City,ქალაქი
ანსონი,ა,City,ქალაქი
ანსფელდენი,ა,City,ქალაქი
ანტა,ა,City,ქალაქი
ანტალაჰა,ა,City,ქალაქი
ანტალია,ა,City,ქალაქი
ანტანანარივუ,ა,City,ქალაქი
ანტანიფოცი,ა,City,ქალაქი
ანტარქტიკა,ა,Country,ქვეყანა
ანტეკერა,ა,City,ქალაქი
ანტვერპენი,ა,City,ქალაქი
ანტიბი,ა,City,ქალაქი
ანტიგუა გუატემალა,ა,City,ქალაქი
ანტიგუა და ბარბუდა,ა,Country,ქვეყანა
ანტიგუო კუსკატლანი,ა,City,ქალაქი
ანტილია,ა,City,ქალაქი
ანტილოპა,ა,Animal,ცხოველი
ანტიმოზ,ა,Name,სახელი
ანტიოპოლისი,ა,City,ქალაქი
ანტიოქია,ა,City,ქალაქი
ანტიპასტო,ა,Food,საკვები
ანტიპოლო,ა,City,ქალაქი
ანტონ,ა,Name,სახელი
ანტონი,ა,City,ქალაქი
ანტონიუ-ენეში,ა,City,ქალაქი
ანტოფაგასტა,ა,City,ქალაქი
ანტრაციტი,ა,City,ქალაქი
ანტსაჰე,ა,City,ქალაქი
ანტსლა,ა,City,ქალაქი
ანტურაჟი,ა,Film,ფილმი
ანუბისის,ა,Film,ფილმი
ანუბისის სახლი,ა,Film,ფილმი
ანურადჰაპურა,ა,City,ქალაქი
ანუსია,ა,Name,სახელი
ანფელდენი,ა,City,ქალაქი
ანქანგი,ა,City,ქალაქი
ანშანი,ა,City,ქალაქი
ანჩოვი,ა,City,ქალაქი
ანცინგი,ა,City,ქალაქი
ანციოუ,ა,City,ქალაქი
ანცირანანა,ა,City,ქალაქი
ანცოჰიჰი,ა,City,ქალაქი
ანწლი,ა,Plant,მცენარე
ანხელესი,ა,City,ქალაქი
ანხელი,ა,River,მდინარე
ანხელიკას,ა,Film,ფილმი
ანხელიკას ცოდვა,ა,Film,ფილმი
ანხელის,ა,Film,ფილმი
ანხელის საიდუმლო,ა,Film,ფილმი
ანჯალა,ა,City,ქალაქი
ანჯარა,ა,City,ქალაქი
ანჯარი,ა,City,ქალაქი
ანჯოზორობე,ა,City,ქალაქი
ანჯუ,ა,City,ქალაქი
აოზუ,ა,City,ქალაქი
აომორი,ა,City,ქალაქი
აონგატეტე,ა,River,მდინარე
აოპო,ა,City,ქალაქი
აორერე,ა,River,მდინარე
აოსტა,ა,City,ქალაქი
აოჯი-რი,ა,City,ქალაქი
აპა,ა,River,მდინარე
აპაკი,ა,City,ქალაქი
აპალიტი,ა,City,ქალაქი
აპამი,ა,City,ქალაქი
აპარანი,ა,City,ქალაქი
აპასტეპეკე,ა,City,ქალაქი
აპე,ა,City,ქალაქი
აპელდორნი,ა,City,ქალაქი
აპერ ჰატი,ა,City,ქალაქი
აპერ-ჰატი,ა,City,ქალაქი
აპერჰატი,ა,City,ქალაქი
აპია,ა,City,ქალაქი
აპინგტონი,ა,City,ქალაქი
აპიო,ა,Food,საკვები
აპლახუე,ა,City,ქალაქი
აპოდაკა,ა,City,ქალაქი
აპოკალიპტო,ა,Film,ფილმი
აპოკალიფსი,ა,Film,ფილმი
აპოკალიფსი ახლა,ა,Film,ფილმი
აპოლონ,ა,Name,სახელი
აპოპა,ა,City,ქალაქი
აპორტი,ა,Food,საკვები
აპრილი,ა,Film,ფილმი
აპსუციემსი,ა,City,ქალაქი
აპურე,ა,River,მდინარე
აპურიმაკი,ა,River,მდინარე
აჟაკიო,ა,City,ქალაქი
აჟენი,ა,City,ქალაქი
"არ დაიჯერო, რომ აღარ ვარ",ა,Film,ფილმი
არ იდარდო,ა,Film,ფილმი
არ-რაბა,ა,City,ქალაქი
არ-რაბია,ა,City,ქალაქი
არ-რაიანი,ა,City,ქალაქი
არ-რამადი,ა,City,ქალაქი
არ-რამთა,ა,City,ქალაქი
არ-რაჰადი,ა,City,ქალაქი
არ-რიქა,ა,City,ქალაქი
არ-რიყაბი,ა,City,ქალაქი
არ-რუდაიიფი,ა,City,ქალაქი
არ-რუმეითა,ა,City,ქალაქი
არ-რუსაირისი,ა,City,ქალაქი
არ-რუტბა,ა,City,ქალაქი
არაბეთი,ა,Country,ქვეყანა
არაბეთის გაერთიანებული ემირატები,ა,Country,ქვეყანა
არაბთა გაერთიანებული ემირატები,ა,Country,ქვეყანა
არაბთა გაერთიანებული საამიროები,ა,Country,ქვეყანა
არაბული,ა,Food,საკვები
არაბული სალათი,ა,Food,საკვები
არაგვი,ა,River,მდინარე
არაგონი,ა,River,მდინარე
არადი,ა,City,ქალაქი
არადიპო,ა,City,ქალაქი
არადიჰპო,ა,City,ქალაქი
არავა,ა,City,ქალაქი
არავეთი,ა,City,ქალაქი
არაიატი,ა,City,ქალაქი
არაიხანი,ა,City,ქალაქი
არაკაჟუ,ა,City,ქალაქი
არაკაჯუ,ა,City,ქალაქი
არაკი,ა,Food,საკვები
არალი,ა,City,ქალაქი
არამუსი,ა,City,ქალაქი
არანი,ა,City,ქალაქი
არანხუესი,ა,City,ქალაქი
არარა,ა,City,ქალაქი
არარატი,ა,City,ქალაქი
არაუკა,ა,River,მდინარე
არაუკო,ა,City,ქალაქი
არაქთოსი,ა,River,მდინარე
არაქი,ა,City,ქალაქი
არაქსი,ა,River,მდინარე
არაყი,ა,Food,საკვები
არაჩვეულებრივი,ა,Film,ფილმი
არაჩვეულებრივი გამოფენა,ა,Film,ფილმი
არგა-იურიახი,ა,River,მდინარე
არგაკა,ა,City,ქალაქი
არგანტეი,ა,City,ქალაქი
არგენტინა,ა,Country,ქვეყანა
არგენტინის რესპუბლიკა,ა,Country,ქვეყანა
არგენტინული,ა,Food,საკვები
არგენტინული ღვინო,ა,Food,საკვები
არგლეტონი,ა,City,ქალაქი
არგო,ა,City,ქალაქი
არგოსი,ა,City,ქალაქი
არგუნი,ა,River,მდინარე
არდა,ა,River,მდინარე
არდაგანი,ა,River,მდინარე
არდადეგები,ა,Film,ფილმი
არდალიონ,ა,Name,სახელი
არდაშელ,ა,Name,სახელი
არდებილი,ა,City,ქალაქი
არდეშენი,ა,City,ქალაქი
არდეში,ა,River,მდინარე
არდი,ა,City,ქალაქი
არდონი,ა,River,მდინარე
არეგუა,ა,City,ქალაქი
არევიკი,ა,Film,ფილმი
არეკა,ა,City,ქალაქი
არეკიპა,ა,City,ქალაქი
არენტელა,ა,City,ქალაქი
არეჟი,ა,River,მდინარე
არეში,ა,River,მდინარე
არეცო,ა,City,ქალაქი
არვა,ა,Food,საკვები
არვადი,ა,City,ქალაქი
არველოდი,ა,Name,სახელი
არვი,ა,River,მდინარე
არვიდა,ა,City,ქალაქი
არვიკა,ა,City,ქალაქი
არზაყან,ა,Name,სახელი
არზევი,ა,City,ქალაქი
ართვინი,ა,City,ქალაქი
ართიკი,ა,City,ქალაქი
ართური,ა,River,მდინარე
ართუსი,ა,City,ქალაქი
ართხმოსწყალი,ა,River,მდინარე
არიანა,ა,City,ქალაქი
არიელი,ა,City,ქალაქი
არივონიამო,ა,City,ქალაქი
არიზონა,ა,City,ქალაქი
არიზონას,ა,Film,ფილმი
არიზონას ოცნება,ა,Film,ფილმი
არიკა,ა,City,ქალაქი
არიმა,ა,City,ქალაქი
არინარნოა,ა,Food,საკვები
არიოგალა,ა,City,ქალაქი
არის,ა,Film,ფილმი
არისი,ა,River,მდინარე
არისტო,ა,Name,სახელი
არისტოკატები,ა,Film,ფილმი
არიფვალა,ა,City,ქალაქი
არიჰა,ა,City,ქალაქი
არკადი,ა,Name,სახელი
არკალიკი,ა,City,ქალაქი
არკანზასი,ა,River,მდინარე
არკაჰაი,ა,City,ქალაქი
არკი,ა,River,მდინარე
არკლოუ,ა,City,ქალაქი
არლი,ა,City,ქალაქი
არლინგტონი,ა,City,ქალაქი
არლონი,ა,City,ქალაქი
არმაგედონი,ა,Film,ფილმი
არმადილო,ა,Animal,ცხოველი
არმავირი,ა,City,ქალაქი
არმაზ,ა,Name,სახელი
არმანიაკი,ა,Food,საკვები
არმენია,ა,City,ქალაქი
არმიდეილი,ა,City,ქალაქი
არმუდუ,ა,Food,საკვები
არმხი,ა,River,მდინარე
არნემი,ა,City,ქალაქი
არნო,ა,River,მდინარე
აროანიოსი,ა,River,მდინარე
აროზ,ა,Food,საკვები
აროზ ა ლა კუბანა,ა,Food,საკვები
აროზა,ა,City,ქალაქი
აროიო ნარანხო,ა,City,ქალაქი
აროიო-გრანდე,ა,River,მდინარე
აროიო-ნარანხო,ა,City,ქალაქი
აროიონარანხო,ა,City,ქალაქი
აროიოს-ი-ესტეროსი,ა,City,ქალაქი
არომა,ა,City,ქალაქი
არპინო,ა,City,ქალაქი
არჟანი,ა,River,მდინარე
არსენ,ა,Name,სახელი
არსენა,ა,Film,ფილმი
არსენა ყაჩაღი,ა,Film,ფილმი
არსენა ჯორჯიაშვილი,ა,Film,ფილმი
არსენალი,ა,City,ქალაქი
არსენას,ა,Film,ფილმი
არსენას ლექსი,ა,Film,ფილმი
არსენი,ა,Name,სახელი
არტა,ა,City,ქალაქი
არტაანი,ა,City,ქალაქი
არტანუჯი,ა,City,ქალაქი
არტაშატი,ა,City,ქალაქი
არტემ,ა,Name,სახელი
არტემი,ა,Name,სახელი
არტემისა,ა,City,ქალაქი
არტენი,ა,City,ქალაქი
არტიგასი,ა,City,ქალაქი
არტიომი,ა,City,ქალაქი
არტისტი,ა,Film,ფილმი
არტური,ა,Film,ფილმი
არტური და ორი სამყაროს ომი,ა,Film,ფილმი
არუ,ა,River,მდინარე
არუა,ა,City,ქალაქი
არუბა,ა,Country,ქვეყანა
არუკულა,ა,City,ქალაქი
არუშა,ა,City,ქალაქი
არფა,ა,River,მდინარე
არქიტექტორ ტომას რომერო პერეირა,ა,City,ქალაქი
არღუნი,ა,River,მდინარე
არყა,ა,Plant,მცენარე
არყალიყი,ა,City,ქალაქი
არშალუსი,ა,City,ქალაქი
არჩევნები,ა,Film,ფილმი
არჩვი,ა,Animal,ცხოველი
არჩიდონა,ა,City,ქალაქი
არჩილ,ა,Name,სახელი
არჩილი,ა,Name,სახელი
არწვაბერდი,ა,City,ქალაქი
არწივი,ა,Animal,ცხოველი
არხოტისწყალი,ა,River,მდინარე
არჯევან,ა,Name,სახელი
არჰავი,ა,City,ქალაქი
ას-საიადა,ა,City,ქალაქი
ას-სალიმია,ა,City,ქალაქი
ას-სალტი,ა,City,ქალაქი
ას-სამავა,ა,City,ქალაქი
ას-სანადი,ა,City,ქალაქი
ას-სარსი,ა,City,ქალაქი
ას-სიბი,ა,City,ქალაქი
ას-სუვაირა,ა,City,ქალაქი
ას-სუვაიყი,ა,City,ქალაქი
ას-სუკი,ა,City,ქალაქი
ას-სულეიმანია,ა,City,ქალაქი
ასა,ა,River,მდინარე
ასაგა,ა,City,ქალაქი
ასაიტა,ა,City,ქალაქი
ასამანკეზე,ა,City,ქალაქი
ასანი,ა,City,ქალაქი
ასანსოლი,ა,City,ქალაქი
ასასა,ა,City,ქალაქი
ასაუ,ა,City,ქალაქი
ასაჰიკავა,ა,City,ქალაქი
ასბე ტეფერი,ა,City,ქალაქი
ასბია,ა,City,ქალაქი
ასე,ა,City,ქალაქი
ასე რომ,ა,Film,ფილმი
ასე რომ - ალბომის საბოლოო ავტორიზებული ამბავი,ა,Film,ფილმი
ასები,ა,City,ქალაქი
ასეგუა,ა,City,ქალაქი
ასენი,ა,City,ქალაქი
ასენოვგრადი,ა,City,ქალაქი
ასერი,ა,City,ქალაქი
ასერიო დე გარიჩე,ა,City,ქალაქი
ასერიო-დე-გარიჩე,ა,City,ქალაქი
ასერიოდეგარიჩე,ა,City,ქალაქი
ასია,ა,Name,სახელი
ასიკატა,ა,City,ქალაქი
ასილა,ა,City,ქალაქი
ასიმპაო,ა,City,ქალაქი
ასიპოვიჩი,ა,City,ქალაქი
ასიუტი,ა,City,ქალაქი
ასკილი,ა,Plant,მცენარე
ასლამაზ,ა,Name,სახელი
ასლან,ა,Name,სახელი
ასლანი,ა,Name,სახელი
ასლანკა,ა,River,მდინარე
ასმათ,ა,Name,სახელი
ასმათი,ა,Name,სახელი
ასმარა,ა,City,ქალაქი
ასმარი,ა,City,ქალაქი
ასმერა,ა,City,ქალაქი
ასნიერ-სიურ-სენი,ა,City,ქალაქი
ასოპარდო,ა,River,მდინარე
ასოსა,ა,City,ქალაქი
ასპელტი,ა,City,ქალაქი
ასპინძა,ა,City,ქალაქი
ასპროპირგოსი,ა,City,ქალაქი
ასსა,ა,Film,ფილმი
ასტამურ,ა,Name,სახელი
ასტანა,ა,City,ქალაქი
ასტანაჯაპურა,ა,City,ქალაქი
ასტარა,ა,City,ქალაქი
ასტერა,ა,Plant,მცენარე
ასტი,ა,City,ქალაქი
ასტრა,ა,Plant,მცენარე
ასტრახანი,ა,City,ქალაქი
ასტრო,ა,Film,ფილმი
ასტრო ბიჭი,ა,Film,ფილმი
ასტრომერიტისი,ა,City,ქალაქი
ასტღაძორი,ა,City,ქალაქი
ასუანი,ა,City,ქალაქი
ასულ,ა,City,ქალაქი
ასუნსიონ მიტა,ა,City,ქალაქი
ასუნსიონი,ა,City,ქალაქი
ასურეთისხევი,ა,River,მდინარე
ასფეხა,ა,Animal,ცხოველი
ატ-ტაიიბა,ა,City,ქალაქი
ატ-ტაფილა,ა,City,ქალაქი
ატ-ტაჯი,ა,City,ქალაქი
ატ-ტურა,ა,City,ქალაქი
ატაკო,ა,City,ქალაქი
ატაკპამე,ა,City,ქალაქი
ატალაია,ა,City,ქალაქი
ატამი,ა,Plant,მცენარე
ატაპი,ა,City,ქალაქი
ატბარა,ა,City,ქალაქი
ატენასი,ა,City,ქალაქი
ატენი,ა,City,ქალაქი
ატი,ა,City,ქალაქი
ატიკვიზაია,ა,City,ქალაქი
ატირა,ა,City,ქალაქი
ატირაუ,ა,City,ქალაქი
ატლანტა,ა,City,ქალაქი
ატლანტიდა,ა,City,ქალაქი
ატლანტიდა დაკარგული იმპერია,ა,Film,ფილმი
ატლანტიდა: დაკარგული იმპერია,ა,Film,ფილმი
ატლანტისი,ა,City,ქალაქი
ატოკ-სითი,ა,City,ქალაქი
ატრაი,ა,River,მდინარე
ატრატო,ა,River,მდინარე
ატრაქციონი,ა,Film,ფილმი
ატუნტაკი,ა,City,ქალაქი
აუალა,ა,City,ქალაქი
აუგსბურგი,ა,City,ქალაქი
აუდე-ეისელი,ა,River,მდინარე
აუდე-მაასი,ა,River,მდინარე
აუდე-რაინი,ა,River,მდინარე
აუდენარდე,ა,City,ქალაქი
აუდრუ,ა,City,ქალაქი
აუთერ,ა,Film,ფილმი
აუთერ ბენქსი,ა,Film,ფილმი
აუთსაიდერები,ა,Film,ფილმი
აუკი,ა,City,ქალაქი
აუკშტადვარისი,ა,City,ქალაქი
აურანგაბადი,ა,City,ქალაქი
აურზაური,ა,Film,ფილმი
აურზაური სალხინეთში,ა,Film,ფილმი
აუსერსილი,ა,City,ქალაქი
აუფაგა,ა,City,ქალაქი
აუცე,ა,City,ქალაქი
აფაქი,ა,City,ქალაქი
აფგედამდე-მაასი,ა,River,მდინარე
აფგოიე,ა,City,ქალაქი
აფენგა,ა,City,ქალაქი
აფენისხევი,ა,River,მდინარე
აფთარი,ა,Animal,ცხოველი
აფიონ-ყარაჰისარი,ა,City,ქალაქი
აფიონყარაჰისარი,ა,City,ქალაქი
აფლუ,ა,City,ქალაქი
აფოლტერნი,ა,City,ქალაქი
აფრაგოლა,ა,City,ქალაქი
აფრასიონ,ა,Name,სახელი
აფრინი,ა,City,ქალაქი
აფრიტადა,ა,Food,საკვები
აფულა,ა,City,ქალაქი
აქ თენდება,ა,Film,ფილმი
"აქ, ჩვენთან",ა,Film,ფილმი
აქელოოსი,ა,River,მდინარე
აქერონტი,ა,River,მდინარე
აქესრი,ა,City,ქალაქი
აქთაუ,ა,City,ქალაქი
აქირიტუ,ა,City,ქალაქი
აქლემი,ა,Animal,ცხოველი
აქორისი,ა,City,ქალაქი
აქსაი,ა,City,ქალაქი
აქსარაი,ა,City,ქალაქი
აქსიმი,ა,City,ქალაქი
აქსოლოტლი,ა,Animal,ცხოველი
აქსუ,ა,River,მდინარე
აქსუმი,ა,City,ქალაქი
აქტობე,ა,City,ქალაქი
აქჰისარი,ა,City,ქალაქი
აღავნათუნი,ა,City,ქალაქი
აღათი,ა,Name,სახელი
აღარასოდეს,ა,Film,ფილმი
აღარასოდეს თქვა არასოდეს,ა,Film,ფილმი
აღმოსავლეთ ტიმორი,ა,Country,ქვეყანა
აღმოსავლეთ ტიმორის დემოკრატიული რესპუბლიკა,ა,Country,ქვეყანა
აღმოსავლეთი რანგა,ა,River,მდინარე
აღმოსავლეთი ტიმორი,ა,Country,ქვეყანა
აღმოსავლეთის ფრონე,ა,River,მდინარე
აღრი,ა,City,ქალაქი
აღსთაფა,ა,River,მდინარე
აღშინ,ა,Name,სახელი
აყვავებული,ა,Food,საკვები
აყვავებული ხახვი,ა,Food,საკვები
აყსუ,ა,City,ქალაქი
აშ-შამია,ა,City,ქალაქი
აშ-შატრა,ა,City,ქალაქი
აშ-შაჯარა,ა,City,ქალაქი
აშ-შინაფია,ა,City,ქალაქი
აშბახ მარქტი,ა,City,ქალაქი
აშბახ-მარქტი,ა,City,ქალაქი
აშბახმარქტი,ა,City,ქალაქი
აშბერტონი,ა,River,მდინარე
აშდოდი,ა,City,ქალაქი
აშთი,ა,City,ქალაქი
აშიკ-ქერიბი,ა,Film,ფილმი
აშკაშამი,ა,City,ქალაქი
აშკელონი,ა,City,ქალაქი
აშმიანი,ა,City,ქალაქი
აშტარაკი,ა,City,ქალაქი
აშტი,ა,City,ქალაქი
აშშ,ა,Country,ქვეყანა
აშხაბადი,ა,City,ქალაქი
აჩერონი,ა,River,მდინარე
აჩიამანი,ა,City,ქალაქი
აჩინი,ა,City,ქალაქი
აჩირეალე,ა,City,ქალაქი
აჩრდილთან,ა,Film,ფილმი
აჩრდილთან მოსაუბრე,ა,Film,ფილმი
აჩრდილწაღებული,ა,Film,ფილმი
აჩუაპა,ა,City,ქალაქი
აჩუტუპო,ა,City,ქალაქი
აჩუტუპო ნუმერო დოსი,ა,City,ქალაქი
აცუგი,ა,City,ქალაქი
აძეძი,ა,River,მდინარე
აწყვეტილი,ა,Film,ფილმი
აჭარისწყალი,ა,River,მდინარე
აჭისწყალი,ა,River,მდინარე
აჭყვა,ა,River,მდინარე
ახა,ა,River,მდინარე
ახალგაზრდა,ა,Film,ფილმი
ახალგაზრდა დიანა,ა,Film,ფილმი
ახალგაზრდა კომპოზიტორის მოგზაურობა,ა,Film,ფილმი
ახალგაზრდა მონარქები,ა,Film,ფილმი
ახალგაზრდა ქვრივი,ა,Film,ფილმი
ახალგაზრდობის,ა,Film,ფილმი
ახალგაზრდობის დღეები,ა,Film,ფილმი
ახალგაზრდობის იარაღები,ა,Film,ფილმი
ახალგაზრდობის ტკბილი ჩიტი,ა,Film,ფილმი
ახალგორი,ა,City,ქალაქი
ახალდაბა,ა,City,ქალაქი
ახალი,ა,Film,ფილმი
ახალი ათონი,ა,City,ქალაქი
ახალი არკადია,ა,Film,ფილმი
ახალი გოგონა,ა,Film,ფილმი
ახალი დროება,ა,Film,ფილმი
ახალი ზელანდია,ა,Country,ქვეყანა
ახალი კალედონია,ა,Country,ქვეყანა
ახალი კინოთეატრი პარადიზო,ა,Film,ფილმი
ახალი ორლეანი,ა,City,ქალაქი
ახალი სისხლი,ა,Film,ფილმი
ახალი სისხლი იცხოვრე,ა,Film,ფილმი
ახალი სისხლი იცხოვრე ლონდონში,ა,Film,ფილმი
ახალი სისხლი: იცხოვრე ლონდონში,ა,Film,ფილმი
ახალი სიყვარული,ა,Film,ფილმი
ახალქალაქი,ა,City,ქალაქი
ახალციხე,ა,City,ქალაქი
ახარნაი,ა,City,ქალაქი
ახირება,ა,Film,ფილმი
ახლა,ა,Film,ფილმი
ახლა მხედავ,ა,Film,ფილმი
ახლა მხედავ 2,ა,Film,ფილმი
ახლა საით წავიდეთ,ა,Film,ფილმი
ახმეტა,ა,City,ქალაქი
ახმიმი,ა,City,ქალაქი
ახტალა,ა,City,ქალაქი
ახუაჩაპანი,ა,City,ქალაქი
ახურიანი,ა,City,ქალაქი
აჯაი,ა,River,მდინარე
აჯამკა,ა,River,მდინარე
აჯდაბია,ა,City,ქალაქი
აჯლუნი,ა,City,ქალაქი
აჯმანი,ა,City,ქალაქი
აჯმერი,ა,City,ქალაქი
აჯუტერიკე,ა,City,ქალაქი
აჰაურა,ა,River,მდინარე
აჰერო,ა,City,ქალაქი
აჰვაზი,ა,City,ქალაქი
აჰმადაბადი,ა,City,ქალაქი
აჰმადნაგარი,ა,City,ქალაქი
აჰმადპურ-ისტი,ა,City,ქალაქი
აჰურირი,ა,River,მდინარე
აჰუროა,ა,River,მდინარე
აჰფირი,ა,City,ქალაქი
ბაადურ,ბ,Name,სახელი
ბაალბექი,ბ,City,ქალაქი
ბაარდჰერე,ბ,City,ქალაქი
ბაარი,ბ,City,ქალაქი
ბააქუბა,ბ,City,ქალაქი
ბაბ ეზუარი,ბ,City,ქალაქი
ბაბა,ბ,Food,საკვები
ბაბა ღანუში,ბ,Food,საკვები
ბაბალე,ბ,Name,სახელი
ბაბანკი,ბ,City,ქალაქი
ბაბარი,ბ,Film,ფილმი
ბაბარი სპილოთა მეფე,ბ,Film,ფილმი
ბაბარი ფილმი,ბ,Film,ფილმი
ბაბარი: სპილოთა მეფე,ბ,Film,ფილმი
ბაბარი: ფილმი,ბ,Film,ფილმი
ბაბაჰოიო,ბ,City,ქალაქი
ბაბი,ბ,Name,სახელი
ბაბილინა,ბ,Name,სახელი
ბაბილონ,ბ,Film,ფილმი
ბაბილონ 5,ბ,Film,ფილმი
ბაბილონი,ბ,Film,ფილმი
ბაბრუისკი,ბ,City,ქალაქი
ბაბუაწვერა,ბ,Plant,მცენარე
ბაბუინი,ბ,Animal,ცხოველი
ბაბუნი,ბ,Animal,ცხოველი
ბაგალა,ბ,City,ქალაქი
ბაგაჩესი,ბ,City,ქალაქი
ბაგვა,ბ,City,ქალაქი
ბაგიო,ბ,City,ქალაქი
ბაგო,ბ,City,ქალაქი
ბაგრამი,ბ,City,ქალაქი
ბაგრატ,ბ,Name,სახელი
ბაგრატაშენი,ბ,City,ქალაქი
ბაგრატიონი,ბ,Film,ფილმი
ბაგუა-გრანდე,ბ,City,ქალაქი
ბაგუანოსი,ბ,City,ქალაქი
ბად გროსპერტოლცი,ბ,City,ქალაქი
ბად ვოსლაუ,ბ,City,ქალაქი
ბად იზჰლი,ბ,City,ქალაქი
ბად იშლი,ბ,City,ქალაქი
ბად ფესლაუ,ბ,City,ქალაქი
ბად-გროსპერტოლცი,ბ,City,ქალაქი
ბად-იშლი,ბ,City,ქალაქი
ბად-ფესლაუ,ბ,City,ქალაქი
ბადალონა,ბ,City,ქალაქი
ბადამდარი,ბ,City,ქალაქი
ბადარღანჯი,ბ,City,ქალაქი
ბადახოსი,ბ,City,ქალაქი
ბადგროსპერტოლცი,ბ,City,ქალაქი
ბადენი,ბ,City,ქალაქი
ბადია,ბ,City,ქალაქი
ბადიარიხა,ბ,River,მდინარე
ბადინი,ბ,City,ქალაქი
ბადიშლი,ბ,City,ქალაქი
ბადრი,ბ,Name,სახელი
ბადრიჯანი,ბ,Plant,მცენარე
ბადუ,ბ,City,ქალაქი
ბადულა,ბ,City,ქალაქი
ბადური,ბ,Name,სახელი
ბადფესლაუ,ბ,City,ქალაქი
ბავიუ,ბ,River,მდინარე
ბავკუ,ბ,City,ქალაქი
ბავშარი,ბ,City,ქალაქი
ბავშვები,ბ,Film,ფილმი
ბავშვები კარგად არიან,ბ,Film,ფილმი
ბავშვის,ბ,Film,ფილმი
ბავშვის პოზა,ბ,Film,ფილმი
ბაზარი,ბ,City,ქალაქი
ბაზელი,ბ,City,ქალაქი
ბაზილიკა,ბ,Plant,მცენარე
ბაზილიკი,ბ,Plant,მცენარე
ბაზუ,ბ,City,ქალაქი
ბათ იამი,ბ,City,ქალაქი
ბათ-იამი,ბ,City,ქალაქი
ბათა,ბ,Film,ფილმი
ბათა ქექია,ბ,Film,ფილმი
ბათი,ბ,City,ქალაქი
ბათიამი,ბ,City,ქალაქი
ბათმანი,ბ,City,ქალაქი
ბათრუნი,ბ,City,ქალაქი
ბათუ,ბ,Name,სახელი
ბათუმი,ბ,City,ქალაქი
ბაი დე ჰენი,ბ,City,ქალაქი
ბაია,ბ,City,ქალაქი
ბაია მარე,ბ,City,ქალაქი
ბაია ონდა,ბ,City,ქალაქი
ბაია-მარე,ბ,City,ქალაქი
ბაია-ონდა,ბ,City,ქალაქი
ბაიავანი,ბ,City,ქალაქი
ბაიამარე,ბ,City,ქალაქი
ბაიამო,ბ,City,ქალაქი
ბაიანი,ბ,City,ქალაქი
ბაიანხონგორი,ბ,City,ქალაქი
ბაიაონდა,ბ,City,ქალაქი
ბაიბურთი,ბ,City,ქალაქი
ბაიდოა,ბ,City,ქალაქი
ბაიერა-ვილიჯი,ბ,City,ქალაქი
ბაით ალ ფაქიჰი,ბ,City,ქალაქი
ბაით ალ-ავაბი,ბ,City,ქალაქი
ბაით ალ-ფაკიჰი,ბ,City,ქალაქი
ბაით ალ-ფაქიჰი,ბ,City,ქალაქი
ბაით ალფაქიჰი,ბ,City,ქალაქი
ბაიკოი,ბ,City,ქალაქი
ბაიკონური,ბ,City,ქალაქი
ბაიონა,ბ,City,ქალაქი
ბაირამ ცური,ბ,City,ქალაქი
ბაირიკი,ბ,City,ქალაქი
ბაისუბნისხევი,ბ,River,მდინარე
ბაიყონური,ბ,City,ქალაქი
ბაიჯი,ბ,City,ქალაქი
ბაკარ,ბ,Name,სახელი
ბაკაფიორდური,ბ,City,ქალაქი
ბაკეუ,ბ,City,ქალაქი
ბაკიხანოვი,ბ,City,ქალაქი
ბაკკუს მარში,ბ,City,ქალაქი
ბაკო,ბ,City,ქალაქი
ბაკოორი,ბ,City,ქალაქი
ბაკრი,ბ,City,ქალაქი
ბაკურ,ბ,Name,სახელი
ბაკური,ბ,Name,სახელი
ბაკურიაანი,ბ,City,ქალაქი
ბაკურიანი,ბ,City,ქალაქი
ბაკურიანის ანდეზიტი,ბ,City,ქალაქი
ბაკურიანისწყალი,ბ,River,მდინარე
ბაკურხევი,ბ,River,მდინარე
ბალა,ბ,City,ქალაქი
ბალადა,ბ,Film,ფილმი
ბალადა ჯარისკაცზე,ბ,Film,ფილმი
ბალადი,ბ,City,ქალაქი
ბალაიტ ე პოშტემი,ბ,City,ქალაქი
ბალაკა,ბ,City,ქალაქი
ბალაკანი,ბ,City,ქალაქი
ბალაკლავა,ბ,City,ქალაქი
ბალანგა,ბ,City,ქალაქი
ბალაო,ბ,City,ქალაქი
ბალარატი,ბ,City,ქალაქი
ბალაშადიარმატი,ბ,City,ქალაქი
ბალახადერინი,ბ,City,ქალაქი
ბალახანი,ბ,City,ქალაქი
ბალახთდგომა,ბ,Food,საკვები
ბალახოვითი,ბ,City,ქალაქი
ბალახურა,ბ,Plant,მცენარე
ბალბა,ბ,Plant,მცენარე
ბალბრიგანი,ბ,City,ქალაქი
ბალდონე,ბ,City,ქალაქი
ბალერუპი,ბ,City,ქალაქი
ბალვი,ბ,City,ქალაქი
ბალზარი,ბ,City,ქალაქი
ბალთასარ-ბრუმი,ბ,City,ქალაქი
ბალი,ბ,City,ქალაქი
ბალიბეი,ბ,City,ქალაქი
ბალიბოფი,ბ,City,ქალაქი
ბალიგიჩანი,ბ,River,მდინარე
ბალიკპაპანი,ბ,City,ქალაქი
ბალილა,ბ,City,ქალაქი
ბალიმოტი,ბ,City,ქალაქი
ბალინა,ბ,City,ქალაქი
ბალინამორი,ბ,City,ქალაქი
ბალინასლო,ბ,City,ქალაქი
ბალინლოხი,ბ,City,ქალაქი
ბალინრობი,ბ,City,ქალაქი
ბალიუაგი,ბ,City,ქალაქი
ბალიქესირი,ბ,City,ქალაქი
ბალიყში,ბ,City,ქალაქი
ბალიშენონი,ბ,City,ქალაქი
ბალიჰონისი,ბ,City,ქალაქი
ბალკანაბადი,ბ,City,ქალაქი
ბალკლუთა,ბ,City,ქალაქი
ბალლაი,ბ,City,ქალაქი
ბალლგინი,ბ,City,ქალაქი
ბალმაზუივაროში,ბ,City,ქალაქი
ბალოჟი,ბ,City,ქალაქი
ბალპიკ ბი,ბ,City,ქალაქი
ბალსასი,ბ,River,მდინარე
ბალსტა,ბ,City,ქალაქი
ბალტიმორი,ბ,City,ქალაქი
ბალტო,ბ,Film,ფილმი
ბალტოიი ვოკე,ბ,City,ქალაქი
ბალუ,ბ,Film,ფილმი
ბალფური,ბ,City,ქალაქი
ბალში,ბ,City,ქალაქი
ბალჩიკი,ბ,City,ქალაქი
ბალცერსი,ბ,City,ქალაქი
ბალხაში,ბ,City,ქალაქი
ბალხი,ბ,City,ქალაქი
ბამა,ბ,City,ქალაქი
ბამაკო,ბ,City,ქალაქი
ბამბა,ბ,Plant,მცენარე
ბამბაკაშათი,ბ,City,ქალაქი
ბამბარი,ბ,City,ქალაქი
ბამბაჯანი,ბ,City,ქალაქი
ბამბუ,ბ,City,ქალაქი
ბამბუკი,ბ,Plant,მცენარე
ბამბუს ვირიე,ბ,City,ქალაქი
ბამენდა,ბ,City,ქალაქი
ბამენდჯუ,ბ,City,ქალაქი
ბამი,ბ,City,ქალაქი
ბამიანი,ბ,City,ქალაქი
ბამუსო,ბ,City,ქალაქი
ბან-ბანგ-სო-თონგი,ბ,City,ქალაქი
ბან-ლამ-ლუკ-კა,ბ,City,ქალაქი
ბან-მაი,ბ,City,ქალაქი
ბან-მე-ჩანი,ბ,City,ქალაქი
ბან-ნა,ბ,City,ქალაქი
ბან-პონგი,ბ,City,ქალაქი
ბან-რანგსიტი,ბ,City,ქალაქი
ბან-ფაეო,ბ,City,ქალაქი
ბან-ფაი,ბ,City,ქალაქი
ბან-ფატაია,ბ,City,ქალაქი
ბანა,ბ,City,ქალაქი
ბანანა,ბ,City,ქალაქი
ბანანესი,ბ,City,ქალაქი
ბანანი,ბ,Plant,მცენარე
ბანბალა,ბ,City,ქალაქი
ბანბური,ბ,City,ქალაქი
ბანგ-ბუა-თონგი,ბ,City,ქალაქი
ბანგ-კრუაი,ბ,City,ქალაქი
ბანგ-ლამუნგი,ბ,City,ქალაქი
ბანგ-ფაე,ბ,City,ქალაქი
ბანგალი,ბ,River,მდინარე
ბანგანგტე,ბ,City,ქალაქი
ბანგასუ,ბ,City,ქალაქი
ბანგი,ბ,City,ქალაქი
ბანგკოკი,ბ,City,ქალაქი
ბანგლადეში,ბ,Country,ქვეყანა
ბანგლადეშის სახალხო რესპუბლიკა,ბ,Country,ქვეყანა
ბანგუ,ბ,City,ქალაქი
ბანდა აჩეჰი,ბ,City,ქალაქი
ბანდა-აჩეჰი,ბ,City,ქალაქი
ბანდააჩეჰი,ბ,City,ქალაქი
ბანდამა,ბ,River,მდინარე
ბანდარ ანზალი,ბ,City,ქალაქი
ბანდარ სერი ბეგავანი,ბ,City,ქალაქი
ბანდარ-ანზალი,ბ,City,ქალაქი
ბანდარ-სერი-ბეგავანი,ბ,City,ქალაქი
ბანდარანზალი,ბ,City,ქალაქი
ბანდარბანი,ბ,City,ქალაქი
ბანდარბეილა,ბ,City,ქალაქი
ბანდარსერიბეგავანი,ბ,City,ქალაქი
ბანდაჯუ,ბ,City,ქალაქი
ბანდიკოტი,ბ,Animal,ცხოველი
ბანდირმა,ბ,City,ქალაქი
ბანდონი,ბ,City,ქალაქი
ბანდორანი,ბ,City,ქალაქი
ბანდუნგი,ბ,City,ქალაქი
ბანდუნდუ,ბ,City,ქალაქი
ბანესი,ბ,City,ქალაქი
ბანი,ბ,River,მდინარე
ბანი ვალიდი,ბ,City,ქალაქი
ბანი მაზარი,ბ,City,ქალაქი
ბანი სუაფი,ბ,City,ქალაქი
ბანი-ვალიდი,ბ,City,ქალაქი
ბანი-მაზარი,ბ,City,ქალაქი
ბანი-სუაფი,ბ,City,ქალაქი
ბანი-ხალადი,ბ,City,ქალაქი
ბანი-ჰასანი,ბ,City,ქალაქი
ბანია ლუკა,ბ,City,ქალაქი
ბანია-ლუკა,ბ,City,ქალაქი
ბანიალუკა,ბ,City,ქალაქი
ბანიასი,ბ,City,ქალაქი
ბანიაჩანგი,ბ,City,ქალაქი
ბანივალიდი,ბ,City,ქალაქი
ბანიკოარა,ბ,City,ქალაქი
ბანიმაზარი,ბ,City,ქალაქი
ბანიო,ბ,City,ქალაქი
ბანისუაფი,ბ,City,ქალაქი
ბანისხევი,ბ,River,მდინარე
ბანკა,ბ,City,ქალაქი
ბანკეტი,ბ,City,ქალაქი
ბანკიმი,ბ,City,ქალაქი
ბანკრანა,ბ,City,ქალაქი
ბანოვიჩი,ბ,City,ქალაქი
ბანოვცე ნად ბებრავოუ,ბ,City,ქალაქი
ბანოვცე-ნად-ბებრავოუ,ბ,City,ქალაქი
ბანოვცენადბებრავოუ,ბ,City,ქალაქი
ბანოსი,ბ,City,ქალაქი
ბანოში,ბ,Food,საკვები
ბანოშისწყალი,ბ,River,მდინარე
ბანსკა ბისტრიცა,ბ,City,ქალაქი
ბანსკა შტიავნიცა,ბ,City,ქალაქი
ბანსკა-ბისტრიცა,ბ,City,ქალაქი
ბანსკა-შტიავნიცა,ბ,City,ქალაქი
ბანსკაბისტრიცა,ბ,City,ქალაქი
ბანსკაშტიავნიცა,ბ,City,ქალაქი
ბანსკო,ბ,City,ქალაქი
ბანსოა,ბ,City,ქალაქი
ბანტინგი,ბ,City,ქალაქი
ბანტრი,ბ,City,ქალაქი
ბანფი,ბ,City,ქალაქი
ბანფორა,ბ,City,ქალაქი
ბანქოს,ბ,Film,ფილმი
ბანქოს სახლი,ბ,Film,ფილმი
ბანჯა ლუკა,ბ,City,ქალაქი
ბანჯარანი,ბ,City,ქალაქი
ბანჯარბარუ,ბ,City,ქალაქი
ბანჯარმასინი,ბ,City,ქალაქი
ბანჯული,ბ,City,ქალაქი
ბანჯუნი,ბ,City,ქალაქი
ბანჰა,ბ,City,ქალაქი
ბაობაბი,ბ,Plant,მცენარე
ბაოდინი,ბ,City,ქალაქი
ბაორო,ბ,City,ქალაქი
ბაოტოუ,ბ,City,ქალაქი
ბარა,ბ,City,ქალაქი
ბარა-დე-კარასკო,ბ,City,ქალაქი
ბარაგოი,ბ,City,ქალაქი
ბარაგუა,ბ,City,ქალაქი
ბარადერეს,ბ,City,ქალაქი
ბარათა,ბ,Name,სახელი
ბარათხევი,ბ,River,მდინარე
ბარაკალдо,ბ,City,ქალაქი
ბარაკანი,ბ,City,ქალაქი
ბარაკარი,ბ,River,მდინარე
ბარაკი,ბ,City,ქალაქი
ბარაკი ბარაქი,ბ,City,ქალაქი
ბარაკოა,ბ,City,ქალაქი
ბარაკუდა,ბ,Animal,ცხოველი
ბარალეთისწყალი,ბ,River,მდინარე
ბარამ,ბ,Name,სახელი
ბარანავიჩი,ბ,City,ქალაქი
ბარანკა,ბ,City,ქალაქი
ბარაჰანუდინი,ბ,City,ქალაქი
ბარბადოსი,ბ,Country,ქვეყანა
ბარბარა,ბ,Name,სახელი
ბარბარე,ბ,Name,სახელი
ბარბარი,ბ,City,ქალაქი
ბარბაქოა,ბ,Food,საკვები
ბარბერენა,ბ,City,ქალაქი
ბარბერტონი,ბ,City,ქალაქი
ბარბი,ბ,Name,სახელი
ბარგაალი,ბ,City,ქალაქი
ბარგუზინი,ბ,River,მდინარე
ბარდა,ბ,City,ქალაქი
ბარდეიოვი,ბ,City,ქალაქი
ბარდია,ბ,City,ქალაქი
ბარეილი,ბ,City,ქალაქი
ბარეირუ,ბ,City,ქალაქი
ბარენდრეხტი,ბ,City,ქალაქი
ბარენტი,ბ,City,ქალაქი
ბარენტუ,ბ,City,ქალაქი
ბარენცბურგი,ბ,City,ქალაქი
ბართანგი,ბ,River,მდინარე
ბართინი,ბ,City,ქალაქი
ბართლომე,ბ,Name,სახელი
ბარი,ბ,City,ქალაქი
ბარი ლინდონი,ბ,Film,ფილმი
ბარიკა,ბ,City,ქალაქი
ბარილას,ბ,City,ქალაქი
ბარინასი,ბ,City,ქალაქი
ბარინგო,ბ,City,ქალაქი
ბარისალი,ბ,City,ქალაქი
ბარისმი,ბ,City,ქალაქი
ბარისპალი,ბ,City,ქალაქი
ბარკა,ბ,River,მდინარე
ბარკევოლი,ბ,City,ქალაქი
ბარკისიმეტო,ბ,City,ქალაქი
ბარლეტა,ბ,City,ქალაქი
ბარნაკლი,ბ,Animal,ცხოველი
ბარნაული,ბ,City,ქალაქი
ბაროს ბლანკოსი,ბ,City,ქალაქი
ბაროს-ბლანკოსი,ბ,City,ქალაქი
ბაროსბლანკოსი,ბ,City,ქალაქი
ბაროუ,ბ,River,მდინარე
ბარსელონა,ბ,City,ქალაქი
ბარსელუში,ბ,City,ქალაქი
ბარტიკა,ბ,City,ქალაქი
ბარტოლომე მასო,ბ,City,ქალაქი
ბარტოლომე-მასო,ბ,City,ქალაქი
ბარტოლომემასო,ბ,City,ქალაქი
ბარუერი,ბ,City,ქალაქი
ბარუპე,ბ,River,მდინარე
ბარუუნ-ურტი,ბ,City,ქალაქი
ბარცხანა,ბ,River,მდინარე
ბარძიმ,ბ,Name,სახელი
ბას ტერი,ბ,City,ქალაქი
ბას-ტერი,ბ,City,ქალაქი
ბასარაბეასკა,ბ,City,ქალაქი
ბასარი,ბ,City,ქალაქი
ბასეტ ჰაუნდი,ბ,Animal,ცხოველი
ბასილ,ბ,Name,სახელი
ბასილა,ბ,City,ქალაქი
ბასრა,ბ,City,ქალაქი
ბასტერი,ბ,City,ქალაქი
ბატა,ბ,City,ქალაქი
ბატაბანო,ბ,City,ქალაქი
ბატამბანკი,ბ,City,ქალაქი
ბატანგასი,ბ,City,ქალაქი
ბატანგაფო,ბ,City,ქალაქი
ბატანი,ბ,City,ქალაქი
ბატარამულა,ბ,City,ქალაქი
ბატატი,ბ,Food,საკვები
ბატდამბანგი,ბ,City,ქალაქი
ბატერვორთი,ბ,City,ქალაქი
ბატი,ბ,City,ქალაქი
ბატიბო,ბ,City,ქალაქი
ბატიკალოა,ბ,City,ქალაქი
ბატიკენტი,ბ,City,ქალაქი
ბატნა,ბ,City,ქალაქი
ბატონი,ბ,Film,ფილმი
ბატონი 420,ბ,Film,ფილმი
ბატონი ავანტიურისტები,ბ,Film,ფილმი
ბატონი პიბოდი,ბ,Film,ფილმი
ბატონი პიბოდი და შერმანი,ბ,Film,ფილმი
ბატონო,ბ,Film,ფილმი
ბატონო ჰავარდენ,ბ,Film,ფილმი
ბატონტერენიე,ბ,City,ქალაქი
ბატსა,ბ,City,ქალაქი
ბატუ ბერენდამი,ბ,City,ქალაქი
ბატუ გაჯაჰი,ბ,City,ქალაქი
ბატუ პაჰატი,ბ,City,ქალაქი
ბატურაჯა,ბ,City,ქალაქი
ბატური,ბ,City,ქალაქი
ბაურუ,ბ,City,ქალაქი
ბაუსკა,ბ,City,ქალაქი
ბაუტა,ბ,City,ქალაქი
ბაუჩი,ბ,City,ქალაქი
ბაფ ბეი,ბ,City,ქალაქი
ბაფანგი,ბ,City,ქალაქი
ბაფია,ბ,City,ქალაქი
ბაფილო,ბ,City,ქალაქი
ბაფრა,ბ,City,ქალაქი
ბაფუსამი,ბ,City,ქალაქი
ბაქა ჯათი,ბ,City,ქალაქი
ბაქა-ჯათი,ბ,City,ქალაქი
ბაქარ,ბ,Name,სახელი
ბაქაჯათი,ბ,City,ქალაქი
ბაქო,ბ,City,ქალაქი
ბაქსანი,ბ,River,მდინარე
ბაღათერა,ბ,Name,სახელი
ბაღდადი,ბ,City,ქალაქი
ბაღდათი,ბ,City,ქალაქი
ბაღის,ბ,Food,საკვები
ბაღის სატაცური,ბ,Food,საკვები
ბაღლანი,ბ,City,ქალაქი
ბაყაყი,ბ,Animal,ცხოველი
ბაყუბა,ბ,City,ქალაქი
ბაშარაჟი,ბ,City,ქალაქი
ბაში-აჩუკი,ბ,Film,ფილმი
ბაშჩარშია,ბ,City,ქალაქი
ბაჩანა,ბ,Name,სახელი
ბაჩი,ბ,Name,სახელი
ბაჩო,ბ,Name,სახელი
ბაჩუკი,ბ,Name,სახელი
ბაჭია,ბ,Animal,ცხოველი
ბაჭუა,ბ,Name,სახელი
ბახაფჩა,ბ,River,მდინარე
ბახვა,ბ,Name,სახელი
ბახვი,ბ,River,მდინარე
ბახვისწყალი,ბ,River,მდინარე
ბახია ჰონდასი,ბ,City,ქალაქი
ბახმარო,ბ,City,ქალაქი
ბაჯილი,ბ,City,ქალაქი
ბაჯიტპური,ბ,City,ქალაქი
ბაჰავალნაგარი,ბ,City,ქალაქი
ბაჰავალპური,ბ,City,ქალაქი
ბაჰამები,ბ,Country,ქვეყანა
ბაჰამის კუნძულები,ბ,Country,ქვეყანა
ბაჰამის კუნძულების თანამეგობრობა,ბ,Country,ქვეყანა
ბაჰანი,ბ,City,ქალაქი
ბაჰარლი,ბ,City,ქალაქი
ბაჰაუ,ბ,City,ქალაქი
ბაჰია ბლანკა,ბ,City,ქალაქი
ბაჰია დე კარაკეზი,ბ,City,ქალაქი
ბაჰირ דארი,ბ,City,ქალაქი
ბაჰონი,ბ,City,ქალაქი
ბაჰრ დარი,ბ,City,ქალაქი
ბაჰრ-დარი,ბ,City,ქალაქი
ბაჰრ-ელ-ღაზალი,ბ,River,მდინარე
ბაჰრდარი,ბ,City,ქალაქი
ბაჰრეინი,ბ,Country,ქვეყანა
ბაჰრეინის სამეფო,ბ,Country,ქვეყანა
ბეალანანა,ბ,City,ქალაქი
ბეატრისა,ბ,Name,სახელი
ბეატრისი,ბ,City,ქალაქი
ბებერი,ბ,Film,ფილმი
ბებერი მეზურნეები,ბ,Film,ფილმი
ბებეჯდია,ბ,City,ქალაქი
ბებია,ბ,Film,ფილმი
ბებია ილიკო,ბ,Film,ფილმი
ბებია ყველასათვის,ბ,Film,ფილმი
ბებოტო,ბ,City,ქალაქი
ბეგა,ბ,Name,სახელი
ბეგი,ბ,Name,სახელი
ბეგლარ,ბ,Name,სახელი
ბეგონია,ბ,Plant,მცენარე
ბეგორო,ბ,City,ქალაქი
ბეგქონდარა,ბ,Plant,მცენარე
ბედეკოვჩინა,ბ,City,ქალაქი
ბედელე,ბ,City,ქალაქი
ბედესა,ბ,City,ქალაქი
ბედიანი,ბ,City,ქალაქი
ბედის,ბ,Film,ფილმი
ბედის ირონია ანუ,ბ,Film,ფილმი
"ბედის ირონია, ანუ გაამოთ",ბ,Film,ფილმი
ბედისა,ბ,Name,სახელი
ბედნიერების,ბ,Film,ფილმი
ბედნიერების დევნა,ბ,Film,ფილმი
ბედნიერი,ბ,Film,ფილმი
ბედნიერი თათები,ბ,Film,ფილმი
ბედნიერი შეხვედრა,ბ,Film,ფილმი
ბედონგი,ბ,City,ქალაქი
ბედუმი,ბ,City,ქალაქი
ბეერ შევა,ბ,City,ქალაქი
ბეერ-შევა,ბ,City,ქალაქი
ბეერშევა,ბ,City,ქალაქი
ბევერენი,ბ,City,ქალაქი
ბევერვეიკი,ბ,City,ქალაქი
ბევერლი,ბ,Film,ფილმი
ბევერლი ჰილზი,ბ,City,ქალაქი
ბევერლი-ჰილზი,ბ,City,ქალაქი
ბევერლიჰილზი,ბ,City,ქალაქი
ბეზანსონი,ბ,City,ქალაქი
ბეზიე,ბ,City,ქალაქი
ბეთ შეანი,ბ,City,ქალაქი
ბეთ-დაგანი,ბ,City,ქალაქი
ბეთ-შეანი,ბ,City,ქალაქი
ბეთ-შემეში,ბ,City,ქალაქი
ბეთალი,ბ,City,ქალაქი
ბეთარ ილითი,ბ,City,ქალაქი
ბეთარ-ილითი,ბ,City,ქალაქი
ბეთარილითი,ბ,City,ქალაქი
ბეთელ თაუნი,ბ,City,ქალაქი
ბეთლემი,ბ,City,ქალაქი
ბეთქილ,ბ,Name,სახელი
ბეთშეანი,ბ,City,ქალაქი
ბეთშევა,ბ,City,ქალაქი
ბეიაზითის მოედანი,ბ,City,ქალაქი
ბეით იაშური,ბ,City,ქალაქი
ბეით შემეში,ბ,City,ქალაქი
ბეით-იაფა,ბ,City,ქალაქი
ბეით-იაშური,ბ,City,ქალაქი
ბეით-იდისი,ბ,City,ქალაქი
ბეით-შემეში,ბ,City,ქალაქი
ბეით-ჯანი,ბ,City,ქალაქი
ბეითიაშური,ბ,City,ქალაქი
ბეითშემეში,ბ,City,ქალაქი
ბეიკერსფილდი,ბ,City,ქალაქი
ბეილე ერკულანე,ბ,City,ქალაქი
ბეილე-ერკულანე,ბ,City,ქალაქი
ბეილეერკულანე,ბ,City,ქალაქი
ბეილისი,ბ,Food,საკვები
ბეინამარი,ბ,City,ქალაქი
ბეინეუ,ბ,City,ქალაქი
ბეირა,ბ,City,ქალაქი
ბეირუთი,ბ,City,ქალაქი
ბეიტბრიჯი,ბ,City,ქალაქი
ბეიტსის,ბ,Film,ფილმი
ბეიტსის მოტელი,ბ,Film,ფილმი
ბეკასი,ბ,City,ქალაქი
ბეკეში,ბ,City,ქალაქი
ბეკეშჩაბა,ბ,City,ქალაქი
ბეკონდო,ბ,City,ქალაქი
ბეკუაი,ბ,City,ქალაქი
ბელ ეარი,ბ,City,ქალაქი
ბელ ვილე,ბ,City,ქალაქი
ბელ-ანსე,ბ,City,ქალაქი
ბელა,ბ,Name,სახელი
ბელა-ვისტა,ბ,City,ქალაქი
ბელა-უნიონი,ბ,City,ქალაქი
ბელაბო,ბ,City,ქალაქი
ბელაია,ბ,River,მდინარე
ბელარუსი,ბ,Country,ქვეყანა
ბელარუსია,ბ,Country,ქვეყანა
ბელარუსის რესპუბლიკა,ბ,Country,ქვეყანა
ბელაქნისწყალი,ბ,River,მდინარე
ბელაში,ბ,City,ქალაქი
ბელგაუმი,ბ,City,ქალაქი
ბელგია,ბ,Country,ქვეყანა
ბელგიის სამეფო,ბ,Country,ქვეყანა
ბელგიური,ბ,Food,საკვები
ბელგიური ლუდი,ბ,Food,საკვები
ბელგრადი,ბ,City,ქალაქი
ბელედვეინე,ბ,City,ქალაქი
ბელედუეინი,ბ,City,ქალაქი
ბელელი,ბ,City,ქალაქი
ბელემი,ბ,City,ქალაქი
ბელენე,ბ,City,ქალაქი
ბელენი,ბ,City,ქალაქი
ბელვო,ბ,City,ქალაქი
ბელი,ბ,Animal,ცხოველი
ბელი,ბ,Animal,ცხოველი
ბელი მანასტირი,ბ,City,ქალაქი
ბელიზი,ბ,Country,ქვეყანა
ბელიზი სიტი,ბ,City,ქალაქი
ბელინი,ბ,Food,საკვები
ბელინცონა,ბ,City,ქალაქი
ბელიში,ბ,City,ქალაქი
ბელმოპანი,ბ,City,ქალაქი
ბელო,ბ,City,ქალაქი
ბელო ცირიბიჰინა,ბ,City,ქალაქი
ბელო ჰორიზონტე,ბ,City,ქალაქი
ბელოვარი,ბ,City,ქალაქი
ბელორუსია,ბ,Country,ქვეყანა
ბელოსლავი,ბ,City,ქალაქი
ბელოსტოკი,ბ,City,ქალაქი
ბელოჰა,ბ,City,ქალაქი
ბელსკო-ბიალა,ბ,City,ქალაქი
ბელტინცი,ბ,City,ქალაქი
ბელტურბეტი,ბ,City,ქალაქი
ბელუ ორიზონტი,ბ,City,ქალაქი
ბელუ-ორიზონტი,ბ,City,ქალაქი
ბელუზერსკი,ბ,City,ქალაქი
ბელუორიზონტი,ბ,City,ქალაქი
ბელფორდ როქსო,ბ,City,ქალაქი
ბელფორი,ბ,City,ქალაქი
ბელცი,ბ,City,ქალაქი
ბელხატუვი,ბ,City,ქალაქი
ბემბერეკე,ბ,City,ქალაქი
ბემბი,ბ,Film,ფილმი
ბემბი ii,ბ,Film,ფილმი
ბენ-ჰური,ბ,Film,ფილმი
ბენარესი,ბ,City,ქალაქი
ბენბუ,ბ,City,ქალაქი
ბენგალურუ,ბ,City,ქალაქი
ბენგელა,ბ,City,ქალაქი
ბენგკულუ,ბ,City,ქალაქი
ბენგუელა,ბ,City,ქალაქი
ბენდერ აბასი,ბ,City,ქალაქი
ბენდერ-აბასი,ბ,City,ქალაქი
ბენდერ-კასიმი,ბ,City,ქალაქი
ბენდერაბასი,ბ,City,ქალაქი
ბენდერი,ბ,City,ქალაქი
ბენდიგო,ბ,City,ქალაქი
ბენედენ-მერვედე,ბ,River,მდინარე
ბენედიქტე,ბ,Name,სახელი
ბენევენტო,ბ,City,ქალაქი
ბენზდორპი (მონტე-ერმონი),ბ,City,ქალაქი
ბენი,ბ,River,მდინარე
ბენი მერედი,ბ,City,ქალაქი
ბენი საფი,ბ,City,ქალაქი
ბენი ჰასანი,ბ,City,ქალაქი
ბენი-მელალი,ბ,City,ქალაქი
ბენი-ხიარი,ბ,City,ქალაქი
ბენი-ჰასანი,ბ,City,ქალაქი
ბენია,ბ,Name,სახელი
ბენიამინ,ბ,Name,სახელი
ბენიდორმი,ბ,City,ქალაქი
ბენინ სითი,ბ,City,ქალაქი
ბენინ-სითი,ბ,City,ქალაქი
ბენინი,ბ,Country,ქვეყანა
ბენინის რესპუბლიკა,ბ,Country,ქვეყანა
ბენინსითი,ბ,City,ქალაქი
ბენიჰასანი,ბ,City,ქალაქი
ბენკე ვიეხო დელ კარმენი,ბ,City,ქალაქი
ბენკულუ,ბ,City,ქალაქი
ბენო,ბ,Name,სახელი
ბენოი,ბ,City,ქალაქი
ბენონი,ბ,City,ქალაქი
ბენსი,ბ,City,ქალაქი
ბენსონვილი,ბ,City,ქალაქი
ბენტიუ,ბ,City,ქალაქი
ბენტონგ თაუნი,ბ,City,ქალაქი
ბენტოტა,ბ,City,ქალაქი
ბენუე,ბ,River,მდინარე
ბენღაზი,ბ,City,ქალაქი
ბენძინი,ბ,City,ქალაქი
ბენხამინ-ასევალი,ბ,City,ქალაქი
ბენჯამინ,ბ,Film,ფილმი
ბენჯამინ ბატონის უცნაური,ბ,Film,ფილმი
ბენჯამინ ბატონის უცნაური ისტორია,ბ,Film,ფილმი
ბეოვულფი,ბ,Film,ფილმი
ბეპუ,ბ,City,ქალაქი
ბეჟა,ბ,City,ქალაქი
ბეჟაია,ბ,City,ქალაქი
ბეჟან,ბ,Name,სახელი
ბეჟანი,ბ,Name,სახელი
ბერა,ბ,City,ქალაქი
ბერანე,ბ,City,ქალაქი
ბერატი,ბ,City,ქალაქი
ბერბა,ბ,City,ქალაქი
ბერბერა,ბ,City,ქალაქი
ბერბერაი,ბ,City,ქალაქი
ბერბერატი,ბ,City,ქალაქი
ბერგამო,ბ,City,ქალაქი
ბერგამოტი,ბ,Food,საკვები
ბერგენ-ოპ-ზომი,ბ,City,ქალაქი
ბერგენი,ბ,City,ქალაქი
ბერგიში გლადბახი,ბ,City,ქალაქი
ბერგსე-მაასი,ბ,River,მდინარე
ბერდავანი,ბ,City,ქალაქი
ბერდი,ბ,City,ქალაქი
ბერდია,ბ,Name,სახელი
ბერდიჩივი,ბ,City,ქალაქი
ბერდორფი,ბ,City,ქალაქი
ბერე,ბ,City,ქალაქი
ბერე არდანპონი,ბ,Food,საკვები
ბერე ბოსკი,ბ,Food,საკვები
ბერეედა,ბ,City,ქალაქი
ბერეკუმი,ბ,City,ქალაქი
ბერელდანჟი,ბ,City,ქალაქი
ბერეტიოუიფალუ,ბ,City,ქალაქი
ბერეშიდი,ბ,City,ქალაქი
ბერზციემსი,ბ,City,ქალაქი
ბერი,ბ,Film,ფილმი
ბერიაანი,ბ,City,ქალაქი
ბერინგენი,ბ,City,ქალაქი
ბერიოზოვკა,ბ,River,მდინარე
ბერკანი,ბ,City,ქალაქი
ბერკელი,ბ,River,მდინარე
ბერკლი,ბ,City,ქალაქი
ბერკოვიცა,ბ,City,ქალაქი
ბერლინი,ბ,City,ქალაქი
ბერლინის,ბ,Film,ფილმი
ბერლინის თავზე,ბ,Film,ფილმი
ბერმეხო,ბ,City,ქალაქი
ბერმუდა,ბ,Country,ქვეყანა
ბერმუდის კუნძულები,ბ,Country,ქვეყანა
ბერნაბი,ბ,City,ქალაქი
ბერნდორფი,ბ,City,ქალაქი
ბერნი,ბ,City,ქალაქი
ბერნჰემი,ბ,City,ქალაქი
ბეროაუახია,ბ,City,ქალაქი
ბეროვო,ბ,City,ქალაქი
ბეროზა,ბ,City,ქალაქი
ბეროროჰა,ბ,City,ქალაქი
ბერჟემი,ბ,City,ქალაქი
ბერსელი,ბ,City,ქალაქი
ბერტრანჟი,ბ,City,ქალაქი
ბერტუა,ბ,City,ქალაქი
ბერუვალა,ბ,City,ქალაქი
ბერუკა,ბ,Name,სახელი
ბერუჩა,ბ,Name,სახელი
ბერყენა,ბ,Food,საკვები
ბერძენი,ბ,Film,ფილმი
ბერძენი ზორბა,ბ,Film,ფილმი
ბერძნული,ბ,Food,საკვები
ბერძნული ღვინო,ბ,Food,საკვები
ბერხემი,ბ,City,ქალაქი
ბესამე,ბ,Film,ფილმი
ბესარიონ,ბ,Name,სახელი
ბესბესი,ბ,City,ქალაქი
ბესიკ,ბ,Name,სახელი
ბესლეთი,ბ,River,მდინარე
ბესო,ბ,Name,სახელი
ბესოსი,ბ,River,მდინარე
ბეტანჟ-სურ-მესი,ბ,City,ქალაქი
ბეტარე ოია,ბ,City,ქალაქი
ბეტაფო,ბ,City,ქალაქი
ბეტემბურგი,ბ,City,ქალაქი
ბეტენდორფი,ბ,City,ქალაქი
ბეტერუ,ბ,City,ქალაქი
ბეტიმი,ბ,City,ქალაქი
ბეტიოკი,ბ,City,ქალაქი
ბეტმენი,ბ,Film,ფილმი
ბეტმენი ბრუნდება,ბ,Film,ფილმი
ბეტმენი და რობინი,ბ,Film,ფილმი
ბეტმენი დასაწყისი,ბ,Film,ფილმი
ბეტმენი სამუდამოდ,ბ,Film,ფილმი
ბეტმენი სუპერმენის წინააღმდეგ,ბ,Film,ფილმი
ბეტმენი სუპერმენის წინააღმდეგ სამართლიანობის გარიჟრაჟი,ბ,Film,ფილმი
ბეტმენი სუპერმენის წინააღმდეგ: სამართლიანობის გარიჟრაჟი,ბ,Film,ფილმი
ბეტმენი: დასაწყისი,ბ,Film,ფილმი
ბეტონგი,ბ,City,ქალაქი
ბექა,ბ,Name,სახელი
ბეღურა,ბ,Animal,ცხოველი
ბეშარი,ბ,City,ქალაქი
ბეშქენ,ბ,Name,სახელი
ბეჩემი,ბ,City,ქალაქი
ბეჭდების,ბ,Film,ფილმი
ბეჭდების მბრძანებელი,ბ,Film,ფილმი
ბეჭდების მბრძანებელი ბეჭდის,ბ,Film,ფილმი
ბეჭდების მბრძანებელი ბეჭდის საძმო,ბ,Film,ფილმი
ბეჭდების მბრძანებელი მეფის,ბ,Film,ფილმი
ბეჭდების მბრძანებელი მეფის დაბრუნება,ბ,Film,ფილმი
ბეჭდების მბრძანებელი ორი,ბ,Film,ფილმი
ბეჭდების მბრძანებელი ორი ციხე-კოშკი,ბ,Film,ფილმი
ბეჭდების მბრძანებელი როჰირიმთა,ბ,Film,ფილმი
ბეჭდების მბრძანებელი როჰირიმთა ომი,ბ,Film,ფილმი
ბეჭდების მბრძანებელი ძალაუფლების,ბ,Film,ფილმი
ბეჭდების მბრძანებელი ძალაუფლების ბეჭდები,ბ,Film,ფილმი
ბეჭდების მბრძანებელი: ბეჭდის საძმო,ბ,Film,ფილმი
ბეჭდების მბრძანებელი: მეფის დაბრუნება,ბ,Film,ფილმი
ბეჭდების მბრძანებელი: ორი ციხე-კოშკი,ბ,Film,ფილმი
ბეჭდების მბრძანებელი: როჰირიმთა ომი,ბ,Film,ფილმი
ბეჭდების მბრძანებელი: ძალაუფლების ბეჭდები,ბ,Film,ფილმი
ბეხუკალი,ბ,City,ქალაქი
ბეხუკო,ბ,City,ქალაქი
ბეჰემოთი,ბ,Animal,ცხოველი
ბეჰემოტი,ბ,Animal,ცხოველი
ბეჰუკალი,ბ,City,ქალაქი
ბვეიოგერერე,ბ,City,ქალაქი
ბვიზიბვერა,ბ,City,ქალაქი
ბზა,ბ,Plant,მცენარე
ბზიფი,ბ,River,მდინარე
ბზურა,ბ,River,მდინარე
ბია,ბ,Plant,მცენარე
ბიაბუ,ბ,City,ქალაქი
ბიაკაბანდა,ბ,City,ქალაქი
ბიალა სლატინა,ბ,City,ქალაქი
ბიალა-პოდლასკა,ბ,City,ქალაქი
ბიალისტოკი,ბ,City,ქალაქი
ბიარიცი,ბ,City,ქალაქი
ბიბავუ,ბ,City,ქალაქი
ბიბიანი,ბ,City,ქალაქი
ბიბინჯე,ბ,City,ქალაქი
ბიბლოსი,ბ,City,ქალაქი
ბიგა,ბ,Animal,ცხოველი
ბიგლი,ბ,Animal,ცხოველი
ბიდა,ბ,City,ქალაქი
ბიდარა,ბ,River,მდინარე
ბიდბიდი,ბ,City,ქალაქი
ბიდგოშჩი,ბ,City,ქალაქი
ბიდური,ბ,City,ქალაქი
ბიებჟა,ბ,River,მდინარე
ბიელინა,ბ,City,ქალაქი
ბიელო პოლე,ბ,City,ქალაქი
ბიელო-პოლე,ბ,City,ქალაქი
ბიელოვარი,ბ,City,ქალაქი
ბიელოპოლე,ბ,City,ქალაქი
ბიელსკო ბიალა,ბ,City,ქალაქი
ბიელსკო-ბიალა,ბ,City,ქალაქი
ბიელსკობიალა,ბ,City,ქალაქი
ბიელჯინა,ბ,City,ქალაქი
ბიერინგბრო,ბ,City,ქალაქი
ბიზე,ბ,City,ქალაქი
ბიზერტა,ბ,City,ქალაქი
ბიზონი,ბ,Animal,ცხოველი
ბითლისი,ბ,City,ქალაქი
ბიკანერი,ბ,City,ქალაქი
ბიკენტი,ბ,Name,სახელი
ბიკი,ბ,River,მდინარე
ბიკინი,ბ,River,მდინარე
ბიკლი,ბ,Food,საკვები
ბიკურგა,ბ,City,ქალაქი
ბილა-ცერკვა,ბ,City,ქალაქი
ბილასუვარი,ბ,City,ქალაქი
ბილაჩარი,ბ,City,ქალაქი
ბილბაო,ბ,City,ქალაქი
ბილგა,ბ,City,ქალაქი
ბილდუდალური,ბ,City,ქალაქი
ბილენე მასია,ბ,City,ქალაქი
ბილენე-მასია,ბ,City,ქალაქი
ბილენემასია,ბ,City,ქალაქი
ბილეფელდი,ბ,City,ქალაქი
ბილეცა,ბ,City,ქალაქი
ბილეჯიქი,ბ,City,ქალაქი
ბილვი,ბ,City,ქალაქი
ბილზენი,ბ,City,ქალაქი
ბილი,ბ,City,ქალაქი
ბილი ელიოტი,ბ,Film,ფილმი
ბილიშტი,ბ,City,ქალაქი
ბილმა,ბ,City,ქალაქი
ბილტინე,ბ,City,ქალაქი
ბილუნდი,ბ,City,ქალაქი
ბიმბინი,ბ,City,ქალაქი
ბიმბო,ბ,City,ქალაქი
ბიმსტერი,ბ,City,ქალაქი
ბინ ჯავადი,ბ,City,ქალაქი
ბინ-ყირდანი,ბ,City,ქალაქი
ბინ-ჯავადი,ბ,City,ქალაქი
ბინა,ბ,City,ქალაქი
ბინაკადი,ბ,City,ქალაქი
ბინანგონანი,ბ,City,ქალაქი
ბინგა,ბ,City,ქალაქი
ბინგოლი,ბ,City,ქალაქი
ბინდი,ბ,Film,ფილმი
ბინდის,ბ,Film,ფილმი
ბინდის საგა,ბ,Film,ფილმი
ბინდის საგა ახალი,ბ,Film,ფილმი
ბინდის საგა ახალი მთვარე,ბ,Film,ფილმი
ბინდის საგა განთიადი,ბ,Film,ფილმი
ბინდის საგა განთიადი - ნაწილი,ბ,Film,ფილმი
ბინდის საგა განთიადი - ნაწილი 1,ბ,Film,ფილმი
ბინდის საგა დაბნელება,ბ,Film,ფილმი
ბინდის საგა: ახალი მთვარე,ბ,Film,ფილმი
ბინდის საგა: განთიადი - ნაწილი,ბ,Film,ფილმი
ბინდის საგა: განთიადი - ნაწილი 1,ბ,Film,ფილმი
ბინდის საგა: დაბნელება,ბ,Film,ფილმი
ბინდურა,ბ,City,ქალაქი
ბინინგენი,ბ,City,ქალაქი
ბინიონა,ბ,City,ქალაქი
ბინოინანო,ბ,City,ქალაქი
ბინონგა,ბ,City,ქალაქი
ბინტულუ,ბ,City,ქალაქი
ბინშე,ბ,City,ქალაქი
ბინჯავადი,ბ,City,ქალაქი
ბინჯაი,ბ,City,ქალაქი
ბინჰაი,ბ,City,ქალაქი
ბიო-ბიო,ბ,River,მდინარე
ბიოგრადი ნა მორუზე,ბ,City,ქალაქი
ბიორიოლიოხი,ბ,River,მდინარე
ბირ ელ ათერი,ბ,City,ქალაქი
ბირ ელ ჯირი,ბ,City,ქალაქი
ბირ-ელ-მაქსური,ბ,City,ქალაქი
ბირაკი,ბ,City,ქალაქი
ბირანი,ბ,City,ქალაქი
ბირაო,ბ,City,ქალაქი
ბირი,ბ,City,ქალაქი
ბირინე,ბ,City,ქალაქი
ბირკეროდი,ბ,City,ქალაქი
ბირკჰადემი,ბ,City,ქალაქი
ბირლადი,ბ,City,ქალაქი
ბირმა,ბ,Country,ქვეყანა
ბირმინგემი,ბ,City,ქალაქი
ბირნინ-კები,ბ,City,ქალაქი
ბირნინ-კონი,ბ,City,ქალაქი
ბიროფოლოგია,ბ,Food,საკვები
ბირჟაი,ბ,City,ქალაქი
ბირუინცა,ბ,City,ქალაქი
ბირშტონასი,ბ,City,ქალაქი
ბისარა,ბ,Food,საკვები
ბისაუ,ბ,City,ქალაქი
ბისენი,ბ,City,ქალაქი
ბისტრიცა,ბ,City,ქალაქი
ბიტამი,ბ,City,ქალაქი
ბიტიკა,ბ,City,ქალაქი
ბიტკინე,ბ,City,ქალაქი
ბიტოლა,ბ,City,ქალაქი
ბიტომი,ბ,City,ქალაქი
ბიტუნგი,ბ,City,ქალაქი
ბიტჩა,ბ,City,ქალაქი
ბიუ,ბ,City,ქალაქი
ბიუკენენი,ბ,City,ქალაქი
ბიულახი,ბ,City,ქალაქი
ბიურაკანი,ბ,City,ქალაქი
ბიურეღავანი,ბ,City,ქალაქი
ბიურეხოვანი,ბ,City,ქალაქი
ბიუსკეელვენი,ბ,River,მდინარე
ბიქტორ,ბ,Name,სახელი
ბიშკეკი,ბ,City,ქალაქი
ბიშო,ბ,City,ქალაქი
ბიშოფშოფენი,ბ,City,ქალაქი
ბიჩაკი,ბ,Food,საკვები
ბიჩენა,ბ,City,ქალაქი
ბიჩი,ბ,City,ქალაქი
ბიჩუორთი,ბ,City,ქალაქი
ბიცერინი,ბ,Food,საკვები
ბიძია,ბ,Film,ფილმი
ბიძია ტომის ქოხი,ბ,Film,ფილმი
ბიძინა,ბ,Name,სახელი
ბიჭვინთა,ბ,City,ქალაქი
ბიჭი,ბ,Film,ფილმი
ბიჭი და მისი ძაღლი,ბ,Film,ფილმი
ბიჭი და ყანჩა,ბ,Film,ფილმი
ბიჭი ველოსიპედით,ბ,Film,ფილმი
ბიჭი ზოლიან პიჟამაში,ბ,Film,ფილმი
ბიჭია,ბ,Name,სახელი
ბიჭიკო,ბ,Name,სახელი
ბიჭის,ბ,Film,ფილმი
ბიჭის სიტყვა,ბ,Film,ფილმი
ბიჭის სიტყვა სისხლი,ბ,Film,ფილმი
ბიჭის სიტყვა სისხლი ასფალტზე,ბ,Film,ფილმი
ბიჭის სიტყვა: სისხლი ასფალტზე,ბ,Film,ფილმი
ბიჭუნა,ბ,Film,ფილმი
ბიჭური,ბ,Name,სახელი
ბიხოვი,ბ,City,ქალაქი
ბიჰაჩი,ბ,City,ქალაქი
ბლაგოევგრადი,ბ,City,ქალაქი
ბლავე,ბ,River,მდინარე
ბლანდა,ბ,River,მდინარე
ბლანტირე,ბ,City,ქალაქი
ბლანტირი,ბ,City,ქალაქი
ბლაჟი,ბ,City,ქალაქი
ბლატნიცა,ბ,City,ქალაქი
ბლატო,ბ,City,ქალაქი
ბლაფი,ბ,City,ქალაქი
ბლედი,ბ,City,ქალაქი
ბლეკმენსი,ბ,City,ქალაქი
ბლენდუოუსი,ბ,City,ქალაქი
ბლენჰაიმი,ბ,City,ქალაქი
ბლექ რივერი,ბ,City,ქალაქი
ბლიტარი,ბ,City,ქალაქი
ბლიშტე,ბ,City,ქალაქი
ბლოდპლეტარი,ბ,Food,საკვები
ბლონდუოსი,ბ,City,ქალაქი
ბლუა,ბ,City,ქალაქი
ბლუდენც,ბ,City,ქალაქი
ბლუდენცი,ბ,City,ქალაქი
ბლუმენაუ,ბ,City,ქალაქი
ბლუმფონტეინი,ბ,City,ქალაქი
ბლუფილდზი,ბ,City,ქალაქი
ბლუფილდსი,ბ,City,ქალაქი
ბნე-აიში,ბ,City,ქალაქი
ბნე-ბერაკი,ბ,City,ქალაქი
ბნეი ბრაკი,ბ,City,ქალაქი
ბნეი-ბრაკი,ბ,City,ქალაქი
ბნეიბრაკი,ბ,City,ქალაქი
ბნელი,ბ,Film,ფილმი
ბნელი კოშკი,ბ,Film,ფილმი
ბნელი რაინდი,ბ,Film,ფილმი
ბნელი რაინდი აღზევება,ბ,Film,ფილმი
ბნელი რაინდი: აღზევება,ბ,Film,ფილმი
ბო ვალონი,ბ,City,ქალაქი
ბოა ვისტა,ბ,City,ქალაქი
ბოა კონსტრიქტორი,ბ,Animal,ცხოველი
ბოა-ვისტა,ბ,City,ქალაქი
ბოავისტა,ბ,City,ქალაქი
ბოაკო,ბ,City,ქალაქი
ბოალი,ბ,City,ქალაქი
ბობ დილანი,ბ,Film,ფილმი
ბობ დილანი ყველასთვის,ბ,Film,ფილმი
ბობ დილანი ყველასთვის უცნობი,ბ,Film,ფილმი
ბობ დილანი: ყველასთვის უცნობი,ბ,Film,ფილმი
ბობკატი,ბ,Animal,ცხოველი
ბობო დიულასო,ბ,City,ქალაქი
ბობო-დიულასო,ბ,City,ქალაქი
ბობოდიულასო,ბ,City,ქალაქი
ბობრავა,ბ,River,მდინარე
ბობრუისკი,ბ,City,ქალაქი
ბოგ უოკი,ბ,City,ქალაქი
ბოგა,ბ,City,ქალაქი
ბოგალე,ბ,City,ქალაქი
ბოგდანცი,ბ,City,ქალაქი
ბოგო,ბ,City,ქალაქი
ბოგორი,ბ,City,ქალაქი
ბოგოტა,ბ,City,ქალაქი
ბოდა,ბ,City,ქალაქი
ბოდენი,ბ,City,ქალაქი
ბოდვა,ბ,Film,ფილმი
ბოდითი,ბ,City,ქალაქი
ბოდიში,ბ,Film,ფილმი
"ბოდიში, თქვენ გელით სიკვდილი",ბ,Film,ფილმი
ბოდრუმი,ბ,City,ქალაქი
ბოეთანი,ბ,City,ქალაქი
ბოენდე,ბ,City,ქალაქი
ბოვე,ბ,City,ქალაქი
ბოვენ-მერვედე,ბ,River,მდინარე
ბოზა,ბ,Food,საკვები
ბოზუმი,ბ,City,ქალაქი
ბოთავილი,ბ,City,ქალაქი
ბოთე,ბ,Film,ფილმი
ბოიეროსი,ბ,City,ქალაქი
ბოილი,ბ,City,ქალაქი
ბოკა სუნო,ბ,City,ქალაქი
ბოკანა-დე-პაივასი,ბ,City,ქალაქი
ბოკარო,ბ,City,ქალაქი
ბოკას დელ ტორო,ბ,City,ქალაქი
ბოკას-დელ-ტორო,ბ,City,ქალაქი
ბოკასდელტორო,ბ,City,ქალაქი
ბოკაუე,ბ,City,ქალაქი
ბოკერონი,ბ,City,ქალაქი
ბოკეტე,ბ,City,ქალაქი
ბოკორო,ბ,City,ქალაქი
ბოლა,ბ,City,ქალაქი
ბოლგატანგა,ბ,City,ქალაქი
ბოლია,ბ,River,მდინარე
ბოლივია,ბ,Country,ქვეყანა
ბოლივიის მრავალეროვანი სახელმწიფო,ბ,Country,ქვეყანა
ბოლნისი,ბ,City,ქალაქი
ბოლნისისწყალი,ბ,River,მდინარე
ბოლო,ბ,Film,ფილმი
ბოლო გასეირნება,ბ,Film,ფილმი
ბოლო სეზონი,ბ,Film,ფილმი
ბოლობო,ბ,City,ქალაქი
ბოლონია,ბ,City,ქალაქი
ბოლტი,ბ,Film,ფილმი
ბოლუ,ბ,City,ქალაქი
ბოლუნგავიკი,ბ,City,ქალაქი
ბოლუნგარვიკი,ბ,City,ქალაქი
ბოლცანო,ბ,City,ქალაქი
ბომა,ბ,City,ქალაქი
ბომბარდოპოლისი,ბ,City,ქალაქი
ბომეტი,ბ,City,ქალაქი
ბონ აკეი,ბ,City,ქალაქი
ბონაბერი,ბ,City,ქალაქი
ბონანსა,ბ,City,ქალაქი
ბონგარეე,ბ,City,ქალაქი
ბონგორი,ბ,City,ქალაქი
ბონდო,ბ,City,ქალაქი
"ბონერი, სინტ-ეუსტატიუსი და საბა",ბ,Country,ქვეყანა
ბონი,ბ,City,ქალაქი
ბონი და კლაიდი,ბ,Film,ფილმი
ბონიტო ორიენტალი,ბ,City,ქალაქი
ბონობო,ბ,Animal,ცხოველი
ბონჰადი,ბ,City,ქალაქი
ბორადიგა,ბ,City,ქალაქი
ბორამა,ბ,City,ქალაქი
ბორატი,ბ,Film,ფილმი
ბორგა,ბ,City,ქალაქი
ბორგარნესი,ბ,City,ქალაქი
ბორდეირი,ბ,City,ქალაქი
ბორდო,ბ,City,ქალაქი
ბორენა,ბ,Name,სახელი
ბორი,ბ,City,ქალაქი
ბორიმელა,ბ,River,მდინარე
ბორის,ბ,Name,სახელი
ბორისი,ბ,Name,სახელი
ბორლენგე,ბ,City,ქალაქი
ბორნი,ბ,City,ქალაქი
ბორნის,ბ,Film,ფილმი
ბორნის იდენტიფიკაცია,ბ,Film,ფილმი
ბორნის ულტიმატუმი,ბ,Film,ფილმი
ბორნის უპირატესობა,ბ,Film,ფილმი
ბოროვნიცა,ბ,City,ქალაქი
ბოროვო,ბ,City,ქალაქი
ბოროტება,ბ,Film,ფილმი
ბოროტების,ბ,Film,ფილმი
ბოროტების სავანე,ბ,Film,ფილმი
ბოროტების სავანე გადაგვარება,ბ,Film,ფილმი
ბოროტების სავანე ვენდეტა,ბ,Film,ფილმი
ბოროტების სავანე წყევლა,ბ,Film,ფილმი
ბოროტების სავანე: გადაგვარება,ბ,Film,ფილმი
ბოროტების სავანე: ვენდეტა,ბ,Film,ფილმი
ბოროტების სავანე: წყევლა,ბ,Film,ფილმი
ბოროტი,ბ,Film,ფილმი
ბოროტი მკვდრების აღზევება,ბ,Film,ფილმი
ბორსეკი,ბ,City,ქალაქი
ბორუნი,ბ,City,ქალაქი
ბორუჯერდი,ბ,City,ქალაქი
ბორშა,ბ,City,ქალაქი
ბორჩხა,ბ,City,ქალაქი
ბორცვებისა,ბ,Film,ფილმი
ბორცვებისა და ხეობების ქვეყანა,ბ,Film,ფილმი
ბორცვი,ბ,Film,ფილმი
ბორჯ ელ ქიფანი,ბ,City,ქალაქი
ბორჯიების,ბ,Film,ფილმი
ბორჯიების ოჯახი,ბ,Film,ფილმი
ბორჯომი,ბ,City,ქალაქი
ბორჯომულა,ბ,River,მდინარე
ბოსანგოა,ბ,City,ქალაქი
ბოსანსკა გრადიშკა,ბ,City,ქალაქი
ბოსანსკა დუბიცა,ბ,City,ქალაქი
ბოსანსკა კრუპა,ბ,City,ქალაქი
ბოსანსკი ბროად,ბ,City,ქალაქი
ბოსანსკი ნოვი,ბ,City,ქალაქი
ბოსასო,ბ,City,ქალაქი
ბოსნა,ბ,River,მდინარე
ბოსნია და ჰერცეგოვინა,ბ,Country,ქვეყანა
ბოსნიაკი,ბ,City,ქალაქი
ბოსტნეული,ბ,Food,საკვები
ბოსტნეული კულტურები,ბ,Food,საკვები
ბოსტნის,ბ,Food,საკვები
ბოსტნის კომბოსტო,ბ,Food,საკვები
ბოსტონი,ბ,City,ქალაქი
ბოსტონის,ბ,Food,საკვები
ბოსტონის ჩაის სმა,ბ,Food,საკვები
ბოსფორი,ბ,City,ქალაქი
ბოტევგრადი,ბ,City,ქალაქი
ბოტომი,ბ,City,ქალაქი
ბოტოშანი,ბ,City,ქალაქი
ბოტროპი,ბ,City,ქალაქი
ბოტსვანა,ბ,Country,ქვეყანა
ბოტსვანის რესპუბლიკა,ბ,Country,ქვეყანა
ბოტშაბელო,ბ,City,ქალაქი
ბოუე,ბ,City,ქალაქი
ბოუფი,ბ,Food,საკვები
ბოფერდანჟი,ბ,City,ქალაქი
ბოფორტ-ვესტი,ბ,City,ქალაქი
ბოფორტი,ბ,City,ქალაქი
ბოქსბურგი,ბ,City,ქალაქი
ბოქსერი,ბ,Animal,ცხოველი
ბოღნი,ბ,City,ქალაქი
ბოშა,ბ,Film,ფილმი
ბოშათა,ბ,Film,ფილმი
ბოშათა ბანაკი ცას,ბ,Film,ფილმი
ბოშათა ბანაკი ცას მიემგზავრება,ბ,Film,ფილმი
ბოშკენგაში,ბ,City,ქალაქი
ბოშური,ბ,Film,ფილმი
ბოშური სისხლი,ბ,Film,ფილმი
ბოჩი,ბ,Name,სახელი
ბოჩია,ბ,Name,სახელი
ბოცვერი,ბ,Animal,ცხოველი
ბოცო,ბ,Name,სახელი
ბოხუმი,ბ,City,ქალაქი
ბოჰემური,ბ,Film,ფილმი
ბოჰემური რაფსოდია,ბ,Film,ფილმი
ბოჰიკონი,ბ,City,ქალაქი
ბჟოლისხევი,ბ,River,მდინარე
ბჟუჟი,ბ,River,მდინარე
ბრčko,ბ,City,ქალაქი
ბრაგა,ბ,City,ქალაქი
ბრაგანსა,ბ,City,ქალაქი
ბრავო,ბ,Film,ფილმი
ბრავო ალბერ ლოლიშ,ბ,Film,ფილმი
"ბრავო, ალბერ ლოლიშ",ბ,Film,ფილმი
ბრაზავილი,ბ,City,ქალაქი
ბრაზიანი,ბ,Film,ფილმი
ბრაზიანი ჩიტები,ბ,Film,ფილმი
ბრაზიანი ჩიტები 2,ბ,Film,ფილმი
ბრაზილია,ბ,City,ქალაქი
ბრაზილიის,ბ,Film,ფილმი
ბრაზილიის გამზირი,ბ,Film,ფილმი
ბრაზილიის ფედერაციული რესპუბლიკა,ბ,Country,ქვეყანა
ბრაილა,ბ,City,ქალაქი
ბრაინიგერბერგი,ბ,City,ქალაქი
ბრაიტვოტერი,ბ,City,ქალაქი
ბრაკპანი,ბ,City,ქალაქი
ბრალდების,ბ,Film,ფილმი
ბრალდების მოწმე,ბ,Film,ფილმი
ბრანტფორდი,ბ,City,ქალაქი
ბრასლავი,ბ,City,ქალაქი
ბრასშაატი,ბ,City,ქალაქი
ბრატისლავა,ბ,City,ქალაქი
ბრაუნაუ ამ ინი,ბ,City,ქალაქი
ბრაუნსვეგი,ბ,City,ქალაქი
ბრაუნშვაიგი,ბ,City,ქალაქი
ბრაქი,ბ,City,ქალაქი
ბრაშოვი,ბ,City,ქალაქი
ბრაჰმაპუტრა,ბ,River,მდინარე
ბრდა,ბ,River,მდინარე
ბრეგენცი,ბ,City,ქალაქი
ბრედა,ბ,City,ქალაქი
ბრედფორდ ვესტ გვილიმბერი,ბ,City,ქალაქი
ბრეზოვიცა,ბ,City,ქალაქი
ბრეი,ბ,City,ქალაქი
ბრეიდალსვიკი,ბ,City,ქალაქი
ბრეიდსი,ბ,City,ქალაქი
ბრეილა,ბ,City,ქალაქი
ბრეიჟ,ბ,Food,საკვები
ბრეიჟ კოლა,ბ,Food,საკვები
ბრემენელი,ბ,Film,ფილმი
ბრემენელი მუსიკოსების კვალზე,ბ,Film,ფილმი
ბრემენი,ბ,City,ქალაქი
ბრემერჰავენი,ბ,City,ქალაქი
ბრენბიუ,ბ,City,ქალაქი
ბრენდი,ბ,Food,საკვები
ბრენდონი,ბ,City,ქალაქი
ბრენივინი,ბ,Food,საკვები
ბრენტა,ბ,River,მდინარე
ბრეჟიცე,ბ,City,ქალაქი
ბრესანონე,ბ,City,ქალაქი
ბრესტი,ბ,City,ქალაქი
ბრეშა,ბ,City,ქალაქი
ბრეშია,ბ,City,ქალაქი
ბრეხტი,ბ,City,ქალაქი
ბრია,ბ,City,ქალაქი
ბრიანკა,ბ,City,ქალაქი
ბრიგი,ბ,City,ქალაქი
ბრიდელი,ბ,City,ქალაქი
ბრივ-ლა-გაიარდი,ბ,City,ქალაქი
ბრიზე ვერდიერი,ბ,City,ქალაქი
ბრიკამა,ბ,City,ქალაქი
ბრილიანტის,ბ,Film,ფილმი
ბრილიანტის ხელი,ბ,Film,ფილმი
ბრინდიზი,ბ,City,ქალაქი
ბრისბენი,ბ,City,ქალაქი
ბრიტანეთი,ბ,Country,ქვეყანა
ბრიტანეთის ინდოეთის ოკეანის ტერიტორია,ბ,Country,ქვეყანა
ბრიტსი,ბ,City,ქალაქი
ბრიუგე,ბ,City,ქალაქი
ბრიუგეში,ბ,Film,ფილმი
ბრიუსელი,ბ,City,ქალაქი
ბრიუსელის,ბ,Food,საკვები
ბრიუსელის ვარდკაჭაჭა,ბ,Food,საკვები
ბრიუსელის კომბოსტო,ბ,Food,საკვები
ბრიჩენი,ბ,City,ქალაქი
ბრიჯტაუნი,ბ,City,ქალაქი
ბრიჯუოტერი,ბ,City,ქალაქი
ბროვარი,ბ,City,ქალაქი
ბროიკელენი,ბ,City,ქალაქი
ბროკენ ჰილი,ბ,City,ქალაქი
ბროკვილი,ბ,City,ქალაქი
ბროკოლი,ბ,Food,საკვები
ბრონდერსლევი,ბ,City,ქალაქი
ბრონქსული,ბ,Film,ფილმი
ბრონქსული ისტორია,ბ,Film,ფილმი
ბროსარი,ბ,City,ქალაქი
ბროცენი,ბ,City,ქალაქი
ბროწეული,ბ,Plant,მცენარე
ბროწეულის,ბ,Film,ფილმი
ბროწეულის ფერი,ბ,Film,ფილმი
ბრუკ ან დერ მური,ბ,City,ქალაქი
ბრუკ-ან-დერ-მური,ბ,City,ქალაქი
ბრუკანდერმური,ბ,City,ქალაქი
ბრუკი ან დერ მური,ბ,City,ქალაქი
ბრუკლინი,ბ,Film,ფილმი
ბრუკლინი 9-9,ბ,Film,ფილმი
ბრუმი,ბ,City,ქალაქი
ბრუნეი,ბ,Country,ქვეყანა
ბრუნეი დარუსალამი,ბ,Country,ქვეყანა
ბრუნსვიკი,ბ,City,ქალაქი
ბრუს ლაგუნა,ბ,City,ქალაქი
ბრუსკეტა,ბ,Food,საკვები
ბრუტო,ბ,Film,ფილმი
ბრუქსი,ბ,City,ქალაქი
ბრძოლა,ბ,Film,ფილმი
ბრძოლა სიკვდილთან,ბ,Film,ფილმი
ბრძოლის,ბ,Film,ფილმი
ბრძოლის ველი,ბ,Film,ფილმი
ბრწყინვალე,ბ,Film,ფილმი
ბრწყინვალე გონება,ბ,Film,ფილმი
ბრწყინვალე გონების მუდმივი,ბ,Film,ფილმი
ბრწყინვალე გონების მუდმივი ნათება,ბ,Film,ფილმი
ბუ,ბ,Animal,ცხოველი
ბუ არფა,ბ,City,ქალაქი
ბუ-`არადა,ბ,City,ქალაქი
ბუ-`ურყუბი,ბ,City,ქალაქი
ბუა დეზ ამურეტი,ბ,City,ქალაქი
ბუაკე,ბ,City,ქალაქი
ბუარი,ბ,City,ქალაქი
ბუარიკი,ბ,City,ქალაქი
ბუაფარიკი,ბ,City,ქალაქი
ბუბა,ბ,Name,სახელი
ბუბისწყალი,ბ,River,მდინარე
ბუბრი,ბ,River,მდინარე
ბუგაბა,ბ,City,ქალაქი
ბუგადუ,ბ,City,ქალაქი
ბუგარა,ბ,City,ქალაქი
ბუგემბე,ბ,City,ქალაქი
ბუგი,ბ,River,მდინარე
ბუგოინო,ბ,City,ქალაქი
ბუგუმა,ბ,City,ქალაქი
ბუდაორში,ბ,City,ქალაქი
ბუდაპეშტი,ბ,City,ქალაქი
ბუდარდალური,ბ,City,ქალაქი
ბუდერიმი,ბ,City,ქალაქი
ბუდვა,ბ,City,ქალაქი
ბუდვაიზერი,ბ,Food,საკვები
ბუდუ,ბ,Name,სახელი
ბუდუაო,ბ,City,ქალაქი
ბუეი არიბა,ბ,City,ქალაქი
ბუეი-არიბა,ბ,City,ქალაქი
ბუეიარიბა,ბ,City,ქალაქი
ბუენა-ვისტა,ბ,City,ქალაქი
ბუენოს აირესი,ბ,City,ქალაქი
ბუენოს-აირესი,ბ,City,ქალაქი
ბუენოსაირესი,ბ,City,ქალაქი
ბუერა,ბ,Plant,მცენარე
ბუვენგე,ბ,City,ქალაქი
ბუვეტის კუნძული,ბ,Country,ქვეყანა
ბუზა,ბ,City,ქალაქი
ბუზეუ,ბ,City,ქალაქი
ბუზი,ბ,Animal,ცხოველი
ბუზიმი,ბ,City,ქალაქი
ბუზნიკა,ბ,City,ქალაქი
ბუზოვნა,ბ,City,ქალაქი
ბუთულა,ბ,Name,სახელი
ბუთურა,ბ,Name,სახელი
ბუთხუზი,ბ,Name,სახელი
ბუინი,ბ,City,ქალაქი
ბუიუნდა,ბ,River,მდინარე
ბუკა,ბ,City,ქალაქი
ბუკავუ,ბ,City,ქალაქი
ბუკიტ მერტაჯამი,ბ,City,ქალაქი
ბუკოვეცი,ბ,City,ქალაქი
ბულ სავანა,ბ,City,ქალაქი
ბულავაიო,ბ,City,ქალაქი
ბულაკი,ბ,City,ქალაქი
ბულაონი,ბ,City,ქალაქი
ბულგანი,ბ,City,ქალაქი
ბულგარეთი,ბ,Country,ქვეყანა
ბულგარეთის რესპუბლიკა,ბ,Country,ქვეყანა
ბულგარული,ბ,Plant,მცენარე
ბულგოგი,ბ,Food,საკვები
ბულდოგი,ბ,Animal,ცხოველი
ბულნესი,ბ,City,ქალაქი
ბულოლო,ბ,City,ქალაქი
ბულონ-ბიანკური,ბ,City,ქალაქი
ბულსი,ბ,City,ქალაქი
ბულქიზა,ბ,City,ქალაქი
ბუმბა,ბ,City,ქალაქი
ბუმერი,ბ,Film,ფილმი
ბუნგოენი,ბ,City,ქალაქი
ბუნგომა,ბ,City,ქალაქი
ბუნდაბერგი,ბ,City,ქალაქი
ბუნდიბუგიო,ბ,City,ქალაქი
ბუნდოვანი,ბ,Film,ფილმი
ბუნდოვანი სურვილის ობიექტი,ბ,Film,ფილმი
ბუნი,ბ,City,ქალაქი
ბუნია,ბ,City,ქალაქი
ბუნკრანა,ბ,City,ქალაქი
ბუჟუმბურა,ბ,City,ქალაქი
ბურ საფაგა,ბ,City,ქალაქი
ბურ-საფაგა,ბ,City,ქალაქი
ბურაიდა,ბ,City,ქალაქი
ბურაო,ბ,City,ქალაქი
ბურახი,ბ,Food,საკვები
ბურბონი,ბ,Food,საკვები
ბურგასი,ბ,City,ქალაქი
ბურგდორფი,ბ,City,ქალაქი
ბურგოსი,ბ,City,ქალაქი
ბურდური,ბ,City,ქალაქი
ბურე,ბ,City,ქალაქი
ბურეა,ბ,River,მდინარე
ბურევალა,ბ,City,ქალაქი
ბურელი,ბ,City,ქალაქი
ბურთი,ბ,Film,ფილმი
ბურთი და მოედანი,ბ,Film,ფილმი
ბურიკა,ბ,City,ქალაქი
ბურკინა,ბ,Country,ქვეყანა
ბურკინა-ფასო,ბ,Country,ქვეყანა
ბურკინაფასო,ბ,Country,ქვეყანა
ბურლენგე,ბ,City,ქალაქი
ბურმა,ბ,City,ქალაქი
ბუროსი,ბ,City,ქალაქი
ბურჟი,ბ,City,ქალაქი
ბურჟუაზიის,ბ,Film,ფილმი
ბურჟუაზიის მოკრძალებული ხიბლი,ბ,Film,ფილმი
ბურსა,ბ,City,ქალაქი
ბურსაფაგა,ბ,City,ქალაქი
ბურუნდაი,ბ,City,ქალაქი
ბურუნდი,ბ,Country,ქვეყანა
ბურუნდის რესპუბლიკა,ბ,Country,ქვეყანა
ბურჰი-განდაკი,ბ,River,მდინარე
ბუსაირა,ბ,City,ქალაქი
ბუსემბატია,ბ,City,ქალაქი
ბუსია,ბ,City,ქალაქი
ბუსო,ბ,City,ქალაქი
ბუსტანი,ბ,City,ქალაქი
ბუსტო-არსიციო,ბ,City,ქალაქი
ბუსტონი,ბ,City,ქალაქი
ბუტა,ბ,City,ქალაქი
ბუტანი,ბ,Country,ქვეყანა
ბუტარიტარი,ბ,City,ქალაქი
ბუტაჯირა,ბ,City,ქალაქი
ბუტემბო,ბ,City,ქალაქი
ბუტერე,ბ,City,ქალაქი
ბუულობარდე,ბ,City,ქალაქი
ბუურ-გააბო,ბ,City,ქალაქი
ბუურჰაკაბა,ბ,City,ქალაქი
ბუფალო,ბ,City,ქალაქი
ბუფტეა,ბ,City,ქალაქი
ბუქანი,ბ,City,ქალაქი
ბუქარესტი,ბ,City,ქალაქი
ბუქთარმა,ბ,River,მდინარე
ბუღდაშენი,ბ,River,მდინარე
ბუში,ბ,River,მდინარე
ბუშირი,ბ,City,ქალაქი
ბუჩა,ბ,City,ქალაქი
ბუციკი,ბ,Food,საკვები
ბუხარა,ბ,City,ქალაქი
ბუხუტი,ბ,Name,სახელი
ბუჯა,ბ,River,მდინარე
ბჰავნაგარი,ბ,City,ქალაქი
ბჰაირაბ ბაზარი,ბ,City,ქალაქი
ბჰაკარი,ბ,City,ქალაქი
ბჰაკტაპური,ბ,City,ქალაქი
ბჰალვალი,ბ,City,ქალაქი
ბჰამო,ბ,City,ქალაქი
ბჰანგტარი,ბ,City,ქალაქი
ბჰანდარია,ბ,City,ქალაქი
ბჰატპარა,ბ,City,ქალაქი
ბჰერამარა,ბ,City,ქალაქი
ბჰივანდი,ბ,City,ქალაქი
ბჰილაი,ბ,City,ქალაქი
ბჰოპალი,ბ,City,ქალაქი
ბჰუბანეშვარი,ბ,City,ქალაქი
ბჰუტანი,ბ,Country,ქვეყანა
ბჰუტანის სამეფო,ბ,Country,ქვეყანა
გა-რანკუვა,გ,City,ქალაქი
გააანალიზე,გ,Film,ფილმი
გააანალიზე ეს,გ,Film,ფილმი
გაბესი,გ,City,ქალაქი
გაბონი,გ,Country,ქვეყანა
გაბონის რესპუბლიკა,გ,Country,ქვეყანა
გაბორონე,გ,City,ქალაქი
გაბოროტებული,გ,Film,ფილმი
გაბოროტებული მკვდრები,გ,Film,ფილმი
გაბრიელ,გ,Name,სახელი
გაბრიელა,გ,Name,სახელი
გაბრიელი,გ,Name,სახელი
გაბროვო,გ,City,ქალაქი
გაგა,გ,Name,სახელი
გაგა ხუთი ფუტი,გ,Film,ფილმი
გაგა ხუთი ფუტი და ორი დუიმი,გ,Film,ფილმი
გაგა: ხუთი ფუტი,გ,Film,ფილმი
გაგა: ხუთი ფუტი და ორი დუიმი,გ,Film,ფილმი
გაგი,გ,Name,სახელი
გაგიდა,გ,River,მდინარე
გაგიმარჯოს,გ,Film,ფილმი
გაგიმარჯოს მეზობელო,გ,Film,ფილმი
"გაგიმარჯოს, მეზობელო",გ,Film,ფილმი
გაგნოა,გ,City,ქალაქი
გაგრა,გ,City,ქალაქი
გაგრიფში,გ,River,მდინარე
გაგუა,გ,River,მდინარე
გადაბაი,გ,City,ქალაქი
გადაბეი,გ,City,ქალაქი
გადაბრუნებული,გ,Film,ფილმი
გადარი,გ,River,მდინარე
გადარჩენილი,გ,Film,ფილმი
გადიშჩაი,გ,River,მდინარე
გადოლა,გ,River,მდინარე
გადრი,გ,River,მდინარე
გადრო,გ,River,მდინარე
გაერთიანებული,გ,Food,საკვები
გაერთიანებული სამეფო,გ,Country,ქვეყანა
გაერთიანებული სამეფოს ლუდი,გ,Food,საკვები
გაერნი,გ,River,მდინარე
გაეტრანი,გ,River,მდინარე
გავ-დე-პო,გ,River,მდინარე
გავარი,გ,City,ქალაქი
გავი,გ,River,მდინარე
გავიჯა,გ,River,მდინარე
გავრი,გ,River,მდინარე
გავროზი,გ,River,მდინარე
გაზა,გ,River,მდინარე
გაზარდარა,გ,River,მდინარე
გაზაფხულის,გ,Film,ფილმი
გაზაფხულის ჩვიდმეტი გაელვება,გ,Film,ფილმი
გაზელი,გ,Animal,ცხოველი
გაზი,გ,City,ქალაქი
გაზიანთეფი,გ,City,ქალაქი
გაზიმირი,გ,River,მდინარე
გაი,გ,City,ქალაქი
გაია,გ,City,ქალაქი
გაიანა,გ,Country,ქვეყანა
გაიანე,გ,Name,სახელი
გაიანის კოოპერატიული რესპუბლიკა,გ,Country,ქვეყანა
გაიოზ,გ,Name,სახელი
გაიოზი,გ,Name,სახელი
გაიცანით,გ,Film,ფილმი
გაიცანით რობინსონები,გ,Film,ფილმი
გაიცნობ,გ,Film,ფილმი
გაიცნობ მაღალ შავგრემან,გ,Film,ფილმი
გალავანი,გ,River,მდინარე
გალათა,გ,City,ქალაქი
გალაკტიონი,გ,Film,ფილმი
გალატსიონი,გ,City,ქალაქი
გალაფი,გ,City,ქალაქი
გალაქტიკის,გ,Film,ფილმი
გალაქტიკის მცველები,გ,Film,ფილმი
გალაქტიკის მცველები ნაწილი,გ,Film,ფილმი
გალაქტიკის მცველები ნაწილი 2,გ,Film,ფილმი
გალაქტიკის მცველები: ნაწილი,გ,Film,ფილმი
გალაქტიკის მცველები: ნაწილი 2,გ,Film,ფილმი
გალაქტიონ,გ,Name,სახელი
გალაცი,გ,City,ქალაქი
გალგანი,გ,City,ქალაქი
გალე,გ,City,ქალაქი
გალეში,გ,River,მდინარე
გალი,გ,City,ქალაქი
გალია,გ,River,მდინარე
გალიათდონი,გ,River,მდინარე
გალიკოსი,გ,River,მდინარე
გალინა,გ,Name,სახელი
გალკა,გ,River,მდინარე
გალკაიო,გ,City,ქალაქი
გალკისა,გ,City,ქალაქი
გალო,გ,River,მდინარე
გალშა,გ,River,მდინარე
გამა,გ,River,მდინარე
გამანადგურებელი,გ,Film,ფილმი
გამანადგურებელი ანგელოზი,გ,Film,ფილმი
გამანადგურებელი რალფი,გ,Film,ფილმი
გამარა,გ,River,მდინარე
გამბა,გ,City,ქალაქი
გამბარუ,გ,City,ქალაქი
გამბეიკა,გ,River,მდინარე
გამბელა,გ,City,ქალაქი
გამბია,გ,Country,ქვეყანა
გამბიის ისლამური რესპუბლიკა,გ,Country,ქვეყანა
გამბიის რესპუბლიკა,გ,Country,ქვეყანა
გამბო,გ,City,ქალაქი
გამბრინუსი,გ,Food,საკვები
გამბულა,გ,City,ქალაქი
გამიხარდი,გ,Name,სახელი
გამომძიებელი,გ,Film,ფილმი
გამოსვლა,გ,Film,ფილმი
გამოსვლა ღმერთები,გ,Film,ფილმი
გამოსვლა ღმერთები და მეფეები,გ,Film,ფილმი
გამოსვლა: ღმერთები,გ,Film,ფილმი
გამოსვლა: ღმერთები და მეფეები,გ,Film,ფილმი
გამოუსწორებელი,გ,Film,ფილმი
გამოუსწორებელი თაღლითები,გ,Film,ფილმი
გამოცხადება,გ,Film,ფილმი
გამპაჰა,გ,City,ქალაქი
გამპოლა,გ,City,ქალაქი
გამპრინი,გ,City,ქალაქი
გამხდარი,გ,Film,ფილმი
გამხდარი ადამიანი,გ,Film,ფილმი
გამჯა,გ,Food,საკვები
გამჯა ჯეონი,გ,Food,საკვები
გამჯა-ჯეონი,გ,Food,საკვები
გან-იავნე,გ,City,ქალაქი
განა,გ,Country,ქვეყანა
განაჩენი,გ,Film,ფილმი
განაჩენი ნიურნბერგში,გ,Film,ფილმი
განგა,გ,River,მდინარე
განგი,გ,River,მდინარე
განგლიჩა,გ,River,მდინარე
განდაკი,გ,River,მდინარე
განდზაკი,გ,City,ქალაქი
განდი,გ,River,მდინარე
განდიაიე,გ,City,ქალაქი
განდრა,გ,City,ქალაქი
განდუ,გ,River,მდინარე
განდურინო,გ,River,მდინარე
განე-თიკვა,გ,City,ქალაქი
განთიადი,გ,City,ქალაქი
განი,გ,River,მდინარე
განის რესპუბლიკა,გ,Country,ქვეყანა
განრისხებული,გ,Film,ფილმი
განრისხებული მამაკაცი,გ,Film,ფილმი
განსაკუთრებით,გ,Film,ფილმი
განსაკუთრებით მძიმე დანაშაულები,გ,Film,ფილმი
განსაკუთრებით საშიში,გ,Film,ფილმი
განსერნდორფი,გ,City,ქალაქი
განტა,გ,City,ქალაქი
განცალკევებული,გ,Film,ფილმი
განცალკევებული მაგიდები,გ,Film,ფილმი
განძზე,გ,Film,ფილმი
განძზე მონადირეები,გ,Film,ფილმი
განძთა,გ,Film,ფილმი
განძთა კუნძული,გ,Film,ფილმი
განძთა პლანეტა,გ,Film,ფილმი
განძი,გ,River,მდინარე
განჯა,გ,City,ქალაქი
განჯაჩაი,გ,River,მდინარე
გაო,გ,City,ქალაქი
გაპანი,გ,City,ქალაქი
გარა,გ,River,მდინარე
გარავულია,გ,River,მდინარე
გარავუტი,გ,City,ქალაქი
გარანგაჟა,გ,River,მდინარე
გარაუნი,გ,River,მდინარე
გარაუსი,გ,River,მდინარე
გარბაჰაარი,გ,City,ქალაქი
გარგალიკი,გ,River,მდინარე
გარგარი,გ,Plant,მცენარე
გარგასი,გ,River,მდინარე
გარგჟდაი,გ,City,ქალაქი
გარდაბაირი,გ,City,ქალაქი
გარდაბანი,გ,City,ქალაქი
გარდაბოსი,გ,River,მდინარე
გარდარა,გ,River,მდინარე
გარდაცვლილნი,გ,Film,ფილმი
გარდეზი,გ,City,ქალაქი
გარდემანი,გ,River,მდინარე
გარდენერი,გ,River,მდინარე
გარდენია,გ,Plant,მცენარე
გარდი,გ,River,მდინარე
გარდონი,გ,River,მდინარე
გარესი,გ,River,მდინარე
გარეშნიცა,გ,City,ქალაქი
გარეჯისწყალი,გ,River,მდინარე
გართანი,გ,River,მდინარე
გართობა,გ,Film,ფილმი
გართობა დიკთან,გ,Film,ფილმი
გართობა დიკთან და ჯეინთან ერთად,გ,Film,ფილმი
გარისა,გ,City,ქალაქი
გარიყული,გ,Film,ფილმი
გარიყული ვარსკვლავური ომების,გ,Film,ფილმი
გარიყული ვარსკვლავური ომების ამბავი,გ,Film,ფილმი
გარიყული: ვარსკვლავური ომების ამბავი,გ,Film,ფილმი
გარიჩე,გ,City,ქალაქი
გარლიავა,გ,City,ქალაქი
გარნი,გ,City,ქალაქი
გარნიში,გ,City,ქალაქი
გარონა,გ,River,მდინარე
გაროუე,გ,City,ქალაქი
გარსა-გარსია,გ,City,ქალაქი
გარსევან,გ,Name,სახელი
გარუა,გ,City,ქალაქი
გარუა ბულაი,გ,City,ქალაქი
გარული,გ,River,მდინარე
გარუნა,გ,River,მდინარე
გარჯილა,გ,River,მდინარე
გასეირნება,გ,Film,ფილმი
გასეირნება თბილისში,გ,Film,ფილმი
გასეირნება ყარაბაღში,გ,Film,ფილმი
გასეირნება ყარაბაღში 2,გ,Film,ფილმი
გასეირნება ყარაბაღში 2 - კონფლიქტის ზონა,გ,Film,ფილმი
გასკონი,გ,River,მდინარე
გასტა,გ,River,მდინარე
გასტროლებზე,გ,Film,ფილმი
გასტროლებზე ზრდა,გ,Film,ფილმი
გასტროლებზე ზრდა საოჯახო,გ,Film,ფილმი
გასტროლებზე ზრდა საოჯახო პორტრეტი,გ,Film,ფილმი
გასტროლებზე ზრდა: საოჯახო პორტრეტი,გ,Film,ფილმი
გასტროტრიქი,გ,Animal,ცხოველი
გასტუნი,გ,River,მდინარე
გატაივაი,გ,City,ქალაქი
გატამი,გ,River,მდინარე
გატარუ,გ,River,მდინარე
გატინა,გ,River,მდინარე
გატინო,გ,City,ქალაქი
გატობი,გ,River,მდინარე
გატუნი,გ,River,მდინარე
გაუგზავნელი,გ,Film,ფილმი
გაუგზავნელი წერილი,გ,Film,ფილმი
გაუდა,გ,City,ქალაქი
გაუია,გ,River,მდინარე
გაურნადი,გ,City,ქალაქი
გაფანია და ნაზარე,გ,City,ქალაქი
გაფანია-და-ნაზარე,გ,City,ქალაქი
გაფანიადანაზარე,გ,City,ქალაქი
გაფარგაონი,გ,City,ქალაქი
გაფსა,გ,City,ქალაქი
გაქცევა,გ,Film,ფილმი
გაქცევა გათენებისას,გ,Film,ფილმი
გაქცევა შოუშენკიდან,გ,Film,ფილმი
გაქცეულები,გ,Film,ფილმი
გაქცეული,გ,Film,ფილმი
გაქცეული მატარებელი,გ,Film,ფილმი
გაქჰა,გ,River,მდინარე
გაღმა,გ,Film,ფილმი
გაღმა ნაპირი,გ,Film,ფილმი
გაყიდა,გ,Film,ფილმი
გაყინული,გ,Film,ფილმი
გაყინული მაიამიდან,გ,Film,ფილმი
გაშუა,გ,City,ქალაქი
გაშუნ-გოლა,გ,River,მდინარე
გაჩა,გ,River,მდინარე
გაჩანა,გ,River,მდინარე
გაჩესნუ,გ,River,მდინარე
გაჩო,გ,River,მდინარე
გახა,გ,Name,სახელი
გახსოვდე,გ,Film,ფილმი
გახუხული,გ,Film,ფილმი
გახუხული პური,გ,Film,ფილმი
გაჯალ-სუ,გ,River,მდინარე
გაჯინა,გ,River,მდინარე
გაჯირი,გ,River,მდინარე
გბადოლიტე,გ,City,ქალაქი
გბავე,გ,City,ქალაქი
გბარნგა,გ,City,ქალაქი
გბეი,გ,River,მდინარე
გბეფილი,გ,River,მდინარე
გბონგანი,გ,City,ქალაქი
გდანსკი,გ,City,ქალაქი
გდინია,გ,City,ქალაქი
გება,გ,River,მდინარე
გებეიტი,გ,City,ქალაქი
გებეჰა,გ,City,ქალაქი
გებზე,გ,City,ქალაქი
გებრე გურაჩა,გ,City,ქალაქი
გეგა,გ,Name,სახელი
გეგე,გ,Name,სახელი
გედევან,გ,Name,სახელი
გედერა,გ,City,ქალაქი
გედი,გ,Animal,ცხოველი
გედია,გ,Name,სახელი
გედო,გ,City,ქალაქი
გეელონგ უესტი,გ,City,ქალაქი
გეელონგი,გ,City,ქალაქი
გევანი,გ,City,ქალაქი
გევარას,გ,Film,ფილმი
გევარას ხელები,გ,Film,ფილმი
გევგელია,გ,City,ქალაქი
გეზ-ჩაი,გ,River,მდინარე
გეზალ-დერე-სუ,გ,River,მდინარე
გეზარდი,გ,River,მდინარე
გეზბი,გ,River,მდინარე
გეზგი,გ,River,მდინარე
გეზდრი,გ,River,მდინარე
გეზელი,გ,River,მდინარე
გეზრულა,გ,River,მდინარე
გეილი,გ,City,ქალაქი
გეიტ-რივერი,გ,River,მდინარე
გეიტსჰედი,გ,City,ქალაქი
გეკ-სუ,გ,River,მდინარე
გეკონი,გ,Animal,ცხოველი
გელა,გ,Name,სახელი
გელაზი,გ,River,მდინარე
გელგაუდიშკისი,გ,City,ქალაქი
გელდოსა,გ,River,მდინარე
გელემსო,გ,City,ქალაქი
გელენბეკი,გ,River,მდინარე
გელენგდენგი,გ,City,ქალაქი
გელენჯიკ-სუ,გ,River,მდინარე
გელენჯიკი,გ,River,მდინარე
გელი,გ,River,მდინარე
გელიბოლუ,გ,Film,ფილმი
გელსენკირხენი,გ,City,ქალაქი
გელუგა,გ,River,მდინარე
გემა,გ,River,მდინარე
გემენა,გ,City,ქალაქი
გემერა,გ,River,მდინარე
გემერდუზი,გ,River,მდინარე
გენადი,გ,Name,სახელი
გენალდონი,გ,River,მდინარე
გენდერე,გ,River,მდინარე
გენებე,გ,River,მდინარე
გენერალ პიკო,გ,City,ქალაქი
გენერალ როკა,გ,City,ქალაქი
გენერალ სანტოსი,გ,City,ქალაქი
გენერალ-სანტოსი,გ,City,ქალაქი
გენერალ-ტოშევო,გ,City,ქალაქი
გენერალი,გ,Film,ფილმი
გენერალი და ზიზილები,გ,Film,ფილმი
გენერალსანტოსი,გ,City,ქალაქი
გენეტი,გ,City,ქალაქი
გენი,გ,River,მდინარე
გენკი,გ,City,ქალაქი
გენო,გ,Name,სახელი
გენტი,გ,City,ქალაქი
გენტისწყალი,გ,River,მდინარე
გენტოფტე,გ,City,ქალაქი
გენუა,გ,City,ქალაქი
გენუია,გ,River,მდინარე
გეორგიევკა,გ,City,ქალაქი
გეორგიენი,გ,City,ქალაქი
გეორჯტაუნი,გ,City,ქალაქი
გეპარდი,გ,Animal,ცხოველი
გერა,გ,City,ქალაქი
გერავული,გ,River,მდინარე
გერალდტონი,გ,City,ქალაქი
გერანიუმი,გ,Plant,მცენარე
გერარდსბერგენი,გ,City,ქალაქი
გერასდორფი ბაი ვინი,გ,City,ქალაქი
გერასიმე,გ,Name,სახელი
გერბილი,გ,Animal,ცხოველი
გერგებილი,გ,River,მდინარე
გერგეთისწყალი,გ,River,მდინარე
გერეტი,გ,River,მდინარე
გერეშკი,გ,City,ქალაქი
გერვასი,გ,Name,სახელი
გერი,გ,City,ქალაქი
გერლა,გ,City,ქალაქი
გერმანე,გ,Name,სახელი
გერმანი,გ,River,მდინარე
გერმანია,გ,Country,ქვეყანა
გერმანია ნულოვანი წელი,გ,Film,ფილმი
"გერმანია, ნულოვანი წელი",გ,Film,ფილმი
გერმანიის ფედერაციული რესპუბლიკა,გ,Country,ქვეყანა
გერმანული,გ,Food,საკვები
გერმანული ლუდი,გ,Food,საკვები
გერმანული ღვინო,გ,Food,საკვები
გერმუხი,გ,River,მდინარე
გერნეტე,გ,River,მდინარე
გერნიკა,გ,City,ქალაქი
გერონტი,გ,Name,სახელი
გერსიფი,გ,City,ქალაქი
გერუ,გ,River,მდინარე
გერში,გ,River,მდინარე
გერშიკ-ოლენი,გ,River,მდინარე
გეტარი,გ,River,მდინარე
გეტარუ,გ,River,მდინარე
გეტებორგი,გ,City,ქალაქი
გეში,გ,River,მდინარე
გეჩერლი,გ,River,მდინარე
გვადალავიარი,გ,River,მდინარე
გვადალახარა,გ,City,ქალაქი
გვადალეტე,გ,River,მდინარე
გვადალკვივირი,გ,River,მდინარე
გვადალმედინა,გ,River,მდინარე
გვადალოპე,გ,River,მდინარე
გვადალორსე,გ,River,მდინარე
გვადალუპე,გ,City,ქალაქი
გვადარამა,გ,River,მდინარე
გვადი,გ,Name,სახელი
გვადიანა,გ,River,მდინარე
გვადიარა,გ,River,მდინარე
გვადიარო,გ,River,მდინარე
გვადიელა,გ,River,მდინარე
გვალიორი,გ,City,ქალაქი
გვამა,გ,River,მდინარე
გვანდა,გ,City,ქალაქი
გვანდრა,გ,River,მდინარე
გვანზა,გ,River,მდინარე
გვანცა,გ,Name,სახელი
გვანჯი,გ,Name,სახელი
გვარანუ,გ,River,მდინარე
გვარო,გ,River,მდინარე
გვატემალა,გ,Country,ქვეყანა
გვატემალის რესპუბლიკა,გ,Country,ქვეყანა
გველგესლა,გ,Animal,ცხოველი
გველესისწყალი,გ,River,მდინარე
გველთევზა,გ,Animal,ცხოველი
გველი,გ,Animal,ცხოველი
გველისწყალი,გ,River,მდინარე
გვემბე,გ,City,ქალაქი
გვერდაძულა,გ,River,მდინარე
გვერდისუბანი,გ,River,მდინარე
გვერდო,გ,River,მდინარე
გვერდულად,გ,Film,ფილმი
გვერუ,გ,City,ქალაქი
გვიანი,გ,River,მდინარე
გვიანი,გ,River,მდინარე
გვიანი გაზაფხული,გ,Film,ფილმი
გვიდორი,გ,City,ქალაქი
გვილანდია,გ,River,მდინარე
გვილანქვა,გ,River,მდინარე
გვიმარა,გ,River,მდინარე
გვიმრა,გ,Plant,მცენარე
გვიმრების,გ,Film,ფილმი
გვიმრების ხევი,გ,Film,ფილმი
გვიმრების ხევი უკანასკნელი,გ,Film,ფილმი
გვიმრების ხევი უკანასკნელი ტროპიკული ტყე,გ,Film,ფილმი
გვიმრების ხევი: უკანასკნელი ტროპიკული ტყე,გ,Film,ფილმი
გვინეა,გ,Country,ქვეყანა
გვინეა-ბისაუ,გ,Country,ქვეყანა
გვინეა-ბისაუს რესპუბლიკა,გ,Country,ქვეყანა
გვინეის რესპუბლიკა,გ,Country,ქვეყანა
გვირგვინი,გ,Film,ფილმი
გვირილა,გ,Plant,მცენარე
გზა,გ,Film,ფილმი
გზა მაღალი საზოგადოებისაკენ,გ,Film,ფილმი
გზა მშვიდობისა ჯაყო,გ,Film,ფილმი
"გზა მშვიდობისა, ჯაყო",გ,Film,ფილმი
გზაზე,გ,Film,ფილმი
გზის კალთა,გ,River,მდინარე
გია,გ,Name,სახელი
გიბარა,გ,City,ქალაქი
გიბონი,გ,Animal,ცხოველი
გიბრალტარი,გ,Country,ქვეყანა
გიგა,გ,Name,სახელი
გიგან-სუ,გ,River,მდინარე
გიგანტეს,გ,Food,საკვები
გიგანტეს პლაკი,გ,Food,საკვები
გიგანტი,გ,Film,ფილმი
გიგი,გ,Name,სახელი
გიგინტო,გ,City,ქალაქი
გიდაკო,გ,River,მდინარე
გიდარი,გ,River,მდინარე
გიდარიმი,გ,River,მდინარე
გიდარჩაი,გ,River,მდინარე
გიდერი,გ,City,ქალაქი
გიდოლე,გ,City,ქალაქი
გიე,გ,River,მდინარე
გიენდონი,გ,River,მდინარე
გიენოსი,გ,City,ქალაქი
გიერა,გ,River,მდინარე
გიეტინგ-გო,გ,River,მდინარე
გივათ შმუელი,გ,City,ქალაქი
გივათ-შმუელი,გ,City,ქალაქი
გივათაიმი,გ,City,ქალაქი
გივათშმუელი,გ,City,ქალაქი
გივი,გ,Name,სახელი
გიზა,გ,City,ქალაქი
გიზბორნი,გ,City,ქალაქი
გიზგიჩი,გ,River,მდინარე
გიზელდონი,გ,River,მდინარე
გიზილირმაქი,გ,River,მდინარე
გიზო,გ,City,ქალაქი
გილგიტი,გ,City,ქალაქი
გილე,გ,City,ქალაქი
გილიანი,გ,River,მდინარე
გილიარდ-რივერი,გ,River,მდინარე
გილიარდი,გ,River,მდინარე
გილიუი,გ,River,მდინარე
გილსდორფი,გ,City,ქალაქი
გილუი,გ,River,მდინარე
გილჩაი,გ,River,მდინარე
გიმარა,გ,River,მდინარე
გიმარაინში,გ,City,ქალაქი
გიმარაისდონი,გ,River,მდინარე
გიმარი,გ,River,მდინარე
გიმბი,გ,City,ქალაქი
გიმილჩაი,გ,River,მდინარე
გიმრი,გ,River,მდინარე
გიმრი-ოზენი,გ,River,მდინარე
გინასი,გ,River,მდინარე
გინახავს,გ,Film,ფილმი
გინგინეო,გ,City,ქალაქი
გინდარა,გ,River,მდინარე
გინდარუკი,გ,River,მდინარე
გინდეშტი,გ,City,ქალაქი
გინდო,გ,River,მდინარე
გინდუში,გ,River,მდინარე
გინე,გ,River,მდინარე
გინეკოლი,გ,River,მდინარე
გინესი,გ,Food,საკვები
გინირი,გ,City,ქალაქი
გინისტრა,გ,River,მდინარე
გინუ,გ,River,მდინარე
გიო,გ,Name,სახელი
გიოკი,გ,River,მდინარე
გიოლ-ჩაი,გ,River,მდინარე
გიონგი,გ,City,ქალაქი
გიონი,გ,City,ქალაქი
გიონიკუ,გ,Food,საკვები
გიონიკუ სოსეჯი,გ,Food,საკვები
გიორგი,გ,Name,სახელი
გიორგი სააკაძე,გ,Film,ფილმი
გიორგინა,გ,Plant,მცენარე
გიორგიწმინდისწყალი,გ,River,მდინარე
გიორგობისთვე,გ,Film,ფილმი
გიორკაი,გ,City,ქალაქი
გიორლიცი,გ,City,ქალაქი
გიოტინგენი,გ,City,ქალაქი
გიოქსუ,გ,River,მდინარე
გიოქჩაი,გ,River,მდინარე
გიპიური,გ,River,მდინარე
გიჟი,გ,Film,ფილმი
გიჟი პიერო,გ,Film,ფილმი
გიჟიგა,გ,River,მდინარე
გირა დე მელენა,გ,City,ქალაქი
გირგა,გ,City,ქალაქი
გირდანი,გ,River,მდინარე
გირდილი,გ,River,მდინარე
გირდიმანი,გ,River,მდინარე
გირდიმაჩაი,გ,River,მდინარე
გირესუნი,გ,City,ქალაქი
გირინი,გ,City,ქალაქი
გიროკასტერა,გ,City,ქალაქი
გიროკასტრა,გ,City,ქალაქი
გირსო,გ,River,მდინარე
გირჩის,გ,Food,საკვები
გისკა,გ,River,მდინარე
გიტარამა,გ,City,ქალაქი
გიტეგა,გ,City,ქალაქი
გიტელენი,გ,River,მდინარე
გიტო,გ,Name,სახელი
გიული,გ,Name,სახელი
გიუმრი,გ,City,ქალაქი
გიურზა,გ,Food,საკვები
გიუტერსლოი,გ,City,ქალაქი
გიფუ,გ,City,ქალაქი
გიშისწყალი,გ,River,მდინარე
გიჩი,გ,River,მდინარე
გიჩონი,გ,City,ქალაქი
გიჭი,გ,River,მდინარე
გლადიატორი,გ,Film,ფილმი
გლადიოლუსი,გ,Plant,მცენარე
გლადსტონი,გ,City,ქალაქი
გლავკოსი,გ,River,მდინარე
გლაზუნიხა,გ,River,მდინარე
გლაჟნა,გ,River,მდინარე
გლარუსი,გ,City,ქალაქი
გლაუხაუ,გ,City,ქალაქი
გლახა,გ,Name,სახელი
გლდანისხევი,გ,River,მდინარე
გლეის ბეი,გ,City,ქალაქი
გლენდეილი,გ,City,ქალაქი
გლენელგი,გ,River,მდინარე
გლენიდი,გ,River,მდინარე
გლივიცე,გ,City,ქალაქი
გლინი,გ,River,მდინარე
გლინტვეინი,გ,Food,საკვები
გლიოგი,გ,Food,საკვები
გლის-გლისი,გ,River,მდინარე
გლისონი,გ,River,მდინარე
გლიუკსბურგი,გ,City,ქალაქი
გლობნიცა,გ,River,მდინარე
გლოგნიცი,გ,City,ქალაქი
გლოგუვი,გ,City,ქალაქი
გლოდენი,გ,City,ქალაქი
გლომა,გ,River,მდინარე
გლომოჩიცე,გ,River,მდინარე
გლოსტრუპი,გ,City,ქალაქი
გლუბოკაია,გ,River,მდინარე
გლუბოკოე,გ,City,ქალაქი
გმირების,გ,Film,ფილმი
გმირების დიდი ექვსეული,გ,Film,ფილმი
გმირი,გ,Film,ფილმი
გმუნდენი,გ,City,ქალაქი
გნეზნა,გ,River,მდინარე
გნეზნო,გ,City,ქალაქი
გნიდა,გ,River,მდინარე
გნიეზდნა,გ,River,მდინარე
გნიეზნო,გ,City,ქალაქი
გნოლი,გ,Animal,ცხოველი
გნომეო,გ,Film,ფილმი
გნომეო და ჯულიეტა,გ,Film,ფილმი
გნუ,გ,Animal,ცხოველი
გობა,გ,City,ქალაქი
გობეშურისღელე,გ,River,მდინარე
გობლინი,გ,Film,ფილმი
გობრონ,გ,Name,სახელი
გოგა,გ,Name,სახელი
გოგი,გ,Name,სახელი
გოგია,გ,Name,სახელი
გოგიაჭალა,გ,River,მდინარე
გოგიეთი,გ,River,მდინარე
გოგინა,გ,River,მდინარე
გოგირდისწყალი,გ,River,მდინარე
გოგიტა,გ,Name,სახელი
გოგლა,გ,Name,სახელი
გოგლინა,გ,River,მდინარე
გოგოთურ,გ,Name,სახელი
გოგოლა,გ,Name,სახელი
გოგოლაურისწყალი,გ,River,მდინარე
გოგონა,გ,Film,ფილმი
გოგონა გარეუბნიდან,გ,Film,ფილმი
გოგონა გარეუბნიდან მედer,გ,Film,ფილმი
გოგონა და ჯარისკაცი,გ,Film,ფილმი
გოგონა მილიონ დოლარად,გ,Film,ფილმი
გოგონა პარკში,გ,Film,ფილმი
გოგორიკი,გ,River,მდინარე
გოგრა,გ,Plant,მცენარე
გოგრიალი,გ,City,ქალაქი
გოგსუ,გ,River,მდინარე
გოგუცა,გ,Name,სახელი
გოდაგოდა,გ,River,მდინარე
გოდავარი,გ,River,მდინარე
გოდავლარი,გ,River,მდინარე
გოდასა,გ,River,მდინარე
გოდერძი,გ,Name,სახელი
გოდერძისწყალი,გ,River,მდინარე
გოდი,გ,City,ქალაქი
გოდოგანისწყალი,გ,River,მდინარე
გოდოლი,გ,River,მდინარე
გოდოლო,გ,City,ქალაქი
გოდორა,გ,River,მდინარე
გოეთი,გ,River,მდინარე
გოვარდო,გ,River,მდინარე
გოვეია,გ,City,ქალაქი
გოვერნადორ ვალადარე,გ,City,ქალაქი
გოზ ბეიდა,გ,City,ქალაქი
გოზინაყი,გ,Food,საკვები
გოთემი,გ,Film,ფილმი
გოია,გ,City,ქალაქი
გოიაბა,გ,River,მდინარე
გოიანესი,გ,River,მდინარე
გოიანი,გ,River,მდინარე
გოიანია,გ,City,ქალაქი
გოიას,გ,Film,ფილმი
გოიას ლანდები,გ,Film,ფილმი
გოიგოლი,გ,City,ქალაქი
გოიტა,გ,River,მდინარე
გოიტაპა,გ,City,ქალაქი
გოიტო,გ,River,მდინარე
გოიუვე,გ,River,მდინარე
გოიჭაი,გ,City,ქალაქი
გოკ-სუ,გ,River,მდინარე
გოკვე,გ,City,ქალაქი
გოკიო,გ,River,მდინარე
გოკოვა,გ,River,მდინარე
გოლა,გ,Name,სახელი
გოლდ კოასტი,გ,City,ქალაქი
გოლდა,გ,River,მდინარე
გოლდაპი,გ,River,მდინარე
გოლდენ გროუვი,გ,City,ქალაქი
გოლდფინგერი,გ,Film,ფილმი
გოლერე,გ,City,ქალაქი
გოლერი,გ,City,ქალაქი
გოლინა,გ,River,მდინარე
გოლკი,გ,River,მდინარე
გოლო,გ,River,მდინარე
გოლოვშჩიცა,გ,River,მდინარე
გოლუბაია,გ,River,მდინარე
გოლუეი,გ,City,ქალაქი
გოლფიტო,გ,City,ქალაქი
გომა,გ,City,ქალაქი
გომანი,გ,River,მდინარე
გომარეთი,გ,River,მდინარე
გომბე,გ,City,ქალაქი
გომბეშო,გ,Animal,ცხოველი
გომბორი,გ,River,მდინარე
გომელი,გ,City,ქალაქი
გომეს პალასიო,გ,City,ქალაქი
გომეს-პალასიო,გ,City,ქალაქი
გომესპალასიო,გ,City,ქალაქი
გომეწრის ალაზანი,გ,River,მდინარე
გომისმთა,გ,City,ქალაქი
გომოლი,გ,River,მდინარე
გომოლიაქი,გ,River,მდინარე
გომურა,გ,River,მდინარე
გომურნი,გ,River,მდინარე
გონაბადი,გ,City,ქალაქი
გონავა,გ,City,ქალაქი
გონავი,გ,River,მდინარე
გონამი,გ,River,მდინარე
გონგოლა,გ,River,მდინარე
გონგრი,გ,River,მდინარე
გონდა,გ,River,მდინარე
გონდერანჟი,გ,City,ქალაქი
გონდერი,გ,City,ქალაქი
გონდეროგი,გ,River,მდინარე
გონდოლა,გ,City,ქალაქი
გონდომარი,გ,City,ქალაქი
გონდორი,გ,River,მდინარე
გონდურა,გ,River,მდინარე
გონერი,გ,Name,სახელი
გონო,გ,River,მდინარე
გონოჩირ-დობრა,გ,River,მდინარე
გონსანამა,გ,City,ქალაქი
გონჩარიხა,გ,River,მდინარე
გონძაგა,გ,City,ქალაქი
გონჯალა,გ,River,მდინარე
გოჟუვ-ველიკოპოლსკი,გ,City,ქალაქი
გორადა,გ,River,მდინარე
გორადილი,გ,River,მდინარე
გორაზდე,გ,City,ქალაქი
გორაი,გ,River,მდინარე
გორაკებს,გ,Film,ფილმი
გორაკებს მიღმა,გ,Film,ფილმი
გორანა,გ,River,მდინარე
გორანბოი,გ,City,ქალაქი
გორასი,გ,River,მდინარე
გორახპური,გ,City,ქალაქი
გორბილი,გ,River,მდინარე
გორბილიაკი,გ,River,მდინარე
გორბუნიხა,გ,River,მდინარე
გორბუშა,გ,River,მდინარე
გორგანი,გ,River,მდინარე
გორგოპი,გ,River,მდინარე
გორგოპოტამოსი,გ,River,მდინარე
გორდა,გ,Name,სახელი
გორდიმანი,გ,River,მდინარე
გორდიონი,გ,City,ქალაქი
გორდონ თაუნი,გ,City,ქალაქი
გორდონი,გ,River,მდინარე
გორე,გ,City,ქალაქი
გორელა,გ,River,მდინარე
გორენი,გ,River,მდინარე
გორეხა,გ,River,მდინარე
გორი,გ,City,ქალაქი
გორილა,გ,Animal,ცხოველი
გორინი,გ,River,მდინარე
გორინჩო,გ,River,მდინარე
გორინხემი,გ,City,ქალაქი
გორიჟია,გ,River,მდინარე
გორისი,გ,City,ქალაქი
გორკი,გ,River,მდინარე
გორნი ვაკუფი,გ,City,ქალაქი
გორნია-რადგონა,გ,City,ქალაქი
გოროდეშნა,გ,River,მდინარე
გოროდიანკა,გ,River,მდინარე
გოროკა,გ,City,ქალაქი
გორონტალო,გ,City,ქალაქი
გოროხოვა,გ,River,მდინარე
გოროხოვკა,გ,River,მდინარე
გოროხოვცი,გ,River,მდინარე
გორსუ,გ,River,მდინარე
გოსაუ,გ,City,ქალაქი
გოსლარი,გ,City,ქალაქი
გოსპიჩი,გ,City,ქალაქი
გოსტივარი,გ,City,ქალაქი
გოსტოვიჩი,გ,City,ქალაქი
გოტარდი,გ,River,მდინარე
გოტურ-ჩაი,გ,River,მდინარე
გოულბერნი,გ,City,ქალაქი
გოქსა,გ,River,მდინარე
გოქსუ,გ,River,მდინარე
გოქჩაი,გ,River,მდინარე
გოშაისწყალი,გ,River,მდინარე
გოჩა,გ,Name,სახელი
გოცე დელჩევი,გ,City,ქალაქი
გოცისი,გ,City,ქალაქი
გოძილა,გ,Film,ფილმი
გოძილა მონსტრების მეფე,გ,Film,ფილმი
გოძილა: მონსტრების მეფე,გ,Film,ფილმი
გოჭი,გ,Animal,ცხოველი
გოხნარისწყალი,გ,River,მდინარე
გოჯი,გ,Food,საკვები
გოჯი ბერი,გ,Food,საკვები
გოჯრა,გ,City,ქალაქი
გრააფ-რეინეტი,გ,City,ქალაქი
გრადაჩიცა,გ,River,მდინარე
გრადაცაცი,გ,City,ქალაქი
გრადეცი,გ,River,მდინარე
გრადნია,გ,River,მდინარე
გრადნიცა,გ,River,მდინარე
გრადსკა,გ,River,მდინარე
გრადუსი,გ,Film,ფილმი
გრადუსი ფარენჰაიტით,გ,Film,ფილმი
გრადუსი ცელსიუსით,გ,Film,ფილმი
გრადჩანი,გ,River,მდინარე
გრავატაი,გ,City,ქალაქი
გრავე,გ,River,მდინარე
გრავე სტრანი,გ,City,ქალაქი
გრავე-სტრანი,გ,City,ქალაქი
გრავესტრანი,გ,City,ქალაქი
გრავი,გ,River,მდინარე
გრავიტაცია,გ,Film,ფილმი
გრაიფსვალდი,გ,City,ქალაქი
გრაიცი,გ,City,ქალაქი
გრამადა,გ,River,მდინარე
გრამაიკოსი,გ,River,მდინარე
გრამში,გ,City,ქალაქი
გრან,გ,Film,ფილმი
გრან ბასამი,გ,City,ქალაქი
გრან ტორინო,გ,Film,ფილმი
გრან-ბასამი,გ,City,ქალაქი
გრან-დაკარი,გ,City,ქალაქი
გრანადა,გ,City,ქალაქი
გრანადილა,გ,City,ქალაქი
გრანარდი,გ,City,ქალაქი
გრანბასამი,გ,City,ქალაქი
გრანბი,გ,City,ქალაქი
გრანდ ბეი,გ,City,ქალაქი
გრანდ ბუა,გ,City,ქალაქი
გრანდ გობი,გ,City,ქალაქი
გრანდ გოვი,გ,City,ქალაქი
გრანდ პრერი,გ,City,ქალაქი
გრანდ პუენტ ო პიმანი,გ,City,ქალაქი
გრანდ რივიერ ნუარი,გ,City,ქალაქი
გრანდ რივიერ სუდ ესტი,გ,City,ქალაქი
გრანდ რივიერი დუ ნორდი,გ,City,ქალაქი
გრანდ საბლი,გ,City,ქალაქი
გრანდ სადბური,გ,City,ქალაქი
გრანდ სალინი,გ,City,ქალაქი
გრანდ-პოპო,გ,City,ქალაქი
გრანდ-პრერი,გ,City,ქალაქი
გრანდ-რივერი,გ,River,მდინარე
გრანდ-რილეტი,გ,River,მდინარე
გრანდ-ფორსი,გ,River,მდინარე
გრანდე,გ,River,მდინარე
გრანდვალე,გ,River,მდინარე
გრანდპრერი,გ,City,ქალაქი
გრანეროსი,გ,City,ქალაქი
გრანიციოტისი,გ,River,მდინარე
გრანჟა,გ,River,მდინარე
გრაპა,გ,Food,საკვები
გრასა,გ,River,მდინარე
გრასია,გ,City,ქალაქი
გრაფი,გ,River,მდინარე
გრაფი მონტე-კრისტო,გ,Film,ფილმი
გრაჩანიცა,გ,City,ქალაქი
გრაჩოვკა,გ,River,მდინარე
გრაცი,გ,City,ქალაქი
გრეენა,გ,City,ქალაქი
გრევა,გ,City,ქალაქი
გრევენმახერი,გ,City,ქალაქი
გრეი,გ,River,მდინარე
გრეიამი,გ,River,მდინარე
გრეიმაუთი,გ,City,ქალაქი
გრეიპფრუტი,გ,Food,საკვები
გრეის,გ,Film,ფილმი
გრეის ანატომია,გ,Film,ფილმი
გრეის ორმოცდაათი ელფერი,გ,Film,ფილმი
გრეისტოუნზი,გ,City,ქალაქი
გრეისტოუნსი,გ,City,ქალაქი
გრეიტ-არტეზიული აუზი,გ,River,მდინარე
გრეიტ-მაიამი,გ,River,მდინარე
გრეიტ-სენდი,გ,River,მდინარე
გრეიტ-სცარცისი,გ,River,მდინარე
გრეიტ-უზი,გ,River,მდინარე
გრეიტ-ფიში,გ,River,მდინარე
გრემიაჩაია,გ,River,მდინარე
გრემიაჩი,გ,River,მდინარე
გრემიაჩკა,გ,River,მდინარე
გრემუჩაია,გ,River,მდინარე
გრემუჩი,გ,River,მდინარე
გრენადა,გ,Country,ქვეყანა
გრენადილი,გ,Food,საკვები
გრენდ-რივერი,გ,River,მდინარე
გრენდი,გ,River,მდინარე
გრენვილი,გ,City,ქალაქი
გრენივიკი,გ,City,ქალაქი
გრენლანდია,გ,Country,ქვეყანა
გრენობლი,გ,City,ქალაქი
გრენხენი,გ,City,ქალაქი
გრესიე,გ,City,ქალაქი
გრეტა,გ,Film,ფილმი
გრეჩიხა,გ,Food,საკვები
გრეჰემსთაუნი,გ,City,ქალაქი
გრიგიშკესი,გ,City,ქალაქი
გრიგოლ,გ,Name,სახელი
გრიგოლა,გ,River,მდინარე
გრიგოლეთისწყალი,გ,River,მდინარე
გრიგორი,გ,River,მდინარე
გრიგოროვკა,გ,River,მდინარე
გრიდა,გ,River,მდინარე
გრიზლი,გ,Animal,ცხოველი
გრიმბერგენი,გ,City,ქალაქი
გრიმი,გ,Film,ფილმი
გრინ-რივერი,გ,River,მდინარე
გრინბრაიერი,გ,River,მდინარე
გრინდა,გ,River,მდინარე
გრინდავიკი,გ,City,ქალაქი
გრინდსტედი,გ,City,ქალაქი
გრინვილი,გ,City,ქალაქი
გრინლანდია,გ,Country,ქვეყანა
გრინლენდი,გ,City,ქალაქი
გრინჩი,გ,Film,ფილმი
გრიფითი,გ,City,ქალაქი
გრიხალვა,გ,River,მდინარე
გრო კაიუ,გ,City,ქალაქი
გრობინა,გ,City,ქალაქი
გრობინია,გ,City,ქალაქი
გროგი,გ,Food,საკვები
გროდნა,გ,City,ქალაქი
გროდნო,გ,River,მდინარე
გროზნი,გ,River,მდინარე
გრომეშლინა,გ,River,მდინარე
გრომილჯაკი,გ,City,ქალაქი
გრომოვკა,გ,River,მდინარე
გრონზენეც,გ,River,მდინარე
გრონინგენი,გ,City,ქალაქი
გრონშტეინი,გ,River,მდინარე
გროს მორნე,გ,City,ქალაქი
გროს-ენცერზდორფი,გ,City,ქალაქი
გროსეტო,გ,City,ქალაქი
გროსუპლიე,გ,City,ქალაქი
გროტაფერატა,გ,City,ქალაქი
გრუმ-გრჟიმაილო,გ,River,მდინარე
გრუმანტი,გ,River,მდინარე
გრუნი,გ,River,მდინარე
გრუძიონძი,გ,City,ქალაქი
გრძელი,გ,Film,ფილმი
გრძელი ნათელი დღეები,გ,Film,ფილმი
გრძნეულის,გ,Film,ფილმი
გრძნეულის შეგირდი,გ,Film,ფილმი
გუაბიტო,გ,City,ქალაქი
გუადალახარა,გ,City,ქალაქი
გუადალუპე,გ,City,ქალაქი
გუაზაპა,გ,City,ქალაქი
გუაიაიბი,გ,City,ქალაქი
გუაიაკილი,გ,City,ქალაქი
გუაიარამერინი,გ,City,ქალაქი
გუაიმაკა,გ,City,ქალაქი
გუაიმანგო,გ,City,ქალაქი
გუაიმარო,გ,City,ქალაქი
გუაკარა,გ,City,ქალაქი
გუაკიმო,გ,City,ქალაქი
გუალაკა,გ,City,ქალაქი
გუალაკო,გ,City,ქალაქი
გუალანი,გ,City,ქალაქი
გუალასეო,გ,City,ქალაქი
გუალეგუაი,გ,City,ქალაქი
გუალეგუაიჩუ,გ,City,ქალაქი
გუამა,გ,City,ქალაქი
გუამი,გ,Country,ქვეყანა
გუანაბაკოა,გ,City,ქალაქი
გუანარე,გ,City,ქალაქი
გუანახაი,გ,City,ქალაქი
გუანახეი,გ,City,ქალაქი
გუანახუატო,გ,City,ქალაქი
გუანე,გ,City,ქალაქი
გუანო,გ,City,ქალაქი
გუანტანამო,გ,City,ქალაქი
გუანჯოუ,გ,City,ქალაქი
გუაპილეს,გ,City,ქალაქი
გუაპორე,გ,River,მდინარე
გუარამბარე,გ,City,ქალაქი
გუარანდა,გ,City,ქალაქი
გუარარე,გ,City,ქალაქი
გუარდა,გ,City,ქალაქი
გუარენასი,გ,City,ქალაქი
გუარიკო,გ,River,მდინარე
გუარულიოსი,გ,City,ქალაქი
გუარულიუსი,გ,City,ქალაქი
გუარუმალი,გ,City,ქალაქი
გუარუჯა,გ,City,ქალაქი
გუასიპატი,გ,City,ქალაქი
გუასტატოია,გ,City,ქალაქი
გუატაჯიაგუა,გ,City,ქალაქი
გუატემალა სითი,გ,City,ქალაქი
გუატირე,გ,City,ქალაქი
გუბადლი,გ,City,ქალაქი
გუბაზ,გ,Name,სახელი
გუბაზეული,გ,River,მდინარე
გუბაზოული,გ,River,მდინარე
გუბერლია,გ,River,მდინარე
გუბის წყალი,გ,River,მდინარე
გუბისწყალი,გ,River,მდინარე
გუგა,გ,Name,სახელი
გუგარა,გ,River,მდინარე
გუგარაცი,გ,River,მდინარე
გუგარჩაი,გ,River,მდინარე
გუგუ,გ,Name,სახელი
გუგუა,გ,Name,სახელი
გუგულა,გ,Name,სახელი
გუგული,გ,Name,სახელი
გუგუნა,გ,Name,სახელი
გუგუტა,გ,Name,სახელი
გუგუში,გ,River,მდინარე
გუდამაყრის არაგვი,გ,River,მდინარე
გუდანისჭალა,გ,River,მდინარე
გუდაუთა,გ,City,ქალაქი
გუდაური,გ,River,მდინარე
გუდბაი,გ,Film,ფილმი
გუდბაი ლენინ,გ,Film,ფილმი
"გუდბაი, ლენინ",გ,Film,ფილმი
გუდერი,გ,City,ქალაქი
გუდვილი,გ,River,მდინარე
გუდისისწყალი,გ,River,მდინარე
გუდლენდსი,გ,City,ქალაქი
გუდოუ,გ,River,მდინარე
გუელია,გ,River,მდინარე
გუელმა,გ,City,ქალაქი
გუელფი,გ,City,ქალაქი
გუერა,გ,River,მდინარე
გუერერო,გ,River,მდინარე
გუერნსი,გ,Country,ქვეყანა
გუვაჰათი,გ,City,ქალაქი
გუთანი,გ,River,მდინარე
გუთნისწყალი,გ,River,მდინარე
გუთო,გ,River,მდინარე
გუი,გ,River,მდინარე
გუიავე,გ,City,ქალაქი
გუიანგი,გ,City,ქალაქი
გუიბა,გ,River,მდინარე
გუიბარუნგო,გ,River,მდინარე
გუიდონია,გ,City,ქალაქი
გუიდონია-მონტეჩელიო,გ,City,ქალაქი
გუილა,გ,River,მდინარე
გუილი,გ,River,მდინარე
გუილინი,გ,City,ქალაქი
გუინესი,გ,City,ქალაქი
გუირა დე მელენა,გ,City,ქალაქი
გუირა-დე-მელენა,გ,City,ქალაქი
გუირადემელენა,გ,City,ქალაქი
გუირია,გ,River,მდინარე
გუისა,გ,City,ქალაქი
გუკა,გ,Name,სახელი
გულაბერ,გ,Name,სახელი
გულაბი,გ,Food,საკვები
გულადი,გ,Film,ფილმი
გულანი,გ,River,მდინარე
გულბაათ,გ,Name,სახელი
გულბარგა,გ,City,ქალაქი
გულბე,გ,River,მდინარე
გულბენე,გ,City,ქალაქი
გულბია,გ,River,მდინარე
გულბიში,გ,River,მდინარე
გულგრილი,გ,Film,ფილმი
გულგრილი ლუკი,გ,Film,ფილმი
გულდა,გ,Name,სახელი
გულდამ,გ,Name,სახელი
გულების,გ,Film,ფილმი
გულების მტეხველნი,გ,Film,ფილმი
გულედანი,გ,River,მდინარე
გულეიშვილი,გ,River,მდინარე
გულეიშურა,გ,River,მდინარე
გულვარდი,გ,Name,სახელი
გულთამზე,გ,Name,სახელი
გულიაკოვკა,გ,River,მდინარე
გულიანი,გ,City,ქალაქი
გულივერის,გ,Film,ფილმი
გულივერის თავგადასავალი,გ,Film,ფილმი
გულიკო,გ,Name,სახელი
გულიმიმი,გ,City,ქალაქი
გულის,გ,Film,ფილმი
გულის დანაშაულებები,გ,Film,ფილმი
გულის იდაყვი,გ,River,მდინარე
გულისა,გ,Name,სახელი
გულისვარდი,გ,Name,სახელი
გულისცემა,გ,Film,ფილმი
გულისწყალი,გ,River,მდინარე
გულმა,გ,River,მდინარე
გულნაზ,გ,Name,სახელი
გულნარა,გ,Name,სახელი
გულო,გ,Name,სახელი
გულრიფში,გ,City,ქალაქი
გულსუნდა,გ,Name,სახელი
გულუ,გ,City,ქალაქი
გულქან,გ,Name,სახელი
გულშანი,გ,River,მდინარე
გულშევი,გ,River,მდინარე
გულჩინა,გ,Name,სახელი
გულჩორა,გ,Name,სახელი
გუმბათი,გ,River,მდინარე
გუმბათის,გ,Film,ფილმი
გუმბათის ქვეშ,გ,Film,ფილმი
გუმბეიკა,გ,River,მდინარე
გუმბურინა,გ,River,მდინარე
გუმისთა,გ,River,მდინარე
გუმოვკა,გ,River,მდინარე
გუმუშჰანე,გ,City,ქალაქი
გუნდა,გ,River,მდინარე
გუნდი,გ,City,ქალაქი
გუნდორა,გ,River,მდინარე
გუნდოროვკა,გ,River,მდინარე
გუნი,გ,River,მდინარე
გუნიბკა,გ,River,მდინარე
გუნტანამო,გ,River,მდინარე
გუნტი,გ,River,მდინარე
გუნტური,გ,City,ქალაქი
გუნუ-გაია,გ,City,ქალაქი
გუნუხი,გ,River,მდინარე
გუნფო,გ,City,ქალაქი
გუნძა,გ,River,მდინარე
გუნძა-სუ,გ,River,მდინარე
გუნძურა,გ,River,მდინარე
გუნძური,გ,River,მდინარე
გუნხა,გ,River,მდინარე
გუნჯა,გ,City,ქალაქი
გუპი,გ,River,მდინარე
გურა ე ვოგელი,გ,City,ქალაქი
გურამ,გ,Name,სახელი
გურამა,გ,River,მდინარე
გურამი,გ,Name,სახელი
გურანდა,გ,Name,სახელი
გურანდუხტ,გ,Name,სახელი
გურანი,გ,River,მდინარე
გურგენ,გ,Name,სახელი
გურგენჩაი,გ,River,მდინარე
გურე,გ,City,ქალაქი
გურეში,გ,River,მდინარე
გურზუ,გ,River,მდინარე
გური,გ,River,მდინარე
გურიანთისწყალი,გ,River,მდინარე
გურიკული,გ,River,მდინარე
გურო,გ,River,მდინარე
გუროსწყალი,გ,River,მდინარე
გურუე,გ,City,ქალაქი
გურულა,გ,River,მდინარე
გურჯაანი,გ,City,ქალაქი
გუსარი,გ,River,მდინარე
გუსარჩაი,გ,River,მდინარე
გუსაუ,გ,City,ქალაქი
გუსევი,გ,River,მდინარე
გუსი,გ,City,ქალაქი
გუსინკა,გ,River,მდინარე
გუსლიანკა,გ,River,მდინარე
გუსლიცი,გ,River,მდინარე
გუსტავია,გ,City,ქალაქი
გუტაბი,გ,Food,საკვები
გუტიკა,გ,River,მდინარე
გუტო,გ,River,მდინარე
გუტურ-იურეხი,გ,River,მდინარე
გუშ დანი,გ,City,ქალაქი
გუშ-დანი,გ,City,ქალაქი
გუშდანი,გ,City,ქალაქი
გუჩა,გ,River,მდინარე
გუჩხი,გ,River,მდინარე
გუცა,გ,Name,სახელი
გუჯა,გ,Name,სახელი
გუჯაბაური,გ,River,მდინარე
გუჯარ-ხანი,გ,City,ქალაქი
გუჯარეთისწყალი,გ,River,მდინარე
გუჯარულა,გ,River,მდინარე
გუჯრათი,გ,City,ქალაქი
გუჯრანვალა,გ,City,ქალაქი
გუჯურეთი,გ,River,მდინარე
გჰაგრა,გ,River,მდინარე
გჰაგჰრა,გ,River,მდინარე
გჰაზი,გ,River,მდინარე
გჰატპრაბჰა,გ,River,მდინარე
გჰიზარი,გ,River,მდინარე
გჰილა,გ,River,მდინარე
გჰოდა,გ,River,მდინარე
და ვინჩის კოდი,დ,Film,ფილმი
და იქმნა ნათელი,დ,Film,ფილმი
და იქნება სისხლი,დ,Film,ფილმი
და ჩვენ ვიცეკვეთ,დ,Film,ფილმი
დაბადებული,დ,Film,ფილმი
დაბადებული გუშინ,დ,Film,ფილმი
დაბატი,დ,City,ქალაქი
დაბაში,დ,City,ქალაქი
დაბრუნება,დ,Film,ფილმი
დაბურია,დ,City,ქალაქი
დაგა,დ,City,ქალაქი
დაგდა,დ,City,ქალაქი
დადა,დ,Name,სახელი
დადააბი,დ,City,ქალაქი
დადაშ,დ,Name,სახელი
დადეშის ხევი,დ,River,მდინარე
დადუ,დ,City,ქალაქი
დაე ასე იყოს,დ,Film,ფილმი
დაელი,დ,City,ქალაქი
დაეტი,დ,City,ქალაქი
დავა,დ,River,მდინარე
დავაო,დ,City,ქალაქი
დავარ,დ,Name,სახელი
დავარ-ტინჯა,დ,City,ქალაქი
დავეი,დ,City,ქალაქი
დავიდი,დ,City,ქალაქი
დავით,დ,Name,სახელი
დავით გურამიშვილი,დ,Film,ფილმი
დავით-გოროდოკი,დ,City,ქალაქი
დავითი,დ,Name,სახელი
დავიწყებულები,დ,Film,ფილმი
დავიწყებული,დ,Film,ფილმი
დავიწყებული მეფე,დ,Film,ფილმი
დავოსი,დ,City,ქალაქი
დათა,დ,Name,სახელი
დათა თუთაშხია,დ,Film,ფილმი
დათვი,დ,Animal,ცხოველი
დათვისისხევი,დ,River,მდინარე
დათი,დ,Name,სახელი
დათო,დ,Name,სახელი
დაიანი,დ,City,ქალაქი
დაიანი ბიჩი,დ,City,ქალაქი
დაიანი-ბიჩი,დ,City,ქალაქი
დაიანიბიჩი,დ,City,ქალაქი
დაითესე,დ,Film,ფილმი
დაიკირი,დ,Food,საკვები
დაიკონი,დ,Food,საკვები
დაიმანი,დ,River,მდინარე
დაიმანტინა,დ,River,მდინარე
დაინავა (კაუნასი),დ,City,ქალაქი
დაირ ელ ზავრი,დ,City,ქალაქი
დაირ-ელ-ზავრი,დ,City,ქალაქი
დაირ-იუსუფი,დ,City,ქალაქი
დაირელზავრი,დ,City,ქალაქი
დაირუტი,დ,City,ქალაქი
დაიფამი,დ,City,ქალაქი
დაიჭირე,დ,Film,ფილმი
დაიჭირე ტალღა,დ,Film,ფილმი
დაიჯერე,დ,Film,ფილმი
დაიჯერო,დ,Film,ფილმი
დაკა,დ,City,ქალაქი
დაკარგულები,დ,Film,ფილმი
დაკარგული,დ,Film,ფილმი
დაკარგული გოგონა,დ,Film,ფილმი
დაკარგული კიდობნის მაძიებლები,დ,Film,ფილმი
დაკარგული კოცნა,დ,Film,ფილმი
დაკარგული სამოთხე,დ,Film,ფილმი
დაკარგული სამყარო,დ,Film,ფილმი
დაკარგული სამყარო იურული,დ,Film,ფილმი
დაკარგული სამყარო იურული პარკი,დ,Film,ფილმი
დაკარგული სამყარო: იურული პარკი,დ,Film,ფილმი
დაკარგული საუნჯე,დ,Film,ფილმი
დაკარგული ქალაქი,დ,Film,ფილმი
დაკარი,დ,City,ქალაქი
დაკითხვა,დ,Film,ფილმი
დაკორო,დ,City,ქალაქი
დალამანი,დ,City,ქალაქი
დალანძადგადი,დ,City,ქალაქი
დალარუიკი,დ,City,ქალაქი
დალასი,დ,City,ქალაქი
დალასის,დ,Film,ფილმი
დალასის შემსყიდველთა კლუბი,დ,Film,ფილმი
დალვიკი,დ,City,ქალაქი
დალი,დ,Name,სახელი
დალიათ-ელ-კარმილი,დ,City,ქალაქი
დალიანი,დ,City,ქალაქი
დალილარი,დ,City,ქალაქი
დალლაში,დ,City,ქალაქი
დალმატინელი,დ,Animal,ცხოველი
დალმაციელი,დ,Film,ფილმი
დალოა,დ,City,ქალაქი
დალჯი,დ,City,ქალაქი
დალჰაიმი,დ,City,ქალაქი
დამათურუ,დ,City,ქალაქი
დამალი,დ,City,ქალაქი
დამალული,დ,Film,ფილმი
დამალული სიმართლე,დ,Film,ფილმი
დამამი,დ,City,ქალაქი
დამანჰური,დ,City,ქალაქი
დამარა,დ,City,ქალაქი
დამასკო,დ,City,ქალაქი
დამაცადე,დ,Film,ფილმი
დამბო,დ,Film,ფილმი
დამბულა,დ,City,ქალაქი
დამე-მარი,დ,City,ქალაქი
დამიანე,დ,Name,სახელი
დამიჭირე,დ,Film,ფილმი
დამნაშავე,დ,Film,ფილმი
დამნაშავე ვარსკვლავები,დ,Film,ფილმი
დამოდარი,დ,River,მდინარე
დამოუკიდებლობის,დ,Film,ფილმი
დამოუკიდებლობის დღე,დ,Film,ფილმი
დამოუკიდებლობის დღე აღზევება,დ,Film,ფილმი
დამოუკიდებლობის დღე: აღზევება,დ,Film,ფილმი
დამცველი,დ,Film,ფილმი
დანა,დ,Film,ფილმი
დანა წყალში,დ,Film,ფილმი
დანაშაულებები,დ,Film,ფილმი
დანაშაულებები და ცუდი საქციელები,დ,Film,ფილმი
დანბოინი,დ,City,ქალაქი
დანგარვანი,დ,City,ქალაქი
დანგრეული,დ,Film,ფილმი
დანგრეული სასახლე,დ,Film,ფილმი
დანგრიგა,დ,City,ქალაქი
დანდი,დ,City,ქალაქი
დანდოლკი,დ,City,ქალაქი
დანდონგი,დ,City,ქალაქი
დანდრი,დ,River,მდინარე
დანდუნი,დ,City,ქალაქი
დანდური,დ,Plant,მცენარე
დანედინი,დ,City,ქალაქი
დანი,დ,Name,სახელი
დანია,დ,Country,ქვეყანა
დანიდინი,დ,City,ქალაქი
დანიელ,დ,Name,სახელი
დანიელ ფლორესი,დ,City,ქალაქი
დანიელი,დ,Name,სახელი
დანიის სამეფო,დ,Country,ქვეყანა
დანილოვგრადი,დ,City,ქალაქი
დანკანი,დ,City,ქალაქი
დანკანსი,დ,City,ქალაქი
დანლი,დ,City,ქალაქი
დანლივი,დ,City,ქალაქი
დანღარა,დ,City,ქალაქი
დანშოჰლინი,დ,City,ქალაქი
დაპაონგი,დ,City,ქალაქი
დარ ეს სალამი,დ,City,ქალაქი
დარ ქულაიბი,დ,City,ქალაქი
დარ შიუხი,დ,City,ქალაქი
დარ-ეს-სალამი,დ,City,ქალაქი
დარ-შაბანე,დ,City,ქალაქი
დარა,დ,City,ქალაქი
დარაია,დ,City,ქალაქი
დარგავილი,დ,City,ქალაქი
დარდა,დ,City,ქალაქი
დარესსალამი,დ,City,ქალაქი
დარეჯან,დ,Name,სახელი
დარეჯანი,დ,Name,სახელი
დარვაზკაი,დ,City,ქალაქი
დარვინი,დ,City,ქალაქი
დარვიშანი,დ,City,ქალაქი
დარზაბი,დ,City,ქალაქი
დარიკო,დ,Name,სახელი
დარინა,დ,Name,სახელი
დარისპან,დ,Name,სახელი
დარიტი,დ,City,ქალაქი
დარიჩინი,დ,Plant,მცენარე
დარლინგი,დ,River,მდინარე
დარლისტონი,დ,City,ქალაქი
დარმშტადტი,დ,City,ქალაქი
დარნა,დ,City,ქალაქი
დარო,დ,Name,სახელი
დარტფორდი,დ,City,ქალაქი
დარუ,დ,City,ქალაქი
დარუარუ,დ,City,ქალაქი
დარფილდი,დ,City,ქალაქი
დარჩენილი,დ,Film,ფილმი
დარჩენილი დრო,დ,Film,ფილმი
დარჩი,დ,River,მდინარე
დარხანი,დ,City,ქალაქი
დასა-ზუმე,დ,City,ქალაქი
დასავლეთი რანგა,დ,River,მდინარე
დასავლეთი საჰარა,დ,Country,ქვეყანა
დასავლეთის ბუგი,დ,River,მდინარე
დასავლეთის გუმისთა,დ,River,მდინარე
დასავლეთის დვინა,დ,River,მდინარე
დასავლეთის ფრონე,დ,River,მდინარე
დასაწყისი,დ,Film,ფილმი
დასკა,დ,City,ქალაქი
დასმარინიასი,დ,City,ქალაქი
დასტაკერტი,დ,City,ქალაქი
დატონგი,დ,City,ქალაქი
დაუგავპილსი,დ,City,ქალაქი
დაუგაი,დ,City,ქალაქი
დაუკარით,დ,Film,ფილმი
დაუკარით ჩემი მუსიკა,დ,Film,ფილმი
დაუნტონის,დ,Film,ფილმი
დაუნტონის სააბატო,დ,Film,ფილმი
დაფი,დ,Food,საკვები
დაფინე,დ,Name,სახელი
დაფნა,დ,Plant,მცენარე
დაქშინ ჩარ ფასონი,დ,City,ქალაქი
დაღესტანი,დ,Country,ქვეყანა
დაშთ-ე არჩი,დ,City,ქალაქი
დაშოგუზი,დ,City,ქალაქი
დაშქესანი,დ,City,ქალაქი
დაჩი,დ,Name,სახელი
დაწყევლილი,დ,Film,ფილმი
დაწყევლილი ველი,დ,Film,ფილმი
დახლა,დ,City,ქალაქი
დაჯი,დ,City,ქალაქი
დაჰაბი,დ,City,ქალაქი
დაჰანე-ე ღოური,დ,City,ქალაქი
დაჰრანი,დ,City,ქალაქი
დაჰუკი,დ,City,ქალაქი
დე ბოუფი,დ,Food,საკვები
დე ქრეინი,დ,City,ქალაქი
დე-ბილტი,დ,City,ქალაქი
დეა,დ,Name,სახელი
დებარი,დ,City,ქალაქი
დებედა,დ,River,მდინარე
დები,დ,Film,ფილმი
დები ია-იას ღვთაებრივი,დ,Film,ფილმი
დები ია-იას ღვთაებრივი საიდუმლოები,დ,Film,ფილმი
დებიცა,დ,City,ქალაქი
დებორა,დ,Name,სახელი
დებრე ბირჰანი,დ,City,ქალაქი
დებრე ზეიტი,დ,City,ქალაქი
დებრე სინას,დ,City,ქალაქი
დებრე ტაბორი,დ,City,ქალაქი
დებრეცენი,დ,City,ქალაქი
დეგაშე,დ,City,ქალაქი
დეგუ,დ,City,ქალაქი
დედა,დ,Film,ფილმი
დედამიწელები,დ,Film,ფილმი
დედაჩემის,დ,Film,ფილმი
დედაჩემის ჭრილობა,დ,Film,ფილმი
დედე,დ,Film,ფილმი
დედერ,დ,City,ქალაქი
დედზა,დ,City,ქალაქი
დედოფლისწყარო,დ,City,ქალაქი
დევა,დ,City,ქალაქი
დევდარაკი,დ,River,მდინარე
დევენტერი,დ,City,ქალაქი
დევი,დ,Name,სახელი
დევინი,დ,City,ქალაქი
დევნა,დ,Film,ფილმი
დევნია,დ,City,ქალაქი
დევონპორტი,დ,City,ქალაქი
დეზეპშენ ბეი,დ,City,ქალაქი
დეივი,დ,River,მდინარე
დეინცე,დ,City,ქალაქი
დეირ ელ ბარშა,დ,City,ქალაქი
დეირ მავასი,დ,City,ქალაქი
დეირ ჰაფირი,დ,City,ქალაქი
დეირ-ელ-ბარშა,დ,City,ქალაქი
დეირ-მავასი,დ,City,ქალაქი
დეირ-ჰანა,დ,City,ქალაქი
დეირ-ჰაფირი,დ,City,ქალაქი
დეირელბარშა,დ,City,ქალაქი
დეირმავასი,დ,City,ქალაქი
დეირჰაფირი,დ,City,ქალაქი
დეკემჰარე,დ,City,ქალაქი
დეკოდერი,დ,Film,ფილმი
დელავერი,დ,River,მდინარე
დელაპი,დ,City,ქალაქი
დელგადო,დ,City,ქალაქი
დელვი,დ,City,ქალაქი
დელვინა,დ,City,ქალაქი
დელი,დ,City,ქალაქი
დელისიასი,დ,City,ქალაქი
დელმას 73,დ,City,ქალაქი
დელმასი,დ,City,ქალაქი
დელნიცე,დ,City,ქალაქი
დელტა-დელ-ტიგრე,დ,City,ქალაქი
დელფინი,დ,Animal,ცხოველი
დელფინიუმი,დ,Plant,მცენარე
დელფტი,დ,City,ქალაქი
დელჩევო,დ,City,ქალაქი
დემბენი,დ,City,ქალაქი
დემბი დოლო,დ,City,ქალაქი
დემეტრე,დ,Name,სახელი
დემირ კაპია,დ,City,ქალაქი
დემირ ჰისარი,დ,City,ქალაქი
დემირ-კაპია,დ,City,ქალაქი
დემირ-ჰისარი,დ,City,ქალაქი
დემირკაპია,დ,City,ქალაქი
დემირჰისარი,დ,City,ქალაქი
დემნა,დ,Name,სახელი
დემურ,დ,Name,სახელი
დენ-ჰელდერი,დ,City,ქალაქი
დენგფენგი,დ,City,ქალაქი
დენდერა,დ,City,ქალაქი
დენდერმონდე,დ,City,ქალაქი
დენვერი,დ,City,ქალაქი
დენიზლი,დ,City,ქალაქი
დენის,დ,Name,სახელი
დენოლა,დ,Name,სახელი
დენპასარი,დ,City,ქალაქი
დეპოკი,დ,City,ქალაქი
დეჟა,დ,Film,ფილმი
დეჟა ვუ,დ,Film,ფილმი
დეჟენი,დ,City,ქალაქი
დეჟი,დ,City,ქალაქი
დერა-ისმაილ-ხანი,დ,City,ქალაქი
დერა-ღაზი-ხანი,დ,City,ქალაქი
დერაკი,დ,City,ქალაქი
დერვენტა,დ,City,ქალაქი
დერვიში,დ,Film,ფილმი
დერვიში აფეთქებს პარიზს,დ,Film,ფილმი
დერინია,დ,City,ქალაქი
დერჟავინსკი,დ,City,ქალაქი
დერსუ,დ,Film,ფილმი
დერსუ უზალა,დ,Film,ფილმი
დერუენტი,დ,River,მდინარე
დესაგუადერო,დ,River,მდინარე
დესალინესი,დ,City,ქალაქი
დესამპარადოსი,დ,City,ქალაქი
დესარმესი,დ,City,ქალაქი
დესაუ,დ,City,ქალაქი
დესე,დ,City,ქალაქი
დესეადო,დ,River,მდინარე
დესიე,დ,City,ქალაქი
დესნა,დ,River,მდინარე
დესპინე,დ,Name,სახელი
დეტ-უდომი,დ,City,ქალაქი
დეტე,დ,City,ქალაქი
დეტექტივები,დ,Film,ფილმი
დეტროიტი,დ,City,ქალაქი
დეხვა,დ,River,მდინარე
დეჰრა-დუნი,დ,City,ქალაქი
დვანი,დ,River,მდინარე
დვინა,დ,River,მდინარე
დვირულა,დ,River,მდინარე
დზიანი,დ,City,ქალაქი
დი ას-სუფალი,დ,City,ქალაქი
დიადემა,დ,City,ქალაქი
დიადი,დ,Film,ფილმი
დიადი განთიადი,დ,Film,ფილმი
დიავარა,დ,City,ქალაქი
დიავოლოს,დ,Food,საკვები
დიალი,დ,City,ქალაქი
დიანა,დ,Name,სახელი
დიანოზ,დ,Name,სახელი
დიარბაქირი,დ,City,ქალაქი
დიახ,დ,Film,ფილმი
დიახ მინისტრო,დ,Film,ფილმი
დიგოსი,დ,City,ქალაქი
დიდგორი,დ,City,ქალაქი
დიდება,დ,Film,ფილმი
დიდების,დ,Film,ფილმი
დიდების ბილიკები,დ,Film,ფილმი
დიდებული,დ,Film,ფილმი
დიდებული ბიჭები,დ,Film,ფილმი
დიდებული საუკუნე,დ,Film,ფილმი
დიდებული საუკუნე ქიოსემი,დ,Film,ფილმი
დიდებული ტყუილი,დ,Film,ფილმი
დიდედები,დ,Film,ფილმი
დიდედები და შვილიშვილები,დ,Film,ფილმი
დიდი,დ,Film,ფილმი
დიდი ანიუი,დ,River,მდინარე
დიდი ბრიტანეთი,დ,Country,ქვეყანა
დიდი ბრიტანეთისა და ჩრდილოეთ ირლანდიის გაერთიანებული სამეფო,დ,Country,ქვეყანა
დიდი გამყინვარება,დ,Film,ფილმი
დიდი გამყინვარება გლობალური,დ,Film,ფილმი
დიდი გამყინვარება გლობალური დათბობა,დ,Film,ფილმი
დიდი გამყინვარება დინოზავრების,დ,Film,ფილმი
დიდი გამყინვარება დინოზავრების ერა,დ,Film,ფილმი
დიდი გამყინვარება: გლობალური დათბობა,დ,Film,ფილმი
დიდი გამყინვარება: დინოზავრების ერა,დ,Film,ფილმი
დიდი გასეირნება,დ,Film,ფილმი
დიდი გეთსბი,დ,Film,ფილმი
დიდი გეტსბი,დ,Film,ფილმი
დიდი დათვის ნისლიანი,დ,Film,ფილმი
დიდი დათვის ნისლიანი თანავარსკვლავედი,დ,Film,ფილმი
დიდი დეტექტივი თაგვი,დ,Film,ფილმი
დიდი დიქტატორი,დ,Film,ფილმი
დიდი იჟორკა,დ,River,მდინარე
დიდი იქი,დ,River,მდინარე
დიდი კარუზო,დ,Film,ფილმი
დიდი კედელი,დ,Film,ფილმი
დიდი ლებოვსკი,დ,Film,ფილმი
დიდი ლილო,დ,City,ქალაქი
დიდი მენდერესი,დ,River,მდინარე
დიდი მწვანე ველი,დ,Film,ფილმი
დიდი ნევა,დ,River,მდინარე
დიდი ნევკა,დ,River,მდინარე
დიდი ომი,დ,Film,ფილმი
დიდი ოჯახი,დ,Film,ფილმი
დიდი პატარა ტყუილები,დ,Film,ფილმი
დიდი სიყვარული,დ,Film,ფილმი
დიდი ტვინი,დ,Film,ფილმი
დიდი ქალაქის ჩირაღდნები,დ,Film,ფილმი
დიდი ქვეყანა,დ,Film,ფილმი
დიდი წვეულება,დ,Film,ფილმი
დიდიმ,დ,Name,სახელი
დიდიხევი,დ,River,მდინარე
დიდოსტატის,დ,Film,ფილმი
დიდოსტატის მარჯვენა,დ,Film,ფილმი
დიდხევი,დ,River,მდინარე
დიეგო დე ალმაგრო,დ,City,ქალაქი
დიელო,დ,Name,სახელი
დიერი,დ,City,ქალაქი
დიეს დე ოქტუბრე,დ,City,ქალაქი
დიეს-დე-ოქტუბრე,დ,City,ქალაქი
დიესდეოქტუბრე,დ,City,ქალაქი
დიესტი,დ,City,ქალაქი
დივალა,დ,City,ქალაქი
დივერგენტი,დ,Film,ფილმი
დივერგენტის,დ,Film,ფილმი
დივერგენტის სერია,დ,Film,ფილმი
დივერგენტის სერია ერთგული,დ,Film,ფილმი
დივერგენტის სერია მეამბოხე,დ,Film,ფილმი
დივერგენტის სერია: ერთგული,დ,Film,ფილმი
დივერგენტის სერია: მეამბოხე,დ,Film,ფილმი
დივიცანი,დ,City,ქალაქი
დიზანგე,დ,City,ქალაქი
დიზე,დ,River,მდინარე
დიკ ტრეისი,დ,Film,ფილმი
დიკილი,დ,City,ქალაქი
დიკირხი,დ,City,ქალაქი
დილა,დ,City,ქალაქი
დილა მშვიდობისა ვიეტნამო,დ,Film,ფილმი
"დილა მშვიდობისა, ვიეტნამო",დ,Film,ფილმი
დილავარდისა,დ,Name,სახელი
დილანი,დ,Film,ფილმი
დილბეკი,დ,City,ქალაქი
დილი,დ,City,ქალაქი
დილინგი,დ,City,ქალაქი
დილიჟანსი,დ,Film,ფილმი
დილის,დ,Film,ფილმი
დილის შოუ,დ,Film,ფილმი
დილიჯანი,დ,City,ქალაქი
დიმა,დ,City,ქალაქი
დიმაკო,დ,City,ქალაქი
დიმბოვიცა,დ,River,მდინარე
დიმიტრი,დ,Name,სახელი
დიმიტრი ii,დ,Film,ფილმი
დიმიტროვგრადი,დ,City,ქალაქი
დიმონა,დ,City,ქალაქი
დინა,დ,Name,სახელი
დინარა,დ,Name,სახელი
დინაჯპური,დ,City,ქალაქი
დინგო,დ,Animal,ცხოველი
დინკელი,დ,River,მდინარე
დინოზავრი,დ,Animal,ცხოველი
დინოლა,დ,Film,ფილმი
დიოკნისი,დ,City,ქალაქი
დიომა,დ,River,მდინარე
დიომაენდროდი,დ,City,ქალაქი
დიომიდე,დ,Name,სახელი
დიომრო,დ,City,ქალაქი
დიონდიოში,დ,City,ქალაქი
დიონისე,დ,Name,სახელი
დიორი,დ,City,ქალაქი
დიოსკურია,დ,City,ქალაქი
დიოფიორი,დ,City,ქალაქი
დიპალპური,დ,City,ქალაქი
დიპახი,დ,City,ქალაქი
დიპოლოგი,დ,City,ქალაქი
დიჟონი,დ,City,ქალაქი
დირაია,დ,City,ქალაქი
დირე დაუა,დ,City,ქალაქი
დირე დაურა,დ,City,ქალაქი
დირე-დაუა,დ,City,ქალაქი
დირედაუა,დ,City,ქალაქი
დირია,დ,City,ქალაქი
დირიამბა,დ,City,ქალაქი
დირიომო,დ,City,ქალაქი
დისკოს,დ,Film,ფილმი
დისკოს მოცეკვავე,დ,Film,ფილმი
დისნა,დ,City,ქალაქი
დისუკი,დ,City,ქალაქი
დისქავერი ბეი,დ,City,ქალაქი
დიტიკონი,დ,City,ქალაქი
დიტო,დ,Name,სახელი
დიუბენდორფი,დ,City,ქალაქი
დიუბრეი,დ,City,ქალაქი
დიუდელანჟი,დ,City,ქალაქი
დიულა,დ,City,ქალაქი
დიუნი,დ,Film,ფილმი
დიუნი მეორე ნაწილი,დ,Film,ფილმი
დიუნი: მეორე ნაწილი,დ,Film,ფილმი
დიუნკერკი,დ,City,ქალაქი
დიუპივოგური,დ,City,ქალაქი
დიურანსი,დ,River,მდინარე
დიურენი,დ,City,ქალაქი
დიუსელდორფი,დ,City,ქალაქი
დიფა,დ,City,ქალაქი
დიფერდანჟი,დ,City,ქალაქი
დიღმისწყალი,დ,River,მდინარე
დიყი,დ,Plant,მცენარე
დიხილი,დ,City,ქალაქი
დმანისი,დ,City,ქალაქი
დნეპრი,დ,River,მდინარე
დნესტრი,დ,River,მდინარე
დნიპრო,დ,City,ქალაქი
დობა,დ,City,ქალაქი
დობელე,დ,City,ქალაქი
დობლადა,დ,Food,საკვები
დობოი,დ,City,ქალაქი
დობრიჩი,დ,City,ქალაქი
დობრუში,დ,City,ქალაქი
დოგბო,დ,City,ქალაქი
დოგვილი,დ,Film,ფილმი
დოგი,დ,Film,ფილმი
დოგონდუჩი,დ,City,ქალაქი
დოდერი,დ,River,მდინარე
დოდესკადენი,დ,Film,ფილმი
დოდი,დ,Name,სახელი
დოდო,დ,Name,სახელი
დოდოლა,დ,City,ქალაქი
დოდომა,დ,City,ქალაქი
დოვა,დ,City,ქალაქი
დოვერსი,დ,City,ქალაქი
დოიჩლანდსბერგი,დ,City,ქალაქი
დოკა,დ,City,ქალაქი
დოლეგა,დ,City,ქალაქი
დოლი,დ,Plant,მცენარე
დოლიაურის ხევი,დ,River,მდინარე
დოლორესი,დ,City,ქალაქი
დოლრაჭალა,დ,River,მდინარე
დომბოვარი,დ,City,ქალაქი
დომბროვა-გურნიჩა,დ,City,ქალაქი
დომელი,დ,River,მდინარე
დომელშის,დ,Food,საკვები
დომელშის ლუდსახარში,დ,Food,საკვები
დომენტი,დ,Name,სახელი
დომი,დ,City,ქალაქი
დომინიკა,დ,Country,ქვეყანა
დომინიკანელთა რესპუბლიკა,დ,Country,ქვეყანა
დომინიკელთა რესპუბლიკა,დ,Country,ქვეყანა
დომინიკის თანამეგობრობა,დ,Country,ქვეყანა
დომინიკის რესპუბლიკა,დ,Country,ქვეყანა
დომნა,დ,Name,სახელი
დომოდოსოლა,დ,City,ქალაქი
დომონი,დ,City,ქალაქი
დომჟალე,დ,City,ქალაქი
დონაბეიტი,დ,City,ქალაქი
დონგონგონი,დ,City,ქალაქი
დონგჰოი,დ,City,ქალაქი
დონდო,დ,City,ქალაქი
დონდონი,დ,City,ქალაქი
დონდუშენი,დ,City,ქალაქი
დონეცი,დ,River,მდინარე
დონეცკი,დ,City,ქალაქი
დონი,დ,River,მდინარე
დონი დარკო,დ,Film,ფილმი
დონჟი ვაკუფი,დ,City,ქალაქი
დორა,დ,City,ქალაქი
დორა-ბალტეა,დ,River,მდინარე
დორბირნი,დ,City,ქალაქი
დორდონი,დ,River,მდინარე
დორდრეხტი,დ,City,ქალაქი
დორდტსხე-კილი,დ,River,მდინარე
დორის,დ,Film,ფილმი
დორის ძიებაში,დ,Film,ფილმი
დორმაუსი,დ,Animal,ცხოველი
დორნბირნი,დ,City,ქალაქი
დოროვა-მაინინგ-ლიზი,დ,City,ქალაქი
დოროთე,დ,Name,სახელი
დოროჰოი,დ,City,ქალაქი
დორტმუნდი,დ,City,ქალაქი
დორუფჩა,დ,City,ქალაქი
დოს ჰერმანასი,დ,City,ქალაქი
დოსო,დ,City,ქალაქი
დოსპატი,დ,River,მდინარე
დოტნუველე,დ,River,მდინარე
დოუნიანი,დ,City,ქალაქი
დოქტორ,დ,Food,საკვები
დოქტორ ნოუ,დ,Film,ფილმი
დოქტორ პეპერი,დ,Food,საკვები
დოქტორ-ხუან-ლეონ-მალიორკინი,დ,City,ქალაქი
დოქტორ-ხუან-მანუელ-ფრუტოსი,დ,City,ქალაქი
დოქტორი,დ,Film,ფილმი
დოქტორი ვინ,დ,Film,ფილმი
დოქტორი სტრეინჯი,დ,Film,ფილმი
დოქტორი სტრეინჯლავი,დ,Film,ფილმი
დოქშიცი,დ,City,ქალაქი
დოღუბაიაზითი,დ,City,ქალაქი
დოხვართა,დ,River,მდინარე
დოჰა,დ,City,ქალაქი
დოჰარი,დ,City,ქალაქი
დრა ელ მიზანი,დ,City,ქალაქი
დრაგინიანი,დ,City,ქალაქი
დრაგიხინი,დ,City,ქალაქი
დრაგორი,დ,City,ქალაქი
დრავა,დ,River,მდინარე
დრავოგრადი,დ,City,ქალაქი
დრაივი,დ,Film,ფილმი
დრაკონის,დ,Film,ფილმი
დრაკონის მხედარი,დ,Film,ფილმი
დრაკონის სახლი,დ,Film,ფილმი
დრაკულა,დ,Film,ფილმი
დრამა,დ,City,ქალაქი
დრამშანბო,დ,City,ქალაქი
დრანგსნესი,დ,City,ქალაქი
დრანსი,დ,City,ქალაქი
დრაცენა,დ,Plant,მცენარე
დრახტენი,დ,City,ქალაქი
დრეანი,დ,City,ქალაქი
დრეგეშანი,დ,City,ქალაქი
დრედი,დ,Film,ფილმი
დრეზდენი,დ,City,ქალაქი
დრვენცა,დ,River,მდინარე
დრიანოვო,დ,City,ქალაქი
დრინა,დ,River,მდინარე
დრინო,დ,River,მდინარე
დრიჰად ნუა,დ,City,ქალაქი
დრიჰად-ნუა,დ,City,ქალაქი
დრიჰადნუა,დ,City,ქალაქი
დრო,დ,Film,ფილმი
დროა,დ,Film,ფილმი
დროა მოკვლის,დ,Film,ფილმი
დრობეტა ტურნუ სევერინი,დ,City,ქალაქი
დრობეტა-ტურნუ-სევერინი,დ,City,ქალაქი
დრობეტატურნუსევერინი,დ,City,ქალაქი
დროგობიჩი,დ,City,ქალაქი
დროედა,დ,City,ქალაქი
დროის,დ,Film,ფილმი
დროის გარეშე,დ,Film,ფილმი
დროის მანქანა,დ,Film,ფილმი
დროის მბრძანებლები,დ,Film,ფილმი
დროკია,დ,City,ქალაქი
დრომი,დ,River,მდინარე
დრომოლაქსია,დ,City,ქალაქი
დრონტენი,დ,City,ქალაქი
დრუმონვილი,დ,City,ქალაქი
დრუჟკოვკა,დ,City,ქალაქი
დრუსკინინკაი,დ,City,ქალაქი
დრუში,დ,City,ქალაქი
დუაბი,დ,River,მდინარე
დუაიავ ნკვანტა,დ,City,ქალაქი
დუალა,დ,City,ქალაქი
დუანე,დ,City,ქალაქი
დუბაი,დ,City,ქალაქი
დუბესარი,დ,City,ქალაქი
დუბისა,დ,River,მდინარე
დუბლინი,დ,City,ქალაქი
დუბნა,დ,River,მდინარე
დუბო,დ,City,ქალაქი
დუბროვნიკი,დ,City,ქალაქი
დუბტი,დ,City,ქალაქი
დუგლასი,დ,City,ქალაქი
დუდა,დ,Name,სახელი
დუდანა,დ,Name,სახელი
დუდელანჟი,დ,City,ქალაქი
დუდუხანა,დ,Name,სახელი
დუელანტები,დ,Film,ფილმი
დუელი,დ,Film,ფილმი
დუერო,დ,River,მდინარე
დუზი,დ,City,ქალაქი
დუზჯე,დ,City,ქალაქი
დუისბურგი,დ,City,ქალაქი
დუკე დე კახიასი,დ,City,ქალაქი
დუკი დი კაშიასი,დ,City,ქალაქი
დუკი-დი-კაშიასი,დ,City,ქალაქი
დუკიდიკაშიასი,დ,City,ქალაქი
დუკშტასი,დ,City,ქალაქი
დულსე ნომბრე,დ,City,ქალაქი
დუმა,დ,City,ქალაქი
დუმაგეტე,დ,City,ქალაქი
დუმაი,დ,City,ქალაქი
დუმალა,დ,River,მდინარე
დუმე,დ,City,ქალაქი
დუმიატი,დ,City,ქალაქი
დუმილი,დ,Film,ფილმი
დუმფარა,დ,Plant,მცენარე
დუნ-ლერი,დ,City,ქალაქი
დუნაეცი,დ,River,მდინარე
დუნაი,დ,River,მდინარე
დუნაის კრემსი,დ,City,ქალაქი
დუნაის ტულნი,დ,City,ქალაქი
დუნაკესი,დ,City,ქალაქი
დუნაუივაროში,დ,City,ქალაქი
დუნაჰარასტი,დ,City,ქალაქი
დუნდუ,დ,City,ქალაქი
დუნკვა,დ,City,ქალაქი
დუნჰუანგი,დ,City,ქალაქი
დუპნიცა,დ,City,ქალაქი
დურანგო,დ,City,ქალაქი
დურანი,დ,City,ქალაქი
დურასნო,დ,City,ქალაქი
დურაჯი,დ,Animal,ცხოველი
დურბალი,დ,City,ქალაქი
დურბანი,დ,City,ქალაქი
დურბე,დ,City,ქალაქი
დურგაპური,დ,City,ქალაქი
დურეიქიში,დ,City,ქალაქი
დურესი,დ,City,ქალაქი
დურლეშტი,დ,City,ქალაქი
დურმიშხან,დ,Name,სახელი
დურმიშხანი,დ,Name,სახელი
დურუჯი,დ,River,მდინარე
დუსა-მარები,დ,City,ქალაქი
დუსენი,დ,Food,საკვები
დუსტი,დ,City,ქალაქი
დუტინხემი,დ,City,ქალაქი
დუტუ,დ,Name,სახელი
დუშანბე,დ,City,ქალაქი
დუშეთი,დ,City,ქალაქი
დუხანი,დ,City,ქალაქი
დუხუნა,დ,Name,სახელი
დუჯუუმა,დ,City,ქალაქი
დღამში,დ,River,მდინარე
დღე,დ,Film,ფილმი
დღე პირველი,დ,Film,ფილმი
დღე უკანასკნელი დღე,დ,Film,ფილმი
"დღე უკანასკნელი, დღე პირველი",დ,Film,ფილმი
დღეს,დ,Film,ფილმი
დღეს ღამე უთენებია,დ,Film,ფილმი
დღესასწაული,დ,Film,ფილმი
დღესასწაული დღესასწაულის მოლოდინში,დ,Film,ფილმი
დღიანი,დ,Film,ფილმი
დღიანი ღამე,დ,Film,ფილმი
დღის,დ,Film,ფილმი
დღის ნარჩენები,დ,Film,ფილმი
დშანგი,დ,City,ქალაქი
დჰაკა,დ,City,ქალაქი
დჰალი,დ,City,ქალაქი
დჰიდჰდჰუ,დ,City,ქალაქი
ებებიინი,ე,City,ქალაქი
ებებინ,ე,City,ქალაქი
ებელტოფტი,ე,City,ქალაქი
ებენზე,ე,City,ქალაქი
ებლოვა,ე,City,ქალაქი
ებრიხსდორფი,ე,City,ქალაქი
ებრო,ე,River,მდინარე
ებუტე-იკოროდუ,ე,City,ქალაქი
ეგა,ე,River,მდინარე
ეგერი,ე,City,ქალაქი
ეგვიპტე,ე,Country,ქვეყანა
ეგვიპტის,ე,Film,ფილმი
ეგვიპტის არაბული რესპუბლიკა,ე,Country,ქვეყანა
ეგვიპტის უფლისწული,ე,Film,ფილმი
ეგვიპტის ღმერთები,ე,Film,ფილმი
ეგვიპტური,ე,Food,საკვები
ეგვიპტური ღვინო,ე,Food,საკვები
ეგიინ-გოლი,ე,River,მდინარე
ეგილსტადირი,ე,City,ქალაქი
ეგნატე,ე,Name,სახელი
ეგნოგი,ე,Food,საკვები
ეგრი,ე,City,ქალაქი
ედ სალივანის შოუ,ე,Film,ფილმი
ედ-დივანია,ე,City,ქალაქი
ედ-დუჯაილი,ე,City,ქალაქი
ედე,ე,City,ქალაქი
ედეა,ე,City,ქალაქი
ედეგემი,ე,City,ქალაქი
ედენდერი,ე,City,ქალაქი
ედესა,ე,City,ქალაქი
ედიმბურგი,ე,City,ქალაქი
ედინბურგი,ე,City,ქალაქი
ედინეცი,ე,City,ქალაქი
ედირნე,ე,City,ქალაქი
ედისონი,ე,Film,ფილმი
ედისონი და ლეო,ე,Film,ფილმი
ედიშერ,ე,Name,სახელი
ედმონტონი,ე,City,ქალაქი
ედო,ე,City,ქალაქი
ედუარდ,ე,Name,სახელი
ევა,ე,Name,სახელი
ევარტონი,ე,City,ქალაქი
ევას,ე,Film,ფილმი
ევას მკვლელობისას,ე,Film,ფილმი
ევგენი,ე,Name,სახელი
ევდიმუ,ე,City,ქალაქი
ევდოკია,ე,Name,სახელი
ევენ-იეჰუდა,ე,City,ქალაქი
ევერგემი,ე,City,ქალაქი
ევიანი,ე,Food,საკვები
ევინაიონგი,ე,City,ქალაქი
ევინოსი,ე,River,მდინარე
ევიტა,ე,Film,ფილმი
ევკალიპტი,ე,Plant,მცენარე
ევლახი,ე,City,ქალაქი
ევლე,ე,City,ქალაქი
ევორა,ე,City,ქალაქი
ევპატორია,ე,City,ქალაქი
ევრიკა,ე,Food,საკვები
ევრიხუ,ე,City,ქალაქი
ევრო,ე,City,ქალაქი
ევროვიზიის,ე,Film,ფილმი
ევროვიზიის ეროვნული შერჩევა,ე,Film,ფილმი
ევროპა,ე,Film,ფილმი
ევროპა 51,ე,Film,ფილმი
ევროპული,ე,Food,საკვები
ევროპული ვაზი,ე,Food,საკვები
ევროტასი,ე,River,მდინარე
ევროტური,ე,Film,ფილმი
ევუასო-ნგირო,ე,River,მდინარე
ევფრატი,ე,River,მდინარე
ეზ ზუვაითინა,ე,City,ქალაქი
ეზ-ზუვაითინა,ე,City,ქალაქი
ეზზუვაითინა,ე,City,ქალაქი
ეთ-ტაიიბა,ე,City,ქალაქი
ეთ-ტირა,ე,City,ქალაქი
ეთერ,ე,Name,სახელი
ეთერი,ე,Name,სახელი
ეთერის,ე,Film,ფილმი
ეთერის სიმღერა,ე,Film,ფილმი
ეთიოპია,ე,Country,ქვეყანა
ეთიოპიის ფედერაციული დემოკრატიული რესპუბლიკა,ე,Country,ქვეყანა
ეთო,ე,Name,სახელი
ეთროპოლი,ე,City,ქალაქი
"ეი, მაესტრო",ე,Film,ფილმი
ეიდარი,ე,City,ქალაქი
ეიდჰაფუში,ე,City,ქალაქი
ეიილსსტადირი,ე,City,ქალაქი
ეილათი,ე,City,ქალაქი
ეილი,ე,City,ქალაქი
ეინდჰოვენი,ე,City,ქალაქი
ეირარბაკი,ე,City,ქალაქი
ეისელი,ე,River,მდინარე
ეისელსტეინი,ე,City,ქალაქი
ეიტეკე ბი,ე,City,ქალაქი
ეიფორია,ე,Film,ფილმი
ეიშიშკესი,ე,City,ქალაქი
ეიცი,ე,River,მდინარე
ეკა,ე,Name,სახელი
ეკალა,ე,Plant,მცენარე
ეკალი,ე,Plant,მცენარე
ეკატეპეკ დე მორელოსი,ე,City,ქალაქი
ეკატეპეკ-დე-მორელოსი,ე,City,ქალაქი
ეკატეპეკდემორელოსი,ე,City,ქალაქი
ეკატეპეკი,ე,City,ქალაქი
ეკატერინა,ე,Film,ფილმი
ეკატერინბურგი,ე,City,ქალაქი
ეკატერინგოფკა,ე,River,მდინარე
ეკატერინე,ე,Name,სახელი
ეკერი,ე,River,მდინარე
ეკვადორი,ე,Country,ქვეყანა
ეკვადორის რესპუბლიკა,ე,Country,ქვეყანა
ეკვატორული გვინეა,ე,Country,ქვეყანა
ეკვატორული გვინეის რესპუბლიკა,ე,Country,ქვეყანა
ეკიბასტუზი,ე,City,ქალაქი
ეკილდა-პაულიერი,ე,City,ქალაქი
ეკრუანიარი,ე,City,ქალაქი
ელ აბიარი,ე,City,ქალაქი
ელ აზიზია,ე,City,ქალაქი
ელ აიუნი,ე,City,ქალაქი
ელ ალამაინი,ე,City,ქალაქი
ელ ალტო,ე,City,ქალაქი
ელ ამარა,ე,City,ქალაქი
ელ ამარნა,ე,City,ქალაქი
ელ არიში,ე,City,ქალაქი
ელ ატარიბი,ე,City,ქალაქი
ელ ატაფი,ე,City,ქალაქი
ელ აფრუონი,ე,City,ქალაქი
ელ აღეილა,ე,City,ქალაქი
ელ აშირი,ე,City,ქალაქი
ელ ბაბი,ე,City,ქალაქი
ელ ბაიდა,ე,City,ქალაქი
ელ ბალუანა,ე,City,ქალაქი
ელ ბეიდა,ე,City,ქალაქი
ელ ბლუფი,ე,City,ქალაქი
ელ ბრუტო,ე,Film,ფილმი
ელ განაიემი,ე,City,ქალაქი
ელ დალი,ე,City,ქალაქი
ელ ემპალმე,ე,City,ქალაქი
ელ ესტორი,ე,City,ქალაქი
ელ ეულმა,ე,City,ქალაქი
ელ ეხიდო,ე,City,ქალაქი
ელ ვალიე დე ანტონი,ე,City,ქალაქი
ელ ზაბადანი,ე,City,ქალაქი
ელ ზავია,ე,City,ქალაქი
ელ ზაკაზიკი,ე,City,ქალაქი
ელ თეხარი,ე,City,ქალაქი
ელ იდვა,ე,City,ქალაქი
ელ კალაფატე,ე,City,ქალაქი
ელ კამიშლი,ე,City,ქალაქი
ელ კანიო,ე,City,ქალაქი
ელ კონგო,ე,City,ქალაქი
ელ კოპე,ე,City,ქალაქი
ელ კორტესო,ე,City,ქალაქი
ელ კრისტო,ე,City,ქალაქი
ელ კუთი,ე,City,ქალაქი
ელ კუნეიტრა,ე,City,ქალაქი
ელ კუსაირი,ე,City,ქალაქი
ელ ლიმონი,ე,City,ქალაქი
ელ მალიქია,ე,City,ქალაქი
ელ მანსურა,ე,City,ქალაქი
ელ მარაჰა,ე,City,ქალაქი
ელ მარჯი,ე,City,ქალაქი
ელ მაჰალა ელ ქუბრა,ე,City,ქალაქი
ელ მაჰვიტი,ე,City,ქალაქი
ელ მინია,ე,City,ქალაქი
ელ მონტე,ე,City,ქალაქი
ელ მურუჯი,ე,City,ქალაქი
ელ მუხარამი,ე,City,ქალაქი
ელ ნაბქი,ე,City,ქალაქი
ელ ნეგრიტო,ე,City,ქალაქი
ელ პაისნალ,ე,City,ქალაქი
ელ პალმარი,ე,City,ქალაქი
ელ პარაისო,ე,City,ქალაქი
ელ პასო,ე,City,ქალაქი
ელ პროგრესო,ე,City,ქალაქი
ელ პუერტო დე სანტა მარია,ე,City,ქალაქი
ელ რასთანი,ე,City,ქალაქი
ელ როსარიო,ე,City,ქალაქი
ელ სალვადორი,ე,Country,ქვეყანა
ელ სანამაინი,ე,City,ქალაქი
ელ სანბელავენი,ე,City,ქალაქი
ელ საურა,ე,City,ქალაქი
ელ სილენსიო,ე,City,ქალაქი
ელ სუვაიდა,ე,City,ქალაქი
ელ სუვაირა,ე,City,ქალაქი
ელ სუკაილაბია,ე,City,ქალაქი
ელ ტალი,ე,City,ქალაქი
ელ ტიგრე,ე,City,ქალაქი
ელ ტრანსიტო,ე,City,ქალაქი
ელ ტრიუმფო,ე,City,ქალაქი
ელ ტრიუნფო,ე,City,ქალაქი
ელ ტური,ე,City,ქალაქი
ელ ფათეჰი,ე,City,ქალაქი
ელ ფაიუმი,ე,City,ქალაქი
ელ ქატიფი,ე,City,ქალაქი
ელ ქუბა,ე,City,ქალაქი
ელ ქუვეითი,ე,City,ქალაქი
ელ შეიხ ბადრი,ე,City,ქალაქი
ელ ხარგა,ე,City,ქალაქი
ელ ხრუბი,ე,City,ქალაქი
ელ ხუმსი,ე,City,ქალაქი
ელ ჯადიდა,ე,City,ქალაქი
ელ ჯაუფი,ე,City,ქალაქი
ელ ჯემი,ე,City,ქალაქი
ელ ჯუბაილი,ე,City,ქალაქი
ელ ჯუმაილი,ე,City,ქალაქი
ელ ჰასაქა,ე,City,ქალაქი
ელ ჰაფა,ე,City,ქალაქი
ელ ჰაჯარი,ე,City,ქალაქი
ელ ჰუფუფი,ე,City,ქალაქი
ელ-აბიარი,ე,City,ქალაქი
ელ-აზიზია,ე,City,ქალაქი
ელ-აიოტე,ე,City,ქალაქი
ელ-აიუნი,ე,City,ქალაქი
ელ-ალამაინი,ე,City,ქალაქი
ელ-ალმენდრო,ე,City,ქალაქი
ელ-ალტო,ე,City,ქალაქი
ელ-ამარა,ე,City,ქალაქი
ელ-ამარნა,ე,City,ქალაქი
ელ-არიში,ე,City,ქალაქი
ელ-ატარიბი,ე,City,ქალაქი
ელ-აღეილა,ე,City,ქალაქი
ელ-ბაბი,ე,City,ქალაქი
ელ-ბაიდა,ე,City,ქალაქი
ელ-ბალუანა,ე,City,ქალაქი
ელ-ბეიდა,ე,City,ქალაქი
ელ-ბლუფი,ე,City,ქალაქი
ელ-განაიემი,ე,City,ქალაქი
ელ-გოლაა,ე,City,ქალაქი
ელ-დალი,ე,City,ქალაქი
ელ-ემპალმე,ე,City,ქალაქი
ელ-ესპინო,ე,City,ქალაქი
ელ-ვალიე-დე-ანტონი,ე,City,ქალაქი
ელ-ვიეხო,ე,City,ქალაქი
ელ-ზაბადანი,ე,City,ქალაქი
ელ-ზავია,ე,City,ქალაქი
ელ-ზაკაზიკი,ე,City,ქალაქი
ელ-იდვა,ე,City,ქალაქი
ელ-კამიშლი,ე,City,ქალაქი
ელ-კანიო,ე,City,ქალაქი
ელ-კეფი,ე,City,ქალაქი
ელ-კოკო,ე,City,ქალაქი
ელ-კოპე,ე,City,ქალაქი
ელ-კორტესო,ე,City,ქალაქი
ელ-კრისტო,ე,City,ქალაქი
ელ-კრუსერო,ე,City,ქალაქი
ელ-კუთი,ე,City,ქალაქი
ელ-კუნეიტრა,ე,City,ქალაქი
ელ-კუსაირი,ე,City,ქალაქი
ელ-ლიმონი,ე,City,ქალაქი
ელ-მაამურა,ე,City,ქალაქი
ელ-მალიქია,ე,City,ქალაქი
ელ-მანსურა,ე,City,ქალაქი
ელ-მარაჰა,ე,City,ქალაქი
ელ-მარჯი,ე,City,ქალაქი
ელ-მატამა,ე,City,ქალაქი
ელ-მაჰალა-ელ-ქუბრა,ე,City,ქალაქი
ელ-მაჰვიტი,ე,City,ქალაქი
ელ-მინია,ე,City,ქალაქი
ელ-მურუჯი,ე,City,ქალაქი
ელ-მუხარამი,ე,City,ქალაქი
ელ-ნაბქი,ე,City,ქალაქი
ელ-პასო,ე,City,ქალაქი
ელ-პროგრესო,ე,City,ქალაქი
ელ-რასთანი,ე,City,ქალაქი
ელ-რეალეხო,ე,City,ქალაქი
ელ-როსარიო,ე,City,ქალაქი
ელ-სალვადორი,ე,City,ქალაქი
ელ-სანამაინი,ე,City,ქალაქი
ელ-სანბელავენი,ე,City,ქალაქი
ელ-საურა,ე,City,ქალაქი
ელ-საუსე,ე,City,ქალაქი
ელ-სილენსიო,ე,City,ქალაქი
ელ-სუვაიდა,ე,City,ქალაქი
ელ-სუვაირა,ე,City,ქალაქი
ელ-სუკაილაბია,ე,City,ქალაქი
ელ-ტალი,ე,City,ქალაქი
ელ-ტიგრე,ე,City,ქალაქი
ელ-ტური,ე,City,ქალაქი
ელ-ფათეჰი,ე,City,ქალაქი
ელ-ფაიუმი,ე,City,ქალაქი
ელ-ფაჰსი,ე,City,ქალაქი
ელ-ფურეიდისი,ე,City,ქალაქი
ელ-ქატიფი,ე,City,ქალაქი
ელ-ქუბა,ე,City,ქალაქი
ელ-ქუვეითი,ე,City,ქალაქი
ელ-შეიხ-ბადრი,ე,City,ქალაქი
ელ-ხარგა,ე,City,ქალაქი
ელ-ხუმსი,ე,City,ქალაქი
ელ-ჯადიდა,ე,City,ქალაქი
ელ-ჯაუფი,ე,City,ქალაქი
ელ-ჯემი,ე,City,ქალაქი
ელ-ჯუბაილი,ე,City,ქალაქი
ელ-ჯუმაილი,ე,City,ქალაქი
ელ-ჰამა,ე,City,ქალაქი
ელ-ჰასაქა,ე,City,ქალაქი
ელ-ჰაფა,ე,City,ქალაქი
ელ-ჰაჯები,ე,City,ქალაქი
ელ-ჰუფუფი,ე,City,ქალაქი
ელაბიარი,ე,City,ქალაქი
ელაზიზია,ე,City,ქალაქი
ელაზიღი,ე,City,ქალაქი
ელაიუნი,ე,City,ქალაქი
ელალამაინი,ე,City,ქალაქი
ელალტო,ე,City,ქალაქი
ელამარა,ე,City,ქალაქი
ელამარნა,ე,City,ქალაქი
ელარიში,ე,City,ქალაქი
ელარჯი,ე,Food,საკვები
ელატარიბი,ე,City,ქალაქი
ელაღეილა,ე,City,ქალაქი
ელბა,ე,River,მდინარე
ელბაბი,ე,City,ქალაქი
ელბაიდა,ე,City,ქალაქი
ელბალუანა,ე,City,ქალაქი
ელბასანი,ე,City,ქალაქი
ელბეიდა,ე,City,ქალაქი
ელბისტანი,ე,City,ქალაქი
ელბლონგი,ე,City,ქალაქი
ელბლუფი,ე,City,ქალაქი
ელგავა,ე,City,ქალაქი
ელგანაიემი,ე,City,ქალაქი
ელგუჯა,ე,Name,სახელი
ელდალი,ე,City,ქალაქი
ელდამა რავაინი,ე,City,ქალაქი
ელდარ,ე,Name,სახელი
ელდარი,ე,Name,სახელი
ელდორეტი,ე,City,ქალაქი
ელემპალმე,ე,City,ქალაქი
ელენა,ე,Name,სახელი
ელენას,ე,Film,ფილმი
ელენას მოჩვენება,ე,Film,ფილმი
ელენე,ე,Name,სახელი
ელენე და მისი კაცები,ე,Film,ფილმი
ელეონორა,ე,Name,სახელი
ელეფსისი,ე,City,ქალაქი
ელექტრენაი,ე,City,ქალაქი
ელვა,ე,City,ქალაქი
ელვალიედეანტონი,ე,City,ქალაქი
ელვაში,ე,City,ქალაქი
ელზა,ე,Name,სახელი
ელზაბადანი,ე,City,ქალაქი
ელზავია,ე,City,ქალაქი
ელზაკაზიკი,ე,City,ქალაქი
ელზასი,ე,City,ქალაქი
ელთემი,ე,City,ქალაქი
ელიაზარ,ე,Name,სახელი
ელიახინი,ე,City,ქალაქი
ელიდვა,ე,City,ქალაქი
ელიზა,ე,Name,სახელი
ელიზაბეთი,ე,River,მდინარე
ელიზბარ,ე,Name,სახელი
ელიკო,ე,Name,სახელი
ელინიკონი,ე,City,ქალაქი
ელიოზ,ე,Name,სახელი
ელისა,ე,Film,ფილმი
ელისა და რარუს თავგადასავალი,ე,Film,ფილმი
ელისაბედ,ე,Name,სახელი
ელისაბედი,ე,Name,სახელი
ელისე,ე,Name,სახელი
ელისო,ე,Name,სახელი
ელიტა,ე,Film,ფილმი
ელიტური,ე,Film,ფილმი
ელიტური საზოგადოება,ე,Film,ფილმი
ელკ რივერი,ე,City,ქალაქი
ელკ-რივერი,ე,City,ქალაქი
ელკამიშლი,ე,City,ქალაქი
ელკანიო,ე,City,ქალაქი
ელკი,ე,City,ქალაქი
ელკოპე,ე,City,ქალაქი
ელკორტესო,ე,City,ქალაქი
ელკრივერი,ე,City,ქალაქი
ელკრისტო,ე,City,ქალაქი
ელკუთი,ე,City,ქალაქი
ელკუნეიტრა,ე,City,ქალაქი
ელკუსაირი,ე,City,ქალაქი
ელლიმონი,ე,City,ქალაქი
ელმალიქია,ე,City,ქალაქი
ელმანსურა,ე,City,ქალაქი
ელმარაჰა,ე,City,ქალაქი
ელმარჯი,ე,City,ქალაქი
ელმაჰალაელქუბრა,ე,City,ქალაქი
ელმაჰვიტი,ე,City,ქალაქი
ელმერ,ე,Film,ფილმი
ელმერ ჯენტრი,ე,Film,ფილმი
ელმინა,ე,City,ქალაქი
ელმინია,ე,City,ქალაქი
ელმურუჯი,ე,City,ქალაქი
ელმუხარამი,ე,City,ქალაქი
ელნაბქი,ე,City,ქალაქი
ელო,ე,Name,სახელი
ელპასო,ე,City,ქალაქი
ელპიდე,ე,Name,სახელი
ელრასთანი,ე,City,ქალაქი
ელსალვადორი,ე,City,ქალაქი
ელსანამაინი,ე,City,ქალაქი
ელსანბელავენი,ე,City,ქალაქი
ელსაურა,ე,City,ქალაქი
ელსილენსიო,ე,City,ქალაქი
ელსუვაიდა,ე,City,ქალაქი
ელსუვაირა,ე,City,ქალაქი
ელსუკაილაბია,ე,City,ქალაქი
ელტალი,ე,City,ქალაქი
ელტიგრე,ე,City,ქალაქი
ელტური,ე,City,ქალაქი
ელფათეჰი,ე,City,ქალაქი
ელფაიუმი,ე,City,ქალაქი
ელქატიფი,ე,City,ქალაქი
ელქუბა,ე,City,ქალაქი
ელქუვეითი,ე,City,ქალაქი
ელშეიხბადრი,ე,City,ქალაქი
ელჩე,ე,City,ქალაქი
ელხარგა,ე,City,ქალაქი
ელხოვო,ე,City,ქალაქი
ელხუმსი,ე,City,ქალაქი
ელჯადიდა,ე,City,ქალაქი
ელჯაუფი,ე,City,ქალაქი
ელჯემი,ე,City,ქალაქი
ელჯუბაილი,ე,City,ქალაქი
ელჯუმაილი,ე,City,ქალაქი
ელჰასაქა,ე,City,ქალაქი
ელჰაფა,ე,City,ქალაქი
ელჰუფუფი,ე,City,ქალაქი
ემა,ე,Name,სახელი
ემაიიგი,ე,River,მდინარე
ემამ საეიბი,ე,City,ქალაქი
ემანუელ,ე,Name,სახელი
ემანუილ,ე,Name,სახელი
ემბა,ე,City,ქალაქი
ემბალენჰლე,ე,City,ქალაქი
ემბოსკადა,ე,City,ქალაქი
ემბუ,ე,City,ქალაქი
ემელიან,ე,Name,სახელი
ემელიანე,ე,Name,სახელი
ემელორდი,ე,City,ქალაქი
ემენი,ე,City,ქალაქი
ემზარ,ე,Name,სახელი
ემზარი,ე,Name,სახელი
ემი,ე,River,მდინარე
ემილი,ე,Name,სახელი
ემილი პარიზში,ე,Film,ფილმი
ემილია,ე,Name,სახელი
ემონი,ე,River,მდინარე
ემპალმე-ოლმოსი,ე,City,ქალაქი
ემპოლი,ე,City,ქალაქი
ემსი,ე,River,მდინარე
ემუ,ე,Animal,ცხოველი
ემურე-ეკიტი,ე,City,ქალაქი
ენ არბორი,ე,City,ქალაქი
ენ-არბორი,ე,City,ქალაქი
ენა,ე,River,მდინარე
ენარბორი,ე,City,ქალაქი
ენგარუ,ე,City,ქალაქი
ენგელჰოლმი,ე,City,ქალაქი
ენგერვიცდორფი,ე,City,ქალაქი
ენგურე,ე,City,ქალაქი
ენგური,ე,River,მდინარე
ენგურის,ე,Film,ფილმი
ენგურის ნაპირებზე,ე,Film,ფილმი
ენდრო,ე,Plant,მცენარე
ენერგეტიკული,ე,Food,საკვები
ენერგეტიკული სასმელი,ე,Food,საკვები
ენერგოდარი,ე,City,ქალაქი
ენერი,ე,City,ქალაქი
ენი,ე,River,მდინარე
ენი ჰოლი,ე,Film,ფილმი
ენიპეასი,ე,River,მდინარე
ენისეი,ე,River,მდინარე
ენისი,ე,City,ქალაქი
ენისკორთი,ე,City,ქალაქი
ენისკორტი,ე,City,ქალაქი
ენკამპი,ე,City,ქალაქი
ენკარნასიონი,ე,City,ქალაქი
ენკრუსიხადა,ე,City,ქალაქი
ენკრუჩიჰადა,ე,City,ქალაქი
ენოთერაპია,ე,Food,საკვები
ენოლა,ე,Film,ფილმი
ენოლა ჰოლმზი,ე,Film,ფილმი
ენოტი,ე,Animal,ცხოველი
ენრიკე,ე,Name,სახელი
ენრიკო,ე,Name,სახელი
ენსენადა,ე,City,ქალაქი
ენსი,ე,City,ქალაქი
ენსხედე,ე,City,ქალაქი
ენტებე,ე,City,ქალაქი
ენტრადერო,ე,City,ქალაქი
ენტრონკამენტუ,ე,City,ქალაქი
ენუგუ,ე,City,ქალაქი
ენუქი,ე,Name,სახელი
ენჩილადა,ე,Food,საკვები
ენჩოპინგი,ე,City,ქალაქი
ენძელა,ე,Name,სახელი
ეპე,ე,City,ქალაქი
ეპვორთი,ე,City,ქალაქი
ეპინალი,ე,City,ქალაქი
ეპისკოპოსის,ე,Film,ფილმი
ეპისკოპოსის ეტლში,ე,Film,ფილმი
ეჟერელისი,ე,City,ქალაქი
ეჟმორიში,ე,City,ქალაქი
ერ რიადი,ე,City,ქალაქი
ერ-რეინა,ე,City,ქალაქი
ერ-რიადი,ე,City,ქალაქი
ერავური,ე,City,ქალაქი
ერანოსი,ე,City,ქალაქი
ერაყი,ე,Country,ქვეყანა
ერაყის რესპუბლიკა,ე,Country,ქვეყანა
ერბილი,ე,City,ქალაქი
ერგატესი,ე,City,ქალაქი
ერდენეტი,ე,City,ქალაქი
ერდი,ე,City,ქალაქი
ერებრე,ე,City,ქალაქი
ერებრუ,ე,City,ქალაქი
ერეგლი,ე,City,ქალაქი
ერედია,ე,City,ქალაქი
ერეენცავი,ე,City,ქალაქი
ერევანი,ე,City,ქალაქი
ერევნის,ე,Food,საკვები
ერევნის კონიაკის ქარხანა,ე,Food,საკვები
ერეიმენტაუ,ე,City,ქალაქი
ერეკლე,ე,Name,სახელი
ერემია,ე,Name,სახელი
ერეტრია,ე,City,ქალაქი
ერეღლი,ე,City,ქალაქი
ერზინჯანი,ე,City,ქალაქი
ერზრუმი,ე,City,ქალაქი
ერზურუმი,ე,City,ქალაქი
ერთ პატარა ქალაქში,ე,Film,ფილმი
ერთადერთი,ე,Film,ფილმი
ერთადერთი და განუმეორებელი ივანი,ე,Film,ფილმი
ერთგული,ე,Film,ფილმი
ერთგული მებაღე,ე,Film,ფილმი
ერთი,ე,Film,ფილმი
ერთი ბედის ანოტაცია,ე,Film,ფილმი
ერთი დღე,ე,Film,ფილმი
ერთი ლეღვი გზაზე,ე,Film,ფილმი
ერთი მუჭა დოლარისთვის,ე,Film,ფილმი
ერთი მშვენიერი კვირა,ე,Film,ფილმი
ერთი მშვენიერი კვირა დღე,ე,Film,ფილმი
ერთი ნახვით შეყვარება,ე,Film,ფილმი
ერთი ცის ქვეშ,ე,Film,ფილმი
ერთხელ,ე,Film,ფილმი
ერთხელ ამერიკაში,ე,Film,ფილმი
ერთხელ ზღაპარში,ე,Film,ფილმი
ერთხელ ოსმალეთის იმპერიაში,ე,Film,ფილმი
ერთხელ ჰოლივუდში,ე,Film,ფილმი
ერიგავო,ე,City,ქალაქი
ერიდანი,ე,River,მდინარე
ერითროპოტამოსი,ე,River,მდინარე
ერიკის,ე,Film,ფილმი
ერიკის ძიებაში,ე,Film,ფილმი
ერიმანთოსი,ე,River,მდინარე
ერინ,ე,Film,ფილმი
ერინ ბროკოვიჩი,ე,Film,ფილმი
ერისი,ე,City,ქალაქი
ერისწყალი,ე,River,მდინარე
ერიტრეა,ე,Country,ქვეყანა
ერიტრეას სახელმწიფო,ე,Country,ქვეყანა
ერკემალი,ე,Animal,ცხოველი
ერლანგენი,ე,City,ქალაქი
ერლიკონი,ე,City,ქალაქი
ერმანისწყალი,ე,River,მდინარე
ერმეზინდე,ე,City,ქალაქი
ერმელო,ე,City,ქალაქი
ერმინი,ე,Animal,ცხოველი
ერმოსილიო,ე,City,ქალაქი
ერნანდარიასი,ე,City,ქალაქი
ერნშელდსვიკი,ე,City,ქალაქი
ეროიკა-ნოგალესი,ე,City,ქალაქი
ეროსი,ე,Name,სახელი
ერპელდანჟ-სურ-სიური,ე,City,ქალაქი
ერრიადი,ე,City,ქალაქი
ერსეკე,ე,City,ქალაქი
ერფურტი,ე,City,ქალაქი
ერქვა,ე,Film,ფილმი
ერჯიში,ე,City,ქალაქი
ეს ბუნდოვანი სურვილის ობიექტი,ე,Film,ფილმი
ეს მშვენიერი ცხოვრება,ე,Film,ფილმი
ეს სენია,ე,City,ქალაქი
ეს ქალი,ე,Film,ფილმი
ესაუბრე,ე,Film,ფილმი
ესაუბრე მას,ე,Film,ფილმი
ესაუირა,ე,City,ქალაქი
ესბიერგი,ე,City,ქალაქი
ესბიერი,ე,City,ქალაქი
ესეკა,ე,City,ქალაქი
ესეკიბო,ე,River,მდინარე
ესენი,ე,City,ქალაქი
ესენიურთი,ე,City,ქალაქი
ესენიცე,ე,City,ქალაქი
ესენტუკი,ე,City,ქალაქი
ესვატინი,ე,Country,ქვეყანა
ესვატინის სამეფო,ე,Country,ქვეყანა
ესიგოდინი,ე,City,ქალაქი
ესიკავინი,ე,City,ქალაქი
ესილი,ე,City,ქალაქი
ესიქი,ე,City,ქალაქი
ესკაზუ,ე,City,ქალაქი
ესკალანტე,ე,City,ქალაქი
ესკეიშადა,ე,Food,საკვები
ესკილსტუნა,ე,City,ქალაქი
ესკიფიორდური,ე,City,ქალაქი
ესკობალი,ე,City,ქალაქი
ესკუინტლა,ე,City,ქალაქი
ესკულაპეს,ე,Film,ფილმი
ესკულაპეს მოწაფე,ე,Film,ფილმი
ესლინგენი,ე,City,ქალაქი
ესლოვი,ე,City,ქალაქი
ესმა,ე,Name,სახელი
ესმერალდასი,ე,City,ქალაქი
ესპანეთი,ე,Country,ქვეყანა
ესპანეთის სამეფო,ე,Country,ქვეყანა
ესპანელი,ე,Film,ფილმი
ესპანელი პრინცესა,ე,Film,ფილმი
ესპარასა,ე,City,ქალაქი
ესპერანს ტრებუშე,ე,City,ქალაქი
ესპერგერდე,ე,City,ქალაქი
ესპოო,ე,City,ქალაქი
ესპრესო,ე,Food,საკვები
ესტატე,ე,Name,სახელი
ესტელი,ე,City,ქალაქი
ესტერგომი,ე,City,ქალაქი
ესტერო-ბურეო,ე,River,მდინარე
ესტერსუნდი,ე,City,ქალაქი
ესტონეთი,ე,Country,ქვეყანა
ესტონეთის რესპუბლიკა,ე,Country,ქვეყანა
ესუკ-ორონი,ე,City,ქალაქი
ესქიპულასი,ე,City,ქალაქი
ესქიშეჰირ-ილი,ე,City,ქალაქი
ესქიშეჰირი,ე,City,ქალაქი
ეტ ტადამუნი,ე,City,ქალაქი
ეტ-ტადამუნი,ე,City,ქალაქი
ეტელბრიუკი,ე,City,ქალაქი
ეტელბრუკი,ე,City,ქალაქი
ეტლი,ე,Film,ფილმი
ეტლი შარაგზაზე,ე,Film,ფილმი
ეტრანი,ე,River,მდინარე
ეტტადამუნი,ე,City,ქალაქი
ეუსებიო-აიალა,ე,City,ქალაქი
ეფემია,ე,Name,სახელი
ეფიუმი,ე,City,ქალაქი
ეფონ-ალაიე,ე,City,ქალაქი
ეფრემ,ე,Name,სახელი
ეფროსინე,ე,Name,სახელი
ექვარდი,ე,City,ქალაქი
ექვთიმე,ე,Name,სახელი
ექვთიმე ღვთისკაცი,ე,Film,ფილმი
ექვსი,ე,Film,ფილმი
ექვსი ფუტი მიწის,ე,Film,ფილმი
ექვსი ფუტი მიწის ქვეშ,ე,Film,ფილმი
ექიდნა,ე,Animal,ცხოველი
ექიმი,ე,Film,ფილმი
ექიმი კალიგარის კაბინეტი,ე,Film,ფილმი
ექიმი ჰაუსი,ე,Film,ფილმი
ექს ან პროვანსი,ე,City,ქალაქი
ექს ლე ბენი,ე,City,ქალაქი
ექს-ან-პროვანსი,ე,City,ქალაქი
ექს-ლე-ბენი,ე,City,ქალაქი
ექსანპროვანსი,ე,City,ქალაქი
ექსლებენი,ე,City,ქალაქი
ექსპერიმენტი,ე,Film,ფილმი
ეღეგისი,ე,River,მდინარე
ეღეგნაძორი,ე,City,ქალაქი
ეღვარდი,ე,City,ქალაქი
ეშ სიურ ალზეტი,ე,City,ქალაქი
ეშ-სიურ-ალზეტი,ე,City,ქალაქი
ეშ-სურ-ალზეტი,ე,City,ქალაქი
ეშ-შეიხ-დანუნი,ე,City,ქალაქი
ეშბორნი,ე,City,ქალაქი
ეშენი,ე,City,ქალაქი
ეშვაილერი,ე,City,ქალაქი
ეშვი,ე,Film,ფილმი
ეშინია,ე,Film,ფილმი
ეშმაკები,ე,Film,ფილმი
ეშმაკი,ე,Film,ფილმი
ეშმაკი და ათი მცნება,ე,Film,ფილმი
ეშმაკის,ე,Film,ფილმი
ეშმაკის განმდევნელი,ე,Film,ფილმი
ეშმაკის კუნძულის მეფე,ე,Film,ფილმი
ეშმაკს,ე,Film,ფილმი
ეშმაკს აცვია პრადა,ე,Film,ფილმი
ეშპინიუ,ე,City,ქალაქი
ეშპოზენდე,ე,City,ქალაქი
ეშპოზენდი,ე,City,ქალაქი
ეშსიურალზეტი,ე,City,ქალაქი
ეშტარეჟა,ე,City,ქალაქი
ეშტორილი,ე,City,ქალაქი
ეშტრემოში,ე,City,ქალაქი
ეჩ შეტია,ე,City,ქალაქი
ეჩუკა,ე,City,ქალაქი
ეძიეთ,ე,Film,ფილმი
ეძიეთ ქალი,ე,Film,ფილმი
ეწერი,ე,Plant,მცენარე
ეჭვი,ე,Film,ფილმი
ეჭვის,ე,Film,ფილმი
ეჭვის ჩრდილი,ე,Film,ფილმი
ეხიდო,ე,City,ქალაქი
ეხტერნახი,ე,City,ქალაქი
ეჯიგბო,ე,City,ქალაქი
ეჯკამბი,ე,City,ქალაქი
ეჯმიაცინი,ე,City,ქალაქი
ეჯურა,ე,City,ქალაქი
ვა,ვ,City,ქალაქი
ვა-ბანკი,ვ,Film,ფილმი
ვაალვეიკი,ვ,City,ქალაქი
ვაალი,ვ,River,მდინარე
ვაასა,ვ,City,ქალაქი
ვააჯიდი,ვ,City,ქალაქი
ვაბაგი,ვ,City,ქალაქი
ვაბალნინკასი,ვ,City,ქალაქი
ვაგა ვაგა,ვ,City,ქალაქი
ვაგაი,ვ,River,მდინარე
ვაგარი,ვ,City,ქალაქი
ვაგენინგენი,ვ,City,ქალაქი
ვაგი,ვ,River,მდინარე
ვად-აზ-ზაკი,ვ,City,ქალაქი
ვად-მადანი,ვ,City,ქალაქი
ვად-რავა,ვ,City,ქალაქი
ვადდანი,ვ,City,ქალაქი
ვადი-ას-სირი,ვ,City,ქალაქი
ვადი-მუსა,ვ,City,ქალაქი
ვადოდარა,ვ,City,ქალაქი
ვადულ ლუი ვოდე,ვ,City,ქალაქი
ვადულ-ლუი-ვოდე,ვ,City,ქალაქი
ვადულლუივოდე,ვ,City,ქალაქი
ვადუცი,ვ,City,ქალაქი
ვაერლოსი,ვ,City,ქალაქი
ვავატენინა,ვ,City,ქალაქი
ვავაუ,ვ,City,ქალაქი
ვავი,ვ,City,ქალაქი
ვავკავისკი,ვ,City,ქალაქი
ვავრე,ვ,City,ქალაქი
ვავუნია,ვ,City,ქალაქი
ვაზი,ვ,Plant,მცენარე
ვაზინი,ვ,City,ქალაქი
ვაზირაბადი,ვ,City,ქალაქი
ვაიალა,ვ,City,ქალაქი
ვაიალოა,ვ,City,ქალაქი
ვაიგაგა,ვ,City,ქალაქი
ვაიდა,ვ,City,ქალაქი
ვაიდჰოფენ ან დერ იბსი,ვ,City,ქალაქი
ვაიდჰოფენ-ან-დერ-იბსი,ვ,City,ქალაქი
ვაიდჰოფენანდერიბსი,ვ,City,ქალაქი
ვაიდჰოფენი ან დერ იბბსი,ვ,City,ქალაქი
ვაითჰორსი,ვ,City,ქალაქი
ვაიკე-მარჯა,ვ,City,ქალაქი
ვაილე,ვ,City,ქალაქი
ვაილოა,ვ,City,ქალაქი
ვაიმარი,ვ,City,ქალაქი
ვაიმატე-ნორთი,ვ,City,ქალაქი
ვაინი,ვ,City,ქალაქი
ვაინციერლი ბაი კრემსი,ვ,City,ქალაქი
ვაიოურუ,ვ,City,ქალაქი
ვაიპავა,ვ,City,ქალაქი
ვაიპუა,ვ,City,ქალაქი
ვაიროა,ვ,City,ქალაქი
ვაისალა,ვ,City,ქალაქი
ვაისოკოე,ვ,City,ქალაქი
ვაიტ როკი,ვ,City,ქალაქი
ვაიტაკერე,ვ,City,ქალაქი
ვაიტარა,ვ,City,ქალაქი
ვაიტელე,ვ,City,ქალაქი
ვაიუკუ,ვ,City,ქალაქი
ვაიუსუ,ვ,City,ქალაქი
ვაიქი,ვ,City,ქალაქი
ვაიჯე`იტაი,ვ,City,ქალაქი
ვაიჰი,ვ,City,ქალაქი
ვაიჰი-ბიჩი,ვ,City,ქალაქი
ვაკაიამა,ვ,City,ქალაქი
ვაკემა,ვ,City,ქალაქი
ვაკისო,ვ,City,ქალაქი
ვაკო,ვ,Name,სახელი
ვაკოასი,ვ,City,ქალაქი
ვაკუ კუნგო,ვ,City,ქალაქი
ვაკუმონა ი სიპერმა,ვ,City,ქალაქი
ვალანდოვო,ვ,City,ქალაქი
ვალანსი,ვ,City,ქალაქი
ვალანსიენი,ვ,City,ქალაქი
ვალბონი,ვ,City,ქალაქი
ვალბჟიხი,ვ,City,ქალაქი
ვალგა,ვ,City,ქალაქი
ვალდემარპილსი,ვ,City,ქალაქი
ვალდესი,ვ,City,ქალაქი
ვალდივია,ვ,City,ქალაქი
ვალე,ვ,City,ქალაქი
ვალე დე ანხელესი,ვ,City,ქალაქი
ვალე დე კამბრა,ვ,City,ქალაქი
ვალე დე ლა პასკუა,ვ,City,ქალაქი
ვალე-დე-კამბრა,ვ,City,ქალაქი
ვალე-დე-ლა-პასკუა,ვ,City,ქალაქი
ვალედეკამბრა,ვ,City,ქალაქი
ვალედელაპასკუა,ვ,City,ქალაქი
ვალენარი,ვ,City,ქალაქი
ვალენსბეკი,ვ,City,ქალაქი
ვალენსია,ვ,City,ქალაქი
ვალენტინა,ვ,Name,სახელი
ვალენტის აკვედუკი,ვ,City,ქალაქი
ვალენტუნა,ვ,City,ქალაქი
ვალერა,ვ,City,ქალაქი
ვალერა,ვ,City,ქალაქი
ვალერი,ვ,Name,სახელი
ვალერია,ვ,Name,სახელი
ვალერიან,ვ,Name,სახელი
ვალერიანე,ვ,Name,სახელი
ვალერიანი,ვ,Film,ფილმი
ვალერიანი და ათასი პლანეტის ქალაქი,ვ,Film,ფილმი
ვალეტა,ვ,City,ქალაქი
ვალვედიტურაი,ვ,City,ქალაქი
ვალი,ვ,City,ქალაქი
ვალიადოლიდი,ვ,City,ქალაქი
ვალიე დელ რისკო,ვ,City,ქალაქი
ვალიე-დელ-რისკო,ვ,City,ქალაქი
ვალიეგრანდე,ვ,City,ქალაქი
ვალიედელრისკო,ვ,City,ქალაქი
ვალისი და ფუტუნა,ვ,Country,ქვეყანა
ვალკა,ვ,City,ქალაქი
ვალკეაკოსკი,ვ,City,ქალაქი
ვალკეალა,ვ,City,ქალაქი
ვალმიერა,ვ,City,ქალაქი
ვალმონი,ვ,Film,ფილმი
ვალონგუ,ვ,City,ქალაქი
ვალოჟინი,ვ,City,ქალაქი
ვალპარაისო,ვ,City,ქალაქი
ვალპასოსი,ვ,City,ქალაქი
ვალპოვო,ვ,City,ქალაქი
ვალს ზიცენჰაიმი,ვ,City,ქალაქი
ვალს-ზიცენჰაიმი,ვ,City,ქალაქი
ვალსზიცენჰაიმი,ვ,City,ქალაქი
ვალსი,ვ,Film,ფილმი
ვალსი მთაწმინდაზე,ვ,Film,ფილმი
ვალსი პეჩორაზე,ვ,Film,ფილმი
ვალტერი,ვ,Name,სახელი
ვამეყ,ვ,Name,სახელი
ვამეხ,ვ,Name,სახელი
ვამმალა,ვ,City,ქალაქი
ვამპირის,ვ,Film,ფილმი
ვამპირის დღიურები,ვ,Film,ფილმი
ვამრონგი,ვ,City,ქალაქი
ვან თრი ჰილი,ვ,Film,ფილმი
ვანა-ანცლა,ვ,City,ქალაქი
ვანაკა,ვ,City,ქალაქი
ვანამბუანი,ვ,City,ქალაქი
ვანაძორი,ვ,City,ქალაქი
ვანაჯუ,ვ,City,ქალაქი
ვანგაინდრანო,ვ,City,ქალაქი
ვანგანუი,ვ,City,ქალაქი
ვანგაჟი,ვ,City,ქალაქი
ვანგარატა,ვ,City,ქალაქი
ვანგელია,ვ,Film,ფილმი
ვანდა,ვ,Name,სახელი
ვანდავიჟენი,ვ,Film,ფილმი
ვანდერბეილპარკი,ვ,City,ქალაქი
ვანდრა,ვ,City,ქალაქი
ვანი,ვ,City,ქალაქი
ვანიკო,ვ,Name,სახელი
ვანილი,ვ,Plant,მცენარე
ვანილის,ვ,Film,ფილმი
ვანილის ზეცა,ვ,Film,ფილმი
ვანიმო,ვ,City,ქალაქი
ვანკუვერი,ვ,City,ქალაქი
ვანლავეინი,ვ,City,ქალაქი
ვანო,ვ,Name,სახელი
ვანტა,ვ,City,ქალაქი
ვანტაა,ვ,City,ქალაქი
ვანუატუ,ვ,Country,ქვეყანა
ვანუატუს რესპუბლიკა,ვ,Country,ქვეყანა
ვანաձორი,ვ,City,ქალაქი
ვაოვაი,ვ,City,ქალაქი
ვაჟა,ვ,Name,სახელი
ვარ,ვ,Film,ფილმი
ვარ გრეტა,ვ,Film,ფილმი
ვარ ლეგენდა,ვ,Film,ფილმი
ვარ ომეგა,ვ,Film,ფილმი
ვარ უშნო ბეტი,ვ,Film,ფილმი
ვარადერო,ვ,City,ქალაქი
ვარაზ,ვ,Name,სახელი
ვარაზდინი,ვ,City,ქალაქი
ვარაზი,ვ,River,მდინარე
ვარანასი,ვ,City,ქალაქი
ვარანგალი,ვ,City,ქალაქი
ვარანგი,ვ,City,ქალაქი
ვარანი,ვ,Animal,ცხოველი
ვარაჟდინი,ვ,City,ქალაქი
ვარბერგი,ვ,City,ქალაქი
ვარდან,ვ,Name,სახელი
ვარდარი,ვ,River,მდინარე
ვარდე,ვ,City,ქალაქი
ვარდენ,ვ,Name,სახელი
ვარდენიკი,ვ,City,ქალაქი
ვარდენისი,ვ,City,ქალაქი
ვარდი,ვ,Plant,მცენარე
ვარდის,ვ,Film,ფილმი
ვარდის სახელი,ვ,Film,ფილმი
ვარდის ტატუ,ვ,Film,ფილმი
ვარდო,ვ,Name,სახელი
ვარეგემი,ვ,City,ქალაქი
ვარეზე,ვ,City,ქალაქი
ვარენა,ვ,City,ქალაქი
ვარესი,ვ,City,ქალაქი
ვარზაზათი,ვ,City,ქალაქი
ვარზეა გრანდე,ვ,City,ქალაქი
ვარზობი,ვ,City,ქალაქი
ვარი,ვ,City,ქალაქი
ვარინ-ჩამრაპი,ვ,City,ქალაქი
ვარკაუსი,ვ,City,ქალაქი
ვარკენი,ვ,City,ქალაქი
ვარკვორთი,ვ,City,ქალაქი
ვარკი,ვ,City,ქალაქი
ვარლაამ,ვ,Name,სახელი
ვარლამ,ვ,Name,სახელი
ვარლამი,ვ,Name,სახელი
ვარმბათსი,ვ,City,ქალაქი
ვარნა,ვ,City,ქალაქი
ვარნამბული,ვ,City,ქალაქი
ვარნესი,ვ,City,ქალაქი
ვარნიაი,ვ,City,ქალაქი
ვაროსი,ვ,City,ქალაქი
ვაროშკა რიეკა,ვ,City,ქალაქი
ვარპალოტა,ვ,City,ქალაქი
ვარსკვლავების,ვ,Film,ფილმი
ვარსკვლავების აკადემია,ვ,Film,ფილმი
ვარსკვლავთკარიბჭე,ვ,Film,ფილმი
ვარსკვლავთკარიბჭე sg-1,ვ,Film,ფილმი
ვარსკვლავთკარიბჭე ატლანტისი,ვ,Film,ფილმი
ვარსკვლავთკარიბჭე სამყარო,ვ,Film,ფილმი
ვარსკვლავთკარიბჭე: ატლანტისი,ვ,Film,ფილმი
ვარსკვლავთკარიბჭე: სამყარო,ვ,Film,ფილმი
ვარსკვლავთშორისი,ვ,Film,ფილმი
ვარსკვლავის,ვ,Film,ფილმი
ვარსკვლავის დაბადება,ვ,Film,ფილმი
ვარსკვლავური,ვ,Film,ფილმი
ვარსკვლავური გზა,ვ,Film,ფილმი
ვარსკვლავური გზა ii,ვ,Film,ფილმი
ვარსკვლავური გზა ii ხანის რისხვა,ვ,Film,ფილმი
ვარსკვლავური გზა ii: ხანის რისხვა,ვ,Film,ფილმი
ვარსკვლავური გზა iii,ვ,Film,ფილმი
ვარსკვლავური გზა iii სპოკის ძიება,ვ,Film,ფილმი
ვარსკვლავური გზა iii: სპოკის ძიება,ვ,Film,ფილმი
ვარსკვლავური გზა iv,ვ,Film,ფილმი
ვარსკვლავური გზა iv გზა შინისაკენ,ვ,Film,ფილმი
ვარსკვლავური გზა iv: გზა შინისაკენ,ვ,Film,ფილმი
ვარსკვლავური გზა v,ვ,Film,ფილმი
ვარსკვლავური გზა v უკანასკნელი ზღვარი,ვ,Film,ფილმი
ვარსკვლავური გზა v: უკანასკნელი ზღვარი,ვ,Film,ფილმი
ვარსკვლავური გზა vi,ვ,Film,ფილმი
ვარსკვლავური გზა vi აღმოუჩენელი ქვეყანა,ვ,Film,ფილმი
ვარსკვლავური გზა vi: აღმოუჩენელი ქვეყანა,ვ,Film,ფილმი
ვარსკვლავური გზა აჯანყება,ვ,Film,ფილმი
ვარსკვლავური გზა ბნელში,ვ,Film,ფილმი
ვარსკვლავური გზა ენტერპრაიზი,ვ,Film,ფილმი
ვარსკვლავური გზა ვოიაჯერი,ვ,Film,ფილმი
ვარსკვლავური გზა თაობები,ვ,Film,ფილმი
ვარსკვლავური გზა ორიგინალური,ვ,Film,ფილმი
ვარსკვლავური გზა ორიგინალური სერიალი,ვ,Film,ფილმი
ვარსკვლავური გზა პირველი,ვ,Film,ფილმი
ვარსკვლავური გზა პირველი კონტაქტი,ვ,Film,ფილმი
ვარსკვლავური გზა ფილმი,ვ,Film,ფილმი
ვარსკვლავური გზა ღრმა,ვ,Film,ფილმი
ვარსკვლავური გზა ღრმა კოსმოსი,ვ,Film,ფილმი
ვარსკვლავური გზა ღრმა კოსმოსი 9,ვ,Film,ფილმი
ვარსკვლავური გზა შემდეგი,ვ,Film,ფილმი
ვარსკვლავური გზა შემდეგი თაობა,ვ,Film,ფილმი
ვარსკვლავური გზა შურისგება,ვ,Film,ფილმი
ვარსკვლავური გზა: აჯანყება,ვ,Film,ფილმი
ვარსკვლავური გზა: ბნელში,ვ,Film,ფილმი
ვარსკვლავური გზა: ენტერპრაიზი,ვ,Film,ფილმი
ვარსკვლავური გზა: ვოიაჯერი,ვ,Film,ფილმი
ვარსკვლავური გზა: თაობები,ვ,Film,ფილმი
ვარსკვლავური გზა: ორიგინალური სერიალი,ვ,Film,ფილმი
ვარსკვლავური გზა: პირველი კონტაქტი,ვ,Film,ფილმი
ვარსკვლავური გზა: ფილმი,ვ,Film,ფილმი
ვარსკვლავური გზა: ღრმა კოსმოსი,ვ,Film,ფილმი
ვარსკვლავური გზა: ღრმა კოსმოსი 9,ვ,Film,ფილმი
ვარსკვლავური გზა: შემდეგი თაობა,ვ,Film,ფილმი
ვარსკვლავური გზა: შურისგება,ვ,Film,ფილმი
ვარსკვლავური ომები,ვ,Film,ფილმი
ვარსკვლავური ომები - ეპიზოდი,ვ,Film,ფილმი
ვარსკვლავური ომები - ეპიზოდი vii,ვ,Film,ფილმი
ვარსკვლავური ომები ეპიზოდი,ვ,Film,ფილმი
ვარსკვლავური ომები კლონების,ვ,Film,ფილმი
ვარსკვლავური ომები კლონების ომები,ვ,Film,ფილმი
ვარსკვლავური ომები სკაიუოკერის,ვ,Film,ფილმი
ვარსკვლავური ომები სკაიუოკერის აღზევება,ვ,Film,ფილმი
ვარსკვლავური ომები უკანასკნელი,ვ,Film,ფილმი
ვარსკვლავური ომები უკანასკნელი ჯედაი,ვ,Film,ფილმი
"ვარსკვლავური ომები, ეპიზოდი",ვ,Film,ფილმი
"ვარსკვლავური ომები, ეპიზოდი i",ვ,Film,ფილმი
"ვარსკვლავური ომები, ეპიზოდი i ფარული საფრთხე",ვ,Film,ფილმი
"ვარსკვლავური ომები, ეპიზოდი i: ფარული საფრთხე",ვ,Film,ფილმი
"ვარსკვლავური ომები, ეპიზოდი ii",ვ,Film,ფილმი
"ვარსკვლავური ომები, ეპიზოდი ii კლონების თავდასხმა",ვ,Film,ფილმი
"ვარსკვლავური ომები, ეპიზოდი ii: კლონების თავდასხმა",ვ,Film,ფილმი
"ვარსკვლავური ომები, ეპიზოდი iii",ვ,Film,ფილმი
"ვარსკვლავური ომები, ეპიზოდი iii სითების შურისძიება",ვ,Film,ფილმი
"ვარსკვლავური ომები, ეპიზოდი iii: სითების შურისძიება",ვ,Film,ფილმი
"ვარსკვლავური ომები, ეპიზოდი v",ვ,Film,ფილმი
"ვარსკვლავური ომები, ეპიზოდი v იმპერიის საპასუხო დარტყმა",ვ,Film,ფილმი
"ვარსკვლავური ომები, ეპიზოდი v: იმპერიის საპასუხო დარტყმა",ვ,Film,ფილმი
"ვარსკვლავური ომები, ეპიზოდი vi",ვ,Film,ფილმი
"ვარსკვლავური ომები, ეპიზოდი vi ჯედაის დაბრუნება",ვ,Film,ფილმი
"ვარსკვლავური ომები, ეპიზოდი vi: ჯედაის დაბრუნება",ვ,Film,ფილმი
ვარსკვლავური ომები: კლონების ომები,ვ,Film,ფილმი
ვარსკვლავური ომები: სკაიუოკერის აღზევება,ვ,Film,ფილმი
ვარსკვლავური ომები: უკანასკნელი ჯედაი,ვ,Film,ფილმი
ვარტა,ვ,River,მდინარე
ვარშავა,ვ,City,ქალაქი
ვარძია,ვ,River,მდინარე
ვასა,ვ,City,ქალაქი
ვასერბილიგი,ვ,City,ქალაქი
ვასი,ვ,City,ქალაქი
ვასილ,ვ,Name,სახელი
ვასილევიჩი,ვ,City,ქალაქი
ვასკო და გამა,ვ,City,ქალაქი
ვასკო-და-გამა,ვ,City,ქალაქი
ვასკოდაგამა,ვ,City,ქალაქი
ვასლალა,ვ,City,ქალაქი
ვასლუი,ვ,City,ქალაქი
ვასო,ვ,Name,სახელი
ვასპამი,ვ,City,ქალაქი
ვატალა,ვ,City,ქალაქი
ვატეგამა,ვ,City,ქალაქი
ვატერლოო,ვ,City,ქალაქი
ვატერლუ,ვ,City,ქალაქი
ვატიკანი,ვ,Country,ქვეყანა
ვატიკანის ქალაქ-სახელმწიფო,ვ,Country,ქვეყანა
ვატო,ვ,Name,სახელი
ვატრა,ვ,City,ქალაქი
ვატრა დორნეი,ვ,City,ქალაქი
ვატრა-დორნეი,ვ,City,ქალაქი
ვატრადორნეი,ვ,City,ქალაქი
ვაუ,ვ,City,ქალაქი
ვაღარშაპატი,ვ,City,ქალაქი
ვაღაშენი,ვ,City,ქალაქი
ვაყასი,ვ,City,ქალაქი
ვაშინგტონ,ვ,Food,საკვები
ვაშინგტონ ნაველი,ვ,Food,საკვები
ვაშინგტონ-ნაველი,ვ,Food,საკვები
ვაშინგტონი,ვ,City,ქალაქი
ვაშინქტონი,ვ,City,ქალაქი
ვაშლი,ვ,Plant,მცენარე
ვაშლის,ვ,Food,საკვები
ვაშლის ჩიფსი,ვ,Food,საკვები
ვაშნარი,ვ,City,ქალაქი
ვაჩე,ვ,Name,სახელი
ვაცი,ვ,City,ქალაქი
ვაჭრობა,ვ,Film,ფილმი
ვახო,ვ,Name,სახელი
ვახტანგ,ვ,Name,სახელი
ვახტანგი,ვ,Name,სახელი
ვახუშტი,ვ,Name,სახელი
ვახში,ვ,City,ქალაქი
ვაჯირი,ვ,City,ქალაქი
ვდა,ვ,River,მდინარე
ვებუიე,ვ,City,ქალაქი
ვედენსვილი,ვ,City,ქალაქი
ვედი,ვ,City,ქალაქი
ვედრება,ვ,Film,ფილმი
ვევაკი,ვ,City,ქალაქი
ვევე,ვ,City,ქალაქი
ვეველგემი,ვ,City,ქალაქი
ვევისი,ვ,City,ქალაქი
ვეიკფილდი,ვ,City,ქალაქი
ვეილე,ვ,City,ქალაქი
ვეილი,ვ,City,ქალაქი
ვეინტინსინკო-დე-აგოსტო,ვ,City,ქალაქი
ვეინტინსინკო-დე-მაიო,ვ,City,ქალაქი
ვეისეიაი,ვ,City,ქალაქი
ვეიჰეროვო,ვ,City,ქალაქი
ველასკო იბარა,ვ,City,ქალაქი
ველბერტი,ვ,City,ქალაქი
ველდენი ამ ვორთერშის ტბაზე,ვ,City,ქალაქი
ველენიე,ვ,City,ქალაქი
ველესი,ვ,City,ქალაქი
ველი,ვ,Film,ფილმი
ველიგამა,ვ,City,ქალაქი
ველიკა გორიცა,ვ,City,ქალაქი
ველიკა კლადუსა,ვ,City,ქალაქი
ველიკაია,ვ,River,მდინარე
ველიკი პრესლავი,ვ,City,ქალაქი
ველიკი-პრესლავი,ვ,City,ქალაქი
ველიკიპრესლავი,ვ,City,ქალაქი
ველიკო ტარნოვო,ვ,City,ქალაქი
ველიკო ტორნოვო,ვ,City,ქალაქი
ველიკო-ტარნოვო,ვ,City,ქალაქი
ველიკოტარნოვო,ვ,City,ქალაქი
ველინგარა,ვ,City,ქალაქი
ველინგრადი,ვ,City,ქალაქი
ველინგტონი,ვ,City,ქალაქი
ველისარა,ვ,City,ქალაქი
ველკომი,ვ,City,ქალაქი
ველოდი,ვ,Name,სახელი
ველოსიპედების,ვ,Film,ფილმი
ველოსიპედების გამტაცებლები,ვ,Film,ფილმი
ველსენ-ზეიდი,ვ,City,ქალაქი
ველსი,ვ,City,ქალაქი
ველსფორდი,ვ,City,ქალაქი
ველურ,ვ,Film,ფილმი
ველურ პირობებში,ვ,Film,ფილმი
ველური,ვ,Film,ფილმი
ველური ბანდა,ვ,Film,ფილმი
ველური დასავლეთის სამყარო,ვ,Film,ფილმი
ვენა,ვ,City,ქალაქი
ვენადო ტუერტო,ვ,City,ქალაქი
ვენდაშ ნოვაში,ვ,City,ქალაქი
ვენდაშ-ნოვაში,ვ,City,ქალაქი
ვენდაშნოვაში,ვ,City,ქალაქი
ვენდო,ვ,City,ქალაქი
ვენენდალი,ვ,City,ქალაქი
ვენენსუელა,ვ,Country,ქვეყანა
ვენერა,ვ,Name,სახელი
ვენერსბორგი,ვ,City,ქალაქი
ვენესუელა,ვ,City,ქალაქი
ვენესუელის ბოლივარული რესპუბლიკა,ვ,Country,ქვეყანა
ვენეცია,ვ,City,ქალაქი
ვენისიო,ვ,City,ქალაქი
ვენლო,ვ,City,ქალაქი
ვენომი,ვ,Film,ფილმი
ვენორ,ვ,Name,სახელი
ვენრაი,ვ,City,ქალაქი
ვენტა,ვ,City,ქალაქი
ვენტანასი,ვ,City,ქალაქი
ვენტისინკო დე მაიო,ვ,City,ქალაქი
ვენტსპილსი,ვ,City,ქალაქი
ვენტუარი,ვ,River,მდინარე
ვენჩი,ვ,City,ქალაქი
ვენჯი,ვ,City,ქალაქი
ვენჯოუ,ვ,City,ქალაქი
ვერა,ვ,Name,სახელი
ვერა დრეიკი,ვ,Film,ფილმი
ვერა ილუ,ვ,City,ქალაქი
ვერაკრუსი,ვ,City,ქალაქი
ვერგარა,ვ,City,ქალაქი
ვერგინა,ვ,City,ქალაქი
ვერგლი,ვ,City,ქალაქი
ვერდენი,ვ,City,ქალაქი
ვერდიქტი,ვ,Film,ფილმი
ვერე,ვ,River,მდინარე
ვერეტტე,ვ,City,ქალაქი
ვერვიე,ვ,City,ქალაქი
ვერვიერკი,ვ,City,ქალაქი
ვერიკო,ვ,Name,სახელი
ვერინ არტაშატი,ვ,City,ქალაქი
ვერინ გეთაშენი,ვ,City,ქალაქი
ვერინიგინგი,ვ,City,ქალაქი
ვერიოვკა,ვ,River,მდინარე
ვერის,ვ,Film,ფილმი
ვერის უბნის მელოდიები,ვ,Film,ფილმი
ვერნამუ,ვ,City,ქალაქი
ვერნიე,ვ,City,ქალაქი
ვერნონი,ვ,City,ქალაქი
ვერო,ვ,Name,სახელი
ვეროია,ვ,City,ქალაქი
ვერონა,ვ,City,ქალაქი
ვერონიკას,ვ,Film,ფილმი
ვერონიკას ორმაგი ცხოვრება,ვ,Film,ფილმი
ვეროტა,ვ,City,ქალაქი
ვერსალი,ვ,City,ქალაქი
ვერტი,ვ,City,ქალაქი
ვერტიენტესი,ვ,City,ქალაქი
ვერტიკალი,ვ,Film,ფილმი
ვერტიკალური,ვ,Film,ფილმი
ვერტიკალური აფრენა,ვ,Film,ფილმი
ვერუ,ვ,City,ქალაქი
ვერცხლისფერი,ვ,Film,ფილმი
ვერცხლისფერი მანქანა,ვ,Film,ფილმი
ვერხვი,ვ,Plant,მცენარე
ვესელსბრონი,ვ,City,ქალაქი
ვესპრემი,ვ,City,ქალაქი
ვესტ აილენდი,ვ,City,ქალაქი
ვესტ-აილენდი,ვ,City,ქალაქი
ვესტაილენდი,ვ,City,ქალაქი
ვესტერვიკი,ვ,City,ქალაქი
ვესტერლო,ვ,City,ქალაქი
ვესტეროსი,ვ,City,ქალაქი
ვესტერჰანინგე,ვ,City,ქალაქი
ვესტონარია,ვ,City,ქალაქი
ვესტპორტი,ვ,City,ქალაქი
ვესტსაიდური,ვ,Film,ფილმი
ვესტსაიდური ამბავი,ვ,Film,ფილმი
ვეტერენი,ვ,City,ქალაქი
ვეტინგენი,ვ,City,ქალაქი
ვეტკა,ვ,City,ქალაქი
ვეფხვი,ვ,Animal,ცხოველი
ვეფხვის,ვ,Film,ფილმი
ვეფხვის კვალს მიმყოლნი,ვ,Film,ფილმი
ვეფხია,ვ,Name,სახელი
ვექშე,ვ,City,ქალაქი
ვეშაპი,ვ,Animal,ცხოველი
ვეჩეში,ვ,City,ქალაქი
ვეც-ლიეპაია,ვ,City,ქალაქი
ვეცუმნიეკი,ვ,City,ქალაქი
ვეხტი,ვ,River,მდინარე
ვეჯენი,ვ,City,ქალაქი
ვიამაო,ვ,City,ქალაქი
ვიანა დუ კაშტელუ,ვ,City,ქალაქი
ვიანა-დუ-კაშტელუ,ვ,City,ქალაქი
ვიანადუკაშტელუ,ვ,City,ქალაქი
ვიანდენი,ვ,City,ქალაქი
ვიანორ,ვ,Name,სახელი
ვიაპრიაი,ვ,City,ქალაქი
ვიარეჯო,ვ,City,ქალაქი
ვიატკა,ვ,River,მდინარე
ვიაჩა,ვ,City,ქალაქი
ვიბორგი,ვ,City,ქალაქი
ვიგანი,ვ,City,ქალაქი
ვიგო,ვ,City,ქალაქი
ვიდინი,ვ,City,ქალაქი
ვიდოვრე,ვ,City,ქალაქი
ვიედმა,ვ,City,ქალაქი
ვიევისი,ვ,City,ქალაქი
ვიეკშნიაი,ვ,City,ქალაქი
ვიენტიანი,ვ,City,ქალაქი
ვიესიტე,ვ,City,ქალაქი
ვიეტნამი,ვ,Country,ქვეყანა
ვიეტნამის სოციალისტური რესპუბლიკა,ვ,Country,ქვეყანა
ვიეტნამური,ვ,Food,საკვები
ვიეტნამური ცივი ყავა,ვ,Food,საკვები
ვიეფში,ვ,River,მდინარე
ვივიანა,ვ,Name,სახელი
ვივიენა,ვ,Name,სახელი
ვივიენი,ვ,Name,სახელი
ვივილი,ვ,City,ქალაქი
ვიზელა,ვ,City,ქალაქი
ვიზეუ,ვ,City,ქალაქი
ვიზი,ვ,City,ქალაქი
ვიკა,ვ,Name,სახელი
ვიკი,ვ,Film,ფილმი
ვიკი კრისტინა ბარსელონა,ვ,Film,ფილმი
ვიკინგები,ვ,Film,ფილმი
ვიკლოუ,ვ,City,ქალაქი
ვიკრუტასები,ვ,Film,ფილმი
ვიკტორია,ვ,Name,სახელი
ვიკუნია,ვ,City,ქალაქი
ვილა,ვ,Food,საკვები
ვილა ალემანა,ვ,City,ქალაქი
ვილა ბალეირა,ვ,City,ქალაქი
ვილა დე სან ანტონიო,ვ,City,ქალაქი
ვილა დე სან ფრანსისკო,ვ,City,ქალაქი
ვილა დუ კონდე,ვ,City,ქალაქი
ვილა ვეხა,ვ,City,ქალაქი
ვილა ნოვა დე გაია,ვ,City,ქალაქი
ვილა ნოვა დე სანტუ ანდრე,ვ,City,ქალაქი
ვილა ნოვა დე ფამალიკანუ,ვ,City,ქალაქი
ვილა ნოვა დე ფოშ კოა,ვ,City,ქალაქი
ვილა რეალ დე სანტუ ანტონიუ,ვ,City,ქალაქი
ვილა რეალი,ვ,City,ქალაქი
ვილა სან ჯოვანი,ვ,City,ქალაქი
ვილა ფრანკა,ვ,Food,საკვები
ვილა ფრანკა დე შირა,ვ,City,ქალაქი
ვილა-ბალეირა,ვ,City,ქალაქი
ვილა-დუ-კონდე,ვ,City,ქალაქი
ვილა-ნოვა-დე-გაია,ვ,City,ქალაქი
ვილა-ნოვა-დე-სანტუ-ანდრე,ვ,City,ქალაქი
ვილა-ნოვა-დე-ფამალიკანუ,ვ,City,ქალაქი
ვილა-ნოვა-დე-ფოშ-კოა,ვ,City,ქალაქი
ვილა-რეალ-დე-სანტუ-ანტონიუ,ვ,City,ქალაქი
ვილა-რეალი,ვ,City,ქალაქი
ვილა-სან-ჯოვანი,ვ,City,ქალაქი
ვილა-ფრანკა,ვ,Food,საკვები
ვილა-ფრანკა-დე-შირა,ვ,City,ქალაქი
ვილაბალეირა,ვ,City,ქალაქი
ვილადუკონდე,ვ,City,ქალაქი
ვილანკულუში,ვ,City,ქალაქი
ვილანოვადეგაია,ვ,City,ქალაქი
ვილანოვადესანტუანდრე,ვ,City,ქალაქი
ვილანოვადეფამალიკანუ,ვ,City,ქალაქი
ვილანოვადეფოშკოა,ვ,City,ქალაქი
ვილარ-დე-ანდორინიუ,ვ,City,ქალაქი
ვილარეალდესანტუანტონიუ,ვ,City,ქალაქი
ვილარეალი,ვ,City,ქალაქი
ვილარიკა,ვ,City,ქალაქი
ვილასანჯოვანი,ვ,City,ქალაქი
ვილაფრანკადეშირა,ვ,City,ქალაქი
ვილახი,ვ,City,ქალაქი
ვილებრუკი,ვ,City,ქალაქი
ვილეიკი,ვ,City,ქალაქი
ვილემსტადი,ვ,City,ქალაქი
ვილერბანი,ვ,City,ქალაქი
ვილვოორდე,ვ,City,ქალაქი
ვილი,ვ,City,ქალაქი
ვილია,ვ,River,მდინარე
ვილია ელისა,ვ,City,ქალაქი
ვილია კანალესი,ვ,City,ქალაქი
ვილია კარლოს პასი,ვ,City,ქალაქი
ვილია კატედრალი,ვ,City,ქალაქი
ვილია კონსტიტუსიონი,ვ,City,ქალაქი
ვილია მარია,ვ,City,ქალაქი
ვილია მისერია,ვ,City,ქალაქი
ვილია ნუევა,ვ,City,ქალაქი
ვილია სანტა რიტა,ვ,City,ქალაქი
ვილია ჰეისი,ვ,City,ქალაქი
ვილია-დელ-კარმენი,ვ,City,ქალაქი
ვილია-ელისა,ვ,City,ქალაქი
ვილია-კარლოს-პასი,ვ,City,ქალაქი
ვილია-მარია,ვ,City,ქალაქი
ვილია-მისერია,ვ,City,ქალაქი
ვილია-როსარიო,ვ,City,ქალაქი
ვილია-სანდინო,ვ,City,ქალაქი
ვილია-ფლორიდა,ვ,City,ქალაქი
ვილია-ჰეისი,ვ,City,ქალაქი
ვილიაელისა,ვ,City,ქალაქი
ვილიაერმოსა,ვ,City,ქალაქი
ვილიაკარლოსპასი,ვ,City,ქალაქი
ვილიამარია,ვ,City,ქალაქი
ვილიამისერია,ვ,City,ქალაქი
ვილიამონტესი,ვ,City,ქალაქი
ვილიამსი,ვ,Food,საკვები
ვილიანდი,ვ,City,ქალაქი
ვილიანი,ვ,City,ქალაქი
ვილიანუევა,ვ,City,ქალაქი
ვილიარიკა,ვ,City,ქალაქი
ვილიასონი,ვ,City,ქალაქი
ვილიაჰეისი,ვ,City,ქალაქი
ვილიეტა,ვ,City,ქალაქი
ვილკავიშკისი,ვ,City,ქალაქი
ვილკასუამანი,ვ,City,ქალაქი
ვილკია,ვ,City,ქალაქი
ვილნევი,ვ,City,ქალაქი
ვილნია,ვ,River,მდინარე
ვილნიუსი,ვ,City,ქალაქი
ვილურბანი,ვ,City,ქალაქი
ვილცი,ვ,City,ქალაქი
ვილჯანდი,ვ,City,ქალაქი
ვილჯოენსკრონი,ვ,City,ქალაქი
ვილჰელმსჰავენი,ვ,City,ქალაქი
ვიმსი,ვ,City,ქალაქი
ვინ არის დამნაშავე,ვ,Film,ფილმი
ვინ არის ჰარი,ვ,Film,ფილმი
ვინ არის ჰარი კელერმანი,ვ,Film,ფილმი
ვინ არის ჰარი კელერმანი და რატომ თქვა ეს საშინელებები ჩემზე,ვ,Film,ფილმი
ვინ გაყიდა კურდღელი,ვ,Film,ფილმი
ვინ გაყიდა კურდღელი როჯერი,ვ,Film,ფილმი
ვინ შეკაზმავს ცხენს,ვ,Film,ფილმი
ვინა დელ მარი,ვ,City,ქალაქი
ვინა კაუზინო,ვ,City,ქალაქი
ვინალესი,ვ,City,ქალაქი
ვინარი,ვ,Name,სახელი
ვინბა,ვ,City,ქალაქი
ვინდელელვენი,ვ,River,მდინარე
ვინდსორი,ვ,City,ქალაქი
ვინდჰუკი,ვ,City,ქალაქი
ვინელი,ვ,Name,სახელი
ვინერ ნეუშტადტი,ვ,City,ქალაქი
ვინერ ნოიდორფი,ვ,City,ქალაქი
ვინერ ნოიშტადტი,ვ,City,ქალაქი
ვინერ-ნოიშტადტი,ვ,City,ქალაქი
ვინერნოიშტადტი,ვ,City,ქალაქი
ვინი,ვ,City,ქალაქი
ვინი პუჰი,ვ,Film,ფილმი
ვინი პუჰის თავგადასავლები,ვ,Film,ფილმი
ვინიალესი,ვ,City,ქალაქი
ვინიპეგი,ვ,City,ქალაქი
ვინიცა,ვ,City,ქალაქი
ვინიცია,ვ,City,ქალაქი
ვინკოვცი,ვ,City,ქალაქი
ვინოკურკა,ვ,River,მდინარე
ვინსენტი,ვ,Film,ფილმი
ვინსენტი და თეო,ვ,Film,ფილმი
ვინტერთური,ვ,City,ქალაქი
ვინტერტური,ვ,City,ქალაქი
ვინტონი,ვ,City,ქალაქი
ვინჩესი,ვ,City,ქალაქი
ვინჩი,ვ,City,ქალაქი
ვინჩის,ვ,Film,ფილმი
ვინჩის კოდი,ვ,Film,ფილმი
ვინც,ვ,Film,ფილმი
ვინც მომავალს ქმნის,ვ,Film,ფილმი
ვიოლა,ვ,Name,სახელი
ვიოლეტა,ვ,Name,სახელი
ვიოსა,ვ,River,მდინარე
ვიპკინგენი,ვ,City,ქალაქი
ვირ-პრი-შტიჩნი,ვ,City,ქალაქი
ვირანშეჰირი,ვ,City,ქალაქი
ვირაცი,ვ,City,ქალაქი
ვირბალისი,ვ,City,ქალაქი
ვირვიჩა,ვ,River,მდინარე
ვირთხა,ვ,Animal,ცხოველი
ვირთხების,ვ,Film,ფილმი
ვირთხების რბოლა,ვ,Film,ფილმი
ვირი,ვ,Animal,ცხოველი
ვირიდიანა,ვ,Film,ფილმი
ვიროვიტიცა,ვ,City,ქალაქი
ვირონი,ვ,City,ქალაქი
ვირჟე,ვ,City,ქალაქი
ვირუ,ვ,City,ქალაქი
ვირჯინია,ვ,City,ქალაქი
ვირჯინია ბიჩი,ვ,City,ქალაქი
ვირჯინია-ბიჩი,ვ,City,ქალაქი
ვირჯინიაბიჩი,ვ,City,ქალაქი
ვირჯინის კუნძულები,ვ,Country,ქვეყანა
"ვირჯინის კუნძულები, ბრიტანეთის",ვ,Country,ქვეყანა
ვის ეშინია ვირჯინია,ვ,Film,ფილმი
ვის ეშინია ვირჯინია ვულფის,ვ,Film,ფილმი
ვისაგინასი,ვ,City,ქალაქი
ვისბადენი,ვ,City,ქალაქი
ვისბიუ,ვ,City,ქალაქი
ვისკი,ვ,Food,საკვები
ვისლა,ვ,River,მდინარე
ვისლოკა,ვ,River,მდინარე
ვისლოკი,ვ,River,მდინარე
ვისმარი,ვ,City,ქალაქი
ვისოკო,ვ,City,ქალაქი
ვისტა-ალეგრე,ვ,City,ქალაქი
ვისტა-ერმოსა,ვ,City,ქალაქი
ვიტალი,ვ,Name,სახელი
ვიტბანკი,ვ,City,ქალაქი
ვიტებსკი,ვ,City,ქალაქი
ვიტენბერგი,ვ,City,ქალაქი
ვიტენი,ვ,City,ქალაქი
ვიტესი,ვ,City,ქალაქი
ვიტორია,ვ,City,ქალაქი
ვიტორია გასტეისი,ვ,City,ქალაქი
ვიტორია და კონქისტა,ვ,City,ქალაქი
ვიტორია-გასტეისი,ვ,City,ქალაქი
ვიტორიაგასტეისი,ვ,City,ქალაქი
ვიტრი-სიურსენი,ვ,City,ქალაქი
ვიტსებსკი,ვ,City,ქალაქი
ვიტუ,ვ,City,ქალაქი
ვიურცბურგი,ვ,City,ქალაქი
ვიქტორ,ვ,Name,სახელი
ვიქტორია,ვ,City,ქალაქი
ვიქტორია-ფოლსი,ვ,City,ქალაქი
ვიქტორიავილი,ვ,City,ქალაქი
ვიქტორიასი,ვ,City,ქალაქი
ვიღაც,ვ,Film,ფილმი
ვიღაც გიყურებს,ვ,Film,ფილმი
ვიღაცამ,ვ,Film,ფილმი
ვიღაცამ გუგულის ბუდეს,ვ,Film,ფილმი
ვიღაცამ გუგულის ბუდეს გადაუფრინა,ვ,Film,ფილმი
ვიღაცას,ვ,Film,ფილმი
ვიღაცას ავტობუსზე აგვიანდება,ვ,Film,ფილმი
ვიყიდეთ,ვ,Film,ფილმი
ვიყიდეთ ზოოპარკი,ვ,Film,ფილმი
ვიშაქაპატნამი,ვ,City,ქალაქი
ვიშეგრადი,ვ,City,ქალაქი
ვიშერა,ვ,River,მდინარე
ვიშეუ,ვ,River,მდინარე
ვიში,ვ,City,ქალაქი
ვიშნევაცი,ვ,City,ქალაქი
ვიშნევო,ვ,City,ქალაქი
ვიჩადერო,ვ,City,ქალაქი
ვიჩეგდა,ვ,River,მდინარე
ვიჩენცა,ვ,City,ქალაქი
ვიჩიან-ბური,ვ,City,ქალაქი
ვიცეკვეთ,ვ,Film,ფილმი
ვიჯაიავადა,ვ,City,ქალაქი
ვიჰანდუ,ვ,River,მდინარე
ვიჰარი,ვ,City,ქალაქი
ვიჰმა,ვ,City,ქალაქი
ვიჰტი,ვ,City,ქალაქი
ვკრა,ვ,River,მდინარე
ვლაარდინგენი,ვ,City,ქალაქი
ვლადი,ვ,Name,სახელი
ვლადიმერ,ვ,Name,სახელი
ვლასი,ვ,Name,სახელი
ვლორა,ვ,City,ქალაქი
ვლორე,ვ,City,ქალაქი
ვლოცლავეკი,ვ,City,ქალაქი
ვლტავა,ვ,River,მდინარე
ვნება,ვ,Film,ფილმი
ვობულენზი,ვ,City,ქალაქი
ვოგანი,ვ,City,ქალაქი
ვოგარი,ვ,City,ქალაქი
ვოგოშჩა,ვ,City,ქალაქი
ვოდიცე,ვ,City,ქალაქი
ვოდონგა,ვ,City,ქალაქი
ვოვა,ვ,Name,სახელი
ვოი,ვ,City,ქალაქი
ვოინიკი,ვ,City,ქალაქი
ვოიცბერგი,ვ,City,ქალაქი
ვოკა,ვ,City,ქალაქი
ვოკლაბრუკი,ვ,City,ქალაქი
ვოლგა,ვ,River,მდინარე
ვოლგოგრადი,ვ,City,ქალაქი
ვოლენი,ვ,City,ქალაქი
ვოლიშოფენი,ვ,City,ქალაქი
ვოლკანი,ვ,City,ქალაქი
ვოლკერაკი,ვ,River,მდინარე
ვოლკერმარკტი,ვ,City,ქალაქი
ვოლკოვკა,ვ,River,მდინარე
ვოლმარანსტადი,ვ,City,ქალაქი
ვოლონგონგი,ვ,City,ქალაქი
ვოლოსი,ვ,City,ქალაქი
ვოლტა,ვ,River,მდინარე
ვოლტა რედონდას,ვ,City,ქალაქი
ვოლტურნო,ვ,River,მდინარე
ვოლუნტარი,ვ,City,ქალაქი
ვოლფსბერგი,ვ,City,ქალაქი
ვოლფსბურგი,ვ,City,ქალაქი
ვოლფურტი,ვ,City,ქალაქი
ვომბატი,ვ,Animal,ცხოველი
ვონდროზო,ვ,City,ქალაქი
ვონი,ვ,River,მდინარე
ვონსანი,ვ,City,ქალაქი
ვონჯუ,ვ,City,ქალაქი
ვოპი,ვ,River,მდინარე
ვოპნაფიორდური,ვ,City,ქალაქი
ვორგლი,ვ,City,ქალაქი
ვორდინგბორგი,ვ,City,ქალაქი
ვორე,ვ,City,ქალაქი
ვორო,ვ,City,ქალაქი
ვოროკლინი,ვ,City,ქალაქი
ვოროტანი,ვ,River,მდინარე
ვორსკლა,ვ,River,მდინარე
ვორსტერი,ვ,City,ქალაქი
ვორუხი,ვ,City,ქალაქი
ვოსკევაზი,ვ,City,ქალაქი
ვოსტანი,ვ,City,ქალაქი
ვოტე,ვ,City,ქალაქი
ვოულა,ვ,City,ქალაქი
ვოღჯი,ვ,River,მდინარე
ვოძისლავ-სლასკი,ვ,City,ქალაქი
ვოხმა,ვ,City,ქალაქი
ვოჯენსი,ვ,City,ქალაქი
ვოჰიბინანი,ვ,City,ქალაქი
ვრაიბურგი,ვ,City,ქალაქი
ვრაიჰეიდი,ვ,City,ქალაქი
ვრასა,ვ,City,ქალაქი
ვრბოვეცი,ვ,City,ქალაქი
ვრედ ენ ჰუპი,ვ,City,ქალაქი
ვრილისია,ვ,City,ქალაქი
ვრნოგრაჩი,ვ,City,ქალაქი
ვროცლავი,ვ,City,ქალაქი
ვრტოიბა,ვ,City,ქალაქი
ვრშაცი,ვ,City,ქალაქი
ვრჰნიკა,ვ,City,ქალაქი
ვუანი,ვ,City,ქალაქი
ვუდბორო,ვ,City,ქალაქი
ვუდენდი,ვ,City,ქალაქი
ვუდვილი,ვ,City,ქალაქი
ვუდრაფი,ვ,City,ქალაქი
ვუდსტოკი,ვ,City,ქალაქი
ვუდუისტი,ვ,Film,ფილმი
ვუკარი,ვ,City,ქალაქი
ვუკი,ვ,Film,ფილმი
ვუკოვარი,ვ,City,ქალაქი
ვულკანი,ვ,City,ქალაქი
ვულკენეშტი,ვ,City,ქალაქი
ვუმი,ვ,City,ქალაქი
ვუნდანიი,ვ,City,ქალაქი
ვუპერტალი,ვ,City,ქალაქი
ვურდენი,ვ,City,ქალაქი
ვური,ვ,River,მდინარე
ვურმი,ვ,River,მდინარე
ვურშეთი,ვ,City,ქალაქი
ვუში,ვ,City,ქალაქი
ვუჰანი,ვ,City,ქალაქი
ვცხოვრობ,ვ,Film,ფილმი
ვცხოვრობ შიშში,ვ,Film,ფილმი
ვხედავ,ვ,Film,ფილმი
ვხედავ მზეს,ვ,Film,ფილმი
ზაალ,ზ,Name,სახელი
ზაალი,ზ,Name,სახელი
ზაალუკი,ზ,Food,საკვები
ზაალფელდენი,ზ,City,ქალაქი
ზაანდამი,ზ,City,ქალაქი
ზაანსტადი,ზ,City,ქალაქი
ზაარბრიუკენი,ზ,City,ქალაქი
ზაარლუი,ზ,City,ქალაქი
ზაბიდი,ზ,City,ქალაქი
ზაბჟე,ზ,City,ქალაქი
ზაბრატი,ზ,City,ქალაქი
ზაბრისკი,ზ,Film,ფილმი
ზაბრისკი პოინტი,ზ,Film,ფილმი
ზაგვანი,ზ,City,ქალაქი
ზაგორა,ზ,City,ქალაქი
ზაგორიე-ობ-სავი,ზ,City,ქალაქი
ზაგრები,ზ,City,ქალაქი
ზაგრებო - ცენტრი,ზ,City,ქალაქი
ზაგულბა,ზ,City,ქალაქი
ზადარი,ზ,City,ქალაქი
ზაეჩარი,ზ,City,ქალაქი
ზავენტემი,ზ,City,ქალაქი
ზავერციე,ზ,City,ქალაქი
ზავიატ-ალ-ჯადიდი,ზ,City,ქალაქი
ზავიდოვიჩი,ზ,City,ქალაქი
ზაზა,ზ,Name,სახელი
ზაზუნა,ზ,Animal,ცხოველი
ზაზუნას,ზ,Film,ფილმი
ზაზუნას დღე,ზ,Film,ფილმი
ზაიამი,ზ,City,ქალაქი
ზაიო,ზ,City,ქალაქი
ზაირა,ზ,Name,სახელი
ზაირი,ზ,River,მდინარე
ზაისანი,ზ,City,ქალაქი
ზაკ სნაიდერის სამართლიანობის,ზ,Film,ფილმი
ზაკ სნაიდერის სამართლიანობის ლიგა,ზ,Film,ფილმი
ზაკაპა,ზ,City,ქალაქი
ზაკატეკოლუკა,ზ,City,ქალაქი
ზაკინთოსი,ზ,City,ქალაქი
ზაკოპანე,ზ,City,ქალაქი
ზალაეგერსეგი,ზ,City,ქალაქი
ზალეუ,ზ,City,ქალაქი
ზალინგეი,ზ,City,ქალაქი
ზალტანი,ზ,City,ქალაქი
ზალფელდენი ამ შტაინერნი მირი,ზ,City,ქალაქი
ზალცახი,ზ,River,მდინარე
ზალცბურგი,ზ,City,ქალაქი
ზამბახი,ზ,Plant,მცენარე
ზამბეზი,ზ,City,ქალაქი
ზამბია,ზ,Country,ქვეყანა
ზამბიის რესპუბლიკა,ზ,Country,ქვეყანა
ზამბოანგა,ზ,City,ქალაქი
ზამბრანო,ზ,City,ქალაქი
ზამთრის,ზ,Food,საკვები
ზამთრის ბანანი,ზ,Food,საკვები
ზამთრის ძილი,ზ,Film,ფილმი
ზამიბია,ზ,Country,ქვეყანა
ზამიოკულკასი,ზ,Plant,მცენარე
ზამოსცი,ზ,City,ქალაქი
ზანა,ზ,River,მდინარე
ზანგეზური,ზ,Film,ფილმი
ზანდამი,ზ,City,ქალაქი
ზანზიბარი,ზ,Country,ქვეყანა
ზანი,ზ,River,მდინარე
ზანკტ ანდრა,ზ,City,ქალაქი
ზანკტ ვალენტინი,ზ,City,ქალაქი
ზანკტ ვეიტი ან დერ გლანი,ზ,City,ქალაქი
ზანკტ იოჰანი იმ პონგაუში,ზ,City,ქალაქი
ზანკტ პოლტენი,ზ,City,ქალაქი
ზაპეკანკა,ზ,Food,საკვები
ზაპორიჟჟია,ზ,City,ქალაქი
ზაპოროჟიე,ზ,City,ქალაქი
ზაპრეშიცი,ზ,City,ქალაქი
ზარანგოლო,ზ,Food,საკვები
ზარასაი,ზ,City,ქალაქი
ზარაფშანი,ზ,River,მდინარე
ზარდაბი,ზ,City,ქალაქი
ზარეჰ შარანი,ზ,City,ქალაქი
ზარზისი,ზ,City,ქალაქი
ზარზმა,ზ,City,ქალაქი
ზარია,ზ,City,ქალაქი
ზარმაცა,ზ,Animal,ცხოველი
ზარსერო,ზ,City,ქალაქი
ზარუმა,ზ,City,ქალაქი
ზარღუნ შაჰრი,ზ,City,ქალაქი
ზასლავვე,ზ,City,ქალაქი
ზაურ,ზ,Name,სახელი
ზაური,ზ,Name,სახელი
ზაფნა,ზ,Plant,მცენარე
ზაფრანა,ზ,Plant,მცენარე
ზაფრანი,ზ,Plant,მცენარე
ზაფხული,ზ,Film,ფილმი
ზაფხული როდესაც გავლამაზდი,ზ,Film,ფილმი
ზაფხულის,ზ,Film,ფილმი
ზაფხულის ზღაპარი,ზ,Film,ფილმი
ზაქათალა,ზ,City,ქალაქი
ზაქარია,ზ,Name,სახელი
ზაქრო,ზ,Name,სახელი
ზახო,ზ,City,ქალაქი
ზაჰარი,ზ,City,ქალაქი
ზაჰედანი,ზ,City,ქალაქი
ზაჰესი,ზ,City,ქალაქი
ზაჰლა,ზ,City,ქალაქი
ზაჰლე,ზ,City,ქალაქი
ზგეჟი,ზ,City,ქალაქი
ზეა,ზ,River,მდინარე
ზეარის,ზ,Food,საკვები
ზეარის ჭაჭა,ზ,Food,საკვები
ზებრა,ზ,Animal,ცხოველი
ზებუნებრივი,ზ,Film,ფილმი
ზეგ,ზ,Film,ფილმი
ზედელეგემი,ზ,City,ქალაქი
ზეებახი,ზ,City,ქალაქი
ზეენი (კრაის 3),ზ,City,ქალაქი
ზევახ,ზ,Name,სახელი
ზეზვა,ზ,Name,სახელი
ზეთისხილი,ზ,Plant,მცენარე
ზეინაბ,ზ,Name,სახელი
ზეისტი,ზ,City,ქალაქი
ზეკირხენი მარკტი,ზ,City,ქალაქი
ზელანდია,ზ,Country,ქვეყანა
ზელეზნო პოლიე,ზ,City,ქალაქი
ზელონა-გურა,ზ,City,ქალაქი
ზემო ანგარა,ზ,River,მდინარე
ზენდე ჯანი,ზ,City,ქალაქი
ზენიცა,ზ,City,ქალაქი
ზენონ,ზ,Name,სახელი
ზენჯანი,ზ,City,ქალაქი
ზეპჩე,ზ,City,ქალაქი
ზერფაუსი,ზ,City,ქალაქი
ზესტაფინი,ზ,City,ქალაქი
ზესტაფონი,ზ,City,ქალაქი
ზესხო,ზ,River,მდინარე
ზეცის,ზ,Film,ფილმი
ზეცის შვილები,ზ,Film,ფილმი
ზეციური,ზ,Film,ფილმი
ზეციური სამეფო,ზ,Film,ფილმი
ზვავთა,ზ,Film,ფილმი
ზვავთა მხარეში,ზ,Film,ფილმი
ზვართნოცი,ზ,City,ქალაქი
ზვარტე-ვატერი,ზ,River,მდინარე
ზვარულა,ზ,River,მდინარე
ზვედრუ,ზ,City,ქალაქი
ზვევეგემი,ზ,City,ქალაქი
ზვეინდრეხტი,ზ,City,ქალაქი
ზვიად,ზ,Name,სახელი
ზვიადი,ზ,Name,სახელი
ზვიგენთა,ზ,Film,ფილმი
ზვიგენთა რისხვა,ზ,Film,ფილმი
ზვიგენი,ზ,Animal,ცხოველი
ზვიო,ზ,Name,სახელი
ზვიშავანე,ზ,City,ქალაქი
ზვიშავანეს რაიონი,ზ,City,ქალაქი
ზვოლე,ზ,City,ქალაქი
ზვორნიკი,ზ,City,ქალაქი
ზიბანი,ზ,City,ქალაქი
ზიგენი,ზ,City,ქალაქი
ზიგინშორი,ზ,City,ქალაქი
ზივანდანი,ზ,City,ქალაქი
ზივანია,ზ,Food,საკვები
ზივინიცე,ზ,City,ქალაქი
ზიზი,ზ,Name,სახელი
ზიკი,ზ,Film,ფილმი
ზიკი და ლუთერი,ზ,Film,ფილმი
ზილა,ზ,City,ქალაქი
ზილუპე,ზ,City,ქალაქი
ზილფელდი,ზ,City,ქალაქი
ზიმბაბვე,ზ,Country,ქვეყანა
ზიმბაბვეს რესპუბლიკა,ზ,Country,ქვეყანა
ზიმბავე,ზ,Country,ქვეყანა
ზინა,ზ,Name,სახელი
ზინაიდა,ზ,Name,სახელი
ზინდერი,ზ,City,ქალაქი
ზინტანი,ზ,City,ქალაქი
ზირა,ზ,City,ქალაქი
ზირიანოვსკი,ზ,City,ქალაქი
ზიროუდანი,ზ,City,ქალაქი
ზიუე,ზ,City,ქალაქი
ზიფთი,ზ,City,ქალაქი
ზიქურათი,ზ,City,ქალაქი
ზლიტენი,ზ,City,ქალაქი
ზოგი,ზ,Film,ფილმი
ზოგი ჭირი მარგებელია,ზ,Film,ფილმი
ზოვუნი,ზ,City,ქალაქი
ზოზულია,ზ,Food,საკვები
ზოია,ზ,Name,სახელი
ზოია რუხაძე,ზ,Film,ფილმი
ზოლინგენი,ზ,City,ქალაქი
ზოლოთურნი,ზ,City,ქალაქი
ზომბა,ზ,City,ქალაქი
ზომბილენდი,ზ,Film,ფილმი
ზომბილენიუმი,ზ,Film,ფილმი
ზონგულდაქი,ზ,City,ქალაქი
ზოოსტარი,ზ,Film,ფილმი
ზოოტოპია,ზ,Film,ფილმი
ზოოტოპია 2,ზ,Film,ფილმი
ზორო,ზ,Film,ფილმი
ზოროს,ზ,Film,ფილმი
ზოროს ნიღაბი,ზ,Film,ფილმი
ზოსიმე,ზ,Name,სახელი
ზოტეგემი,ზ,City,ქალაქი
ზრეჩე,ზ,City,ქალაქი
ზუა,ზ,City,ქალაქი
ზუგდიდი,ზ,City,ქალაქი
ზუვარა,ზ,City,ქალაქი
ზუილა,ზ,City,ქალაქი
ზუკა,ზ,Name,სახელი
ზუპანია,ზ,City,ქალაქი
ზურა,ზ,Name,სახელი
ზურაბ,ზ,Name,სახელი
ზურაბი,ზ,Name,სახელი
ზური,ზ,Name,სახელი
ზურია,ზ,Name,სახელი
ზურიკო,ზ,Name,სახელი
ზუსტად,ზ,Film,ფილმი
ზუსტად შუადღეს,ზ,Film,ფილმი
ზუტერმერი,ზ,City,ქალაქი
ზუტფენი,ზ,City,ქალაქი
ზღარბი,ზ,Animal,ცხოველი
ზღარბი სონიკი,ზ,Film,ფილმი
ზღვა,ზ,Film,ფილმი
ზღვარზე,ზ,Film,ფილმი
ზღვარი,ზ,Film,ფილმი
ზღვის,ზ,Film,ფილმი
ზღვის ბილიკი,ზ,Film,ფილმი
ზღვის მაშვრალნი,ზ,Film,ფილმი
ზღვის შვილები,ზ,Film,ფილმი
ზღმარტლი,ზ,Plant,მცენარე
თა-იანგი,თ,City,ქალაქი
თა-მაკა,თ,City,ქალაქი
თაბა-ნჩუ,თ,City,ქალაქი
თაგვთან,თ,Film,ფილმი
თაგვი,თ,Animal,ცხოველი
თადეოზ,თ,Name,სახელი
თადმორი,თ,City,ქალაქი
თავბრუსხვევა,თ,Film,ფილმი
თავგადასავლების,თ,Film,ფილმი
თავგადასავლების მაძიებლები,თ,Film,ფილმი
თავდაყირა,თ,Film,ფილმი
თავდაყირა 2,თ,Film,ფილმი
თავზეხელაღებული,თ,Film,ფილმი
თავისუფლების,თ,Film,ფილმი
თავისუფლების ფანტომი,თ,Film,ფილმი
თავისუფლების ძახილი,თ,Film,ფილმი
თავრიზი,თ,City,ქალაქი
თაზო,თ,Name,სახელი
თათა,თ,Name,სახელი
თათაშ,თ,Name,სახელი
თათია,თ,Name,სახელი
თათო,თ,Name,სახელი
თათული,თ,Name,სახელი
თაია,თ,Name,სახელი
თაიეტმიო,თ,City,ქალაქი
თაიზი,თ,City,ქალაქი
თაინშა,თ,City,ქალაქი
თაკეკი,თ,City,ქალაქი
თაკო,თ,Name,სახელი
თალ-კაიფი,თ,City,ქალაქი
თალა,თ,City,ქალაქი
თალგამი,თ,Plant,მცენარე
თალდიყორღანი,თ,City,ქალაქი
თალდუ,თ,City,ქალაქი
თალვილი,თ,City,ქალაქი
თალიკანი,თ,City,ქალაქი
თალიკო,თ,Name,სახელი
თალინი,თ,City,ქალაქი
თალღარი,თ,City,ქალაქი
თამაზ,თ,Name,სახელი
თამაზი,თ,Name,სახელი
თამარ,თ,Name,სახელი
თამარი,თ,Name,სახელი
თამარისი,თ,City,ქალაქი
თამაში,თ,Film,ფილმი
თამბაქო,თ,Plant,მცენარე
თამვორტი,თ,City,ქალაქი
თამთა,თ,Name,სახელი
თამილა,თ,Name,სახელი
თამო,თ,Name,სახელი
თამრა,თ,City,ქალაქი
თამუნა,თ,Name,სახელი
თანამშრომლები,თ,Film,ფილმი
თანამშრომლები ტოვებენ ლიონის,თ,Film,ფილმი
თანამშრომლები ტოვებენ ლიონის ლუმიერის ფაბრიკას,თ,Film,ფილმი
თანატპინი,თ,City,ქალაქი
თანდერ ბეი,თ,City,ქალაქი
თანდილა,თ,Name,სახელი
თანე,თ,City,ქალაქი
თარაზი,თ,City,ქალაქი
თარგმანში,თ,Film,ფილმი
თარგმანში დაკარგულები,თ,Film,ფილმი
თარიარვადი,თ,City,ქალაქი
თარიელ,თ,Name,სახელი
თარსუსი,თ,City,ქალაქი
თარხან,თ,Name,სახელი
თარჰუნა,თ,City,ქალაქი
თასბოგეთი,თ,City,ქალაქი
თასილი,თ,City,ქალაქი
თატა,თ,City,ქალაქი
თატონი,თ,City,ქალაქი
თაფლის,თ,Food,საკვები
თაფლის სასმელი პოლონეთში,თ,Food,საკვები
თაფლო,თ,Name,სახელი
თაფლუჭი,თ,Food,საკვები
თაქურგაონი,თ,City,ქალაქი
თაღიევი,თ,Film,ფილმი
თაღიევი ნავთობი,თ,Film,ფილმი
თაღიევი ცარი,თ,Film,ფილმი
თაღიევი: ნავთობი,თ,Film,ფილმი
თაღიევი: ცარი,თ,Film,ფილმი
თაყა,თ,Name,სახელი
თაში იანგტსე,თ,City,ქალაქი
თაშიგანგი,თ,City,ქალაქი
თაშირი,თ,City,ქალაქი
თაშქორღანი,თ,City,ქალაქი
თახვი,თ,Animal,ცხოველი
თბილისი,თ,City,ქალაქი
თბილისი-თბილისი,თ,Film,ფილმი
თეა,თ,Name,სახელი
თებე,თ,Name,სახელი
თებეა,თ,Name,სახელი
თებრონე,თ,Name,სახელი
თედო,თ,Name,სახელი
თედორე,თ,Name,სახელი
თევზი,თ,Animal,ცხოველი
თევზი სახელად ვანდა,თ,Film,ფილმი
თეზამი,თ,River,მდინარე
თეთრი,თ,Film,ფილმი
თეთრი ბაირაღები,თ,Film,ფილმი
თეთრი ბაფთა,თ,Film,ფილმი
თეთრი ბიმი შავი,თ,Film,ფილმი
თეთრი ბიმი შავი ყურით,თ,Film,ფილმი
თეთრი გრაფინია,თ,Film,ფილმი
თეთრი დედოფალი,თ,Film,ფილმი
თეთრი ვოლტა,თ,River,მდინარე
თეთრი ნილოსი,თ,River,მდინარე
თეთრი პრინცესა,თ,Film,ფილმი
თეთრი ქარავანი,თ,Film,ფილმი
თეთრი წყევლა,თ,Film,ფილმი
თეთრიწყარო,თ,City,ქალაქი
თეთრუა,თ,Name,სახელი
თეთუანი,თ,City,ქალაქი
თეიმურაზ,თ,Name,სახელი
თეიმურაზი,თ,Name,სახელი
თეირანი,თ,City,ქალაქი
თეირანი-43,თ,Film,ფილმი
თეკელი,თ,City,ქალაქი
თეკლა,თ,Name,სახელი
თეკლე,თ,Name,სახელი
თელ აბიადი,თ,City,ქალაქი
თელ ავივი,თ,City,ქალაქი
თელ კალახი,თ,City,ქალაქი
თელ-აბიადი,თ,City,ქალაქი
თელ-ავივ-იაფო,თ,City,ქალაქი
თელ-ავივი,თ,City,ქალაქი
თელ-კალახი,თ,City,ქალაქი
თელ-მონდი,თ,City,ქალაქი
თელა,თ,Plant,მცენარე
თელაბიადი,თ,City,ქალაქი
თელავი,თ,City,ქალაქი
თელავივი,თ,City,ქალაქი
თელავისხევი,თ,River,მდინარე
თელიავივი,თ,City,ქალაქი
თელკალახი,თ,City,ქალაქი
თელმა,თ,Film,ფილმი
თელმა და ლუიზა,თ,Film,ფილმი
თემა,თ,City,ქალაქი
თემირთაუ,თ,City,ქალაქი
თემირლანოვკა,თ,City,ქალაქი
თემო,თ,Name,სახელი
თემო რე,თ,Film,ფილმი
თემსე,თ,City,ქალაქი
თემსი,თ,City,ქალაქი
თემურ,თ,Name,სახელი
თემური,თ,Name,სახელი
თენგიზ,თ,Name,სახელი
თენგო,თ,Name,სახელი
თენდება,თ,Film,ფილმი
თეო,თ,Name,სახელი
თეოლინე,თ,Name,სახელი
თეონა,თ,Name,სახელი
თერგი,თ,River,მდინარე
თერლესი,თ,City,ქალაქი
თერმე,თ,River,მდინარე
თერმი,თ,City,ქალაქი
თერჯოლა,თ,City,ქალაქი
თესალონიკი,თ,City,ქალაქი
თეტუანი,თ,City,ქალაქი
თექირდაღი,თ,City,ქალაქი
თეძამი,თ,River,მდინარე
თეჯენი,თ,River,მდინარე
თეჯლუმაჯი,თ,City,ქალაქი
თვალთხევი,თ,River,მდინარე
თვალჩინა,თ,Name,სახელი
თვე,თ,Film,ფილმი
თვეროუ,თ,River,მდინარე
თვითმკვლელთა,თ,Film,ფილმი
თვითმკვლელთა რაზმი,თ,Film,ფილმი
თი ჯეი ჰუკერი,თ,Film,ფილმი
თია,თ,Name,სახელი
თიამისი,თ,River,მდინარე
თიანეთი,თ,City,ქალაქი
თიბნა,თ,City,ქალაქი
თიენძინი,თ,City,ქალაქი
თიეს-ნონესი,თ,City,ქალაქი
თივა,თ,Food,საკვები
თივაი,თ,City,ქალაქი
თივთიკი,თ,Plant,მცენარე
თივის ყვავილი,თ,Plant,მცენარე
თითე,თ,Name,სახელი
თითქმის,თ,Film,ფილმი
თითქმის მეგობრები,თ,Film,ფილმი
თიკა,თ,City,ქალაქი
თიკანი,თ,Animal,ცხოველი
თიკო,თ,Name,სახელი
თიმორი,თ,Country,ქვეყანა
თიმფუ,თ,City,ქალაქი
თინა,თ,Name,სახელი
თინადჰუ,თ,City,ქალაქი
თინათინ,თ,Name,სახელი
თინათინი,თ,Name,სახელი
თინეიჯერი,თ,Film,ფილმი
თინეიჯერი მგელი,თ,Film,ფილმი
თინეღირი,თ,City,ქალაქი
თიოლო,თ,City,ქალაქი
თიოტე,თ,City,ქალაქი
თიოურსაუ,თ,River,მდინარე
თირ პოლი,თ,City,ქალაქი
თირკმლის ჩაი,თ,Plant,მცენარე
თირუვანანთაპურამი,თ,City,ქალაქი
თისტედი,თ,City,ქალაქი
თიუნელი,თ,City,ქალაქი
თიქრითი,თ,City,ქალაქი
თმა,თ,Film,ფილმი
თოზხურმათო,თ,City,ქალაქი
თოკი,თ,Film,ფილმი
თოლია,თ,Animal,ცხოველი
თომა,თ,Name,სახელი
თონგვა,თ,City,ქალაქი
თონექსი,თ,City,ქალაქი
თორთლა,თ,River,მდინარე
თორთომისწყალი,თ,River,მდინარე
თორი,თ,Film,ფილმი
თორი ბნელი სამყარო,თ,Film,ფილმი
თორი რაგნაროკი,თ,Film,ფილმი
თორი: ბნელი სამყარო,თ,Film,ფილმი
თორი: რაგნაროკი,თ,Film,ფილმი
თორმეტი,თ,Film,ფილმი
თორმეტი თანამგზავრი,თ,Film,ფილმი
თორნიკე,თ,Name,სახელი
თორღვა,თ,Name,სახელი
თოუზი,თ,City,ქალაქი
თოუმიში,თ,River,მდინარე
თოფქაფი,თ,Film,ფილმი
თოქათი,თ,City,ქალაქი
თოქზარი,თ,City,ქალაქი
თოქმაქი,თ,City,ქალაქი
თოჯინები,თ,Film,ფილმი
თოჯინები იცინიან,თ,Film,ფილმი
თოჰოიანდუ,თ,City,ქალაქი
თრია,თ,Animal,ცხოველი
თრიალეთი,თ,City,ქალაქი
თრითინა,თ,Animal,ცხოველი
თუ,თ,Film,ფილმი
თუ მხოლოდ ყველა,თ,Film,ფილმი
თუთა,თ,Plant,მცენარე
თუთიყუში,თ,Animal,ცხოველი
თუთუნი,თ,Plant,მცენარე
თულუ ბოლო,თ,City,ქალაქი
თუმანიანი,თ,City,ქალაქი
თუნი,თ,City,ქალაქი
თუნჯელი,თ,City,ქალაქი
თურარ რისყულოვი,თ,City,ქალაქი
თურაშაული,თ,Food,საკვები
თურდო,თ,River,მდინარე
თურინჯი,თ,Food,საკვები
თურკუ,თ,City,ქალაქი
თურმან,თ,Name,სახელი
თურქანი,თ,City,ქალაქი
თურქეთი,თ,Country,ქვეყანა
თურქეთის რესპუბლიკა,თ,Country,ქვეყანა
თურქესტანი,თ,City,ქალაქი
თურქვიზიის,თ,Film,ფილმი
თურქვიზიის სიმღერის კონკურსი,თ,Film,ფილმი
თურქმენაბადი,თ,City,ქალაქი
თურქმენბაში,თ,City,ქალაქი
თურქმენეთი,თ,Country,ქვეყანა
თურქმენისტანი,თ,Country,ქვეყანა
თურქული,თ,Food,საკვები
თურქული ღვინო,თ,Food,საკვები
თურქული ყავა,თ,Food,საკვები
თურქული ჩაი,თ,Food,საკვები
თურღაი,თ,River,მდინარე
თუშეთის ალაზანი,თ,River,მდინარე
თქვენთვის,თ,Film,ფილმი
თქვენთვის წერილია,თ,Film,ფილმი
თხა,თ,Animal,ცხოველი
თხეიში,თ,River,მდინარე
თხილი,თ,Plant,მცენარე
თხუნელა,თ,Animal,ცხოველი
ი-ნ-სალაჰი,ი,City,ქალაქი
ია,ი,Name,სახელი
იააკი,ი,Animal,ცხოველი
იაბასი,ი,City,ქალაქი
იაბელო,ი,City,ქალაქი
იაბრუდი,ი,City,ქალაქი
იაბჩანკა,ი,Food,საკვები
იაგო,ი,Name,სახელი
იაგოდიე,ი,City,ქალაქი
იაგორ,ი,Name,სახელი
იაგუა,ი,City,ქალაქი
იაგუარი,ი,Animal,ცხოველი
იაგუარონი,ი,City,ქალაქი
იაგუაჩი,ი,City,ქალაქი
იაგუახაი,ი,City,ქალაქი
იაგუაჰეი,ი,City,ქალაქი
იაგუი,ი,River,მდინარე
იადონ,ი,Name,სახელი
იადონი,ი,Animal,ცხოველი
იავატა,ი,City,ქალაქი
იავნე,ი,City,ქალაქი
იავოჟნო,ი,City,ქალაქი
იაკი,ი,Animal,ცხოველი
იაკობ,ი,Name,სახელი
იაკობი,ი,Name,სახელი
იაკობსბერგი,ი,City,ქალაქი
იაკუიბა,ი,City,ქალაქი
იალა,ი,City,ქალაქი
იალასი,ი,City,ქალაქი
იალიბუ,ი,City,ქალაქი
იალოვა,ი,City,ქალაქი
იალოვენი,ი,City,ქალაქი
იალომიცა,ი,River,მდინარე
იალტა,ი,City,ქალაქი
იალუნგძიანგი,ი,River,მდინარე
იალუძიანგი,ი,River,მდინარე
იალღუნი,ი,Plant,მცენარე
იამაგატა,ი,City,ქალაქი
იამაზაკი,ი,Food,საკვები
იამაიკა,ი,Country,ქვეყანა
იამან,ი,Name,სახელი
იამბიო,ი,City,ქალაქი
იამბოლი,ი,City,ქალაქი
იამეთინი,ი,City,ქალაქი
იამზე,ი,Name,სახელი
იამუსუკრო,ი,City,ქალაქი
იანა,ი,Name,სახელი
იანაკანჩა,ი,City,ქალაქი
იანაკკალა,ი,City,ქალაქი
იანგზტაუნი,ი,City,ქალაქი
იანგი,ი,City,ქალაქი
იანგონი,ი,City,ქალაქი
იანინა,ი,City,ქალაქი
იანიცა,ი,City,ქალაქი
იანტაი,ი,City,ქალაქი
იანტრა,ი,River,მდინარე
იანყული,ი,City,ქალაქი
იანჩენგი,ი,City,ქალაქი
იანცაზა,ი,City,ქალაქი
იანძი,ი,River,მდინარე
იანჯუ,ი,City,ქალაქი
იაო,ი,City,ქალაქი
იაპაკანი,ი,River,მდინარე
იაპონია,ი,Country,ქვეყანა
იაპონიის სახელმწიფო,ი,Country,ქვეყანა
იარა,ი,City,ქალაქი
იარდიმლი,ი,City,ქალაქი
იარე,ი,Film,ფილმი
იარე ზღვარზე,ი,Film,ფილმი
იარეგა ალემი,ი,City,ქალაქი
იარენი,ი,City,ქალაქი
იარვა-ჯანი,ი,City,ქალაქი
იარვაკანდი,ი,City,ქალაქი
იარვენპა,ი,City,ქალაქი
იარიმი,ი,City,ქალაქი
იარინგი,ი,City,ქალაქი
იაროსლავ,ი,Name,სახელი
იარქენდი,ი,River,მდინარე
იარყა,ი,City,ქალაქი
იასამანი,ი,Plant,მცენარე
იასბერენი,ი,City,ქალაქი
იასი,ი,City,ქალაქი
იასონ,ი,Name,სახელი
იასტრებარსკო,ი,City,ქალაქი
იასტშემბე-ზდრუი,ი,City,ქალაქი
იატაკქვეშა,ი,Film,ფილმი
იატაკქვეშა იმპერია,ი,Film,ფილმი
იატერასი,ი,City,ქალაქი
იაუნდე,ი,City,ქალაქი
იაუნიელგავა,ი,City,ქალაქი
იაფა,ი,City,ქალაქი
იაფის,ი,Food,საკვები
იაფის ფორთოხალი,ი,Food,საკვები
იაფრანი,ი,City,ქალაქი
იაცუსირო,ი,City,ქალაქი
იაჯცე,ი,City,ქალაქი
იაჰატა,ი,City,ქალაქი
იბადანი,ი,City,ქალაქი
იბარა,ი,City,ქალაქი
იბარაკი,ი,City,ქალაქი
იბი,ი,City,ქალაქი
იბიკუი,ი,City,ქალაქი
იბრა,ი,City,ქალაქი
იბრი,ი,City,ქალაქი
იგანგა,ი,City,ქალაქი
იგატიმი,ი,City,ქალაქი
იგბო-ორა,ი,City,ქალაქი
იგბოჰო,ი,City,ქალაქი
იგედე-ეკიტი,ი,City,ქალაქი
იგი,ი,City,ქალაქი
იგნალინა,ი,City,ქალაქი
იგოეთი,ი,City,ქალაქი
იგორ,ი,Name,სახელი
იგუალა-დე-ლა-ინდეპენდენსია,ი,City,ქალაქი
იგუანა,ი,Animal,ცხოველი
იგუასუ,ი,River,მდინარე
იდა,ი,Film,ფილმი
იდანრე,ი,City,ქალაქი
იდარდო,ი,Film,ფილმი
იდენაო,ი,City,ქალაქი
იდი,ი,City,ქალაქი
იდიოტები,ი,Film,ფილმი
იდიოტი,ი,Film,ფილმი
იდლიბი,ი,City,ქალაქი
იდმინე,ი,City,ქალაქი
იდრია,ი,City,ქალაქი
იედიყულე,ი,City,ქალაქი
იეედი,ი,City,ქალაქი
იეზაველი,ი,Film,ფილმი
იეზდი,ი,City,ქალაქი
იეზნასი,ი,City,ქალაქი
იეი,ი,City,ქალაქი
იეკაბპილსი,ი,City,ქალაქი
იეკულსაუ-აუ-დალი,ი,River,მდინარე
იეკულსაუ-აუ-ფიედლუმი,ი,River,მდინარე
იელგავა,ი,City,ქალაქი
იელენია-გურა,ი,City,ქალაქი
იელოუნაიფი,ი,City,ქალაქი
იემენი,ი,Country,ქვეყანა
იემენის რესპუბლიკა,ი,Country,ქვეყანა
იენა,ი,City,ქალაქი
იენაკიევო,ი,City,ქალაქი
იენანჩაუნგი,ი,City,ქალაქი
იენგი ყალეჰი,ი,City,ქალაქი
იენდი,ი,City,ქალაქი
იენიშეჰირი,ი,City,ქალაქი
იენჩეპინგი,ი,City,ქალაქი
იეპერი,ი,City,ქალაქი
იერემია,ი,Name,სახელი
იერი,ი,City,ქალაქი
იერინგი,ი,City,ქალაქი
იერიქონი,ი,City,ქალაქი
იეროჰამი,ი,City,ქალაქი
იერუსალიმი,ი,City,ქალაქი
იესე,ი,Name,სახელი
იესენიცე,ი,City,ქალაქი
იესო,ი,Name,სახელი
იეშილ-ირმაქი,ი,River,მდინარე
იეცავა,ი,City,ქალაქი
ივაკი,ი,City,ქალაქი
ივაკუნი,ი,City,ქალაქი
ივანა,ი,Name,სახელი
ივანავა,ი,City,ქალაქი
ივანე,ი,Name,სახელი
ივანე ვასილის,ი,Film,ფილმი
ივანე ვასილის ძე იცვლის პროფესიას,ი,Film,ფილმი
ივანეს,ი,Film,ფილმი
ივანეს ბავშვობა,ი,Film,ფილმი
ივანეცი,ი,City,ქალაქი
ივანკოვო,ი,City,ქალაქი
ივენეცი,ი,City,ქალაქი
ივერდონ-ლე-ბენი,ი,City,ქალაქი
ივერი,ი,Name,სახელი
ივერია,ი,Food,საკვები
ივეტა,ი,Name,სახელი
ივინდო,ი,River,მდინარე
ივლიტა,ი,Name,სახელი
ივლიტე,ი,Name,სახელი
ივო,ი,City,ქალაქი
ივონ-იუპი,ი,City,ქალაქი
ივრეა,ი,City,ქალაქი
ივრი-სიურ-სენი,ი,City,ქალაქი
ივუანი,ი,City,ქალაქი
იზაბელა,ი,Name,სახელი
იზალკო,ი,City,ქალაქი
იზარი,ი,River,მდინარე
იზეგემი,ი,City,ქალაქი
იზერი,ი,River,მდინარე
იზინგტონი,ი,City,ქალაქი
იზიუმი,ი,City,ქალაქი
იზკი,ი,City,ქალაქი
იზლინგტონი,ი,City,ქალაქი
იზმაილი,ი,City,ქალაქი
იზმითი,ი,City,ქალაქი
იზმირი,ი,City,ქალაქი
იზნიქი,ი,City,ქალაქი
იზო,ი,Name,სახელი
იზოლა,ი,City,ქალაქი
იზოლდა,ი,Name,სახელი
იზრა,ი,City,ქალაქი
ითილი,ი,City,ქალაქი
იი,ი,River,მდინარე
იიგევა,ი,City,ქალაქი
იივანი,ი,City,ქალაქი
იისალმი,ი,City,ქალაქი
იისფერი,ი,Film,ფილმი
იიჯონბუ,ი,City,ქალაქი
იიჰვი,ი,City,ქალაქი
იკა,ი,City,ქალაქი
იკაალინენი,ი,City,ქალაქი
იკალამავონი,ი,City,ქალაქი
იკალუიტი,ი,City,ქალაქი
იკასი,ი,City,ქალაქი
იკატა,ი,City,ქალაქი
იკერე,ი,City,ქალაქი
იკიკე,ი,City,ქალაქი
იკირე,ი,City,ქალაქი
იკირუნი,ი,City,ქალაქი
იკიტოსი,ი,City,ქალაქი
იკონგო,ი,City,ქალაქი
იკოტ-ეკპენე,ი,City,ქალაქი
იკშკილე,ი,City,ქალაქი
ილა-დი-მოსამბიკი,ი,City,ქალაქი
ილა-ორანგუნი,ი,City,ქალაქი
ილაგანი,ი,City,ქალაქი
ილავე,ი,City,ქალაქი
ილაის,ი,Film,ფილმი
ილაის წიგნი,ი,Film,ფილმი
ილაპელი,ი,City,ქალაქი
ილარიონ,ი,Name,სახელი
ილებო,ი,City,ქალაქი
ილელა,ი,City,ქალაქი
ილერი,ი,River,მდინარე
ილეშა,ი,City,ქალაქი
ილი,ი,River,მდინარე
ილია,ი,Name,სახელი
ილიავუ,ი,City,ქალაქი
ილიასი,ი,City,ქალაქი
ილირსკა-ბისტრიცა,ი,City,ქალაქი
ილისოსი,ი,River,მდინარე
ილმაჯოკი,ი,City,ქალაქი
ილო,ი,City,ქალაქი
ილობუ,ი,City,ქალაქი
ილოილო,ი,City,ქალაქი
ილოკი,ი,City,ქალაქი
ილოპანგო,ი,City,ქალაქი
ილორინი,ი,City,ქალაქი
ილტო,ი,River,მდინარე
ილუზიონისტი,ი,Film,ფილმი
ილუკსტე,ი,City,ქალაქი
ილულისატი,ი,City,ქალაქი
იმაბარი,ი,City,ქალაქი
იმატრა,ი,City,ქალაქი
იმბაბა,ი,City,ქალაქი
იმედა,ი,Name,სახელი
იმედის,ი,Film,ფილმი
იმედის სხივების კრებული,ი,Film,ფილმი
იმეონგი,ი,City,ქალაქი
იმერი,ი,Name,სახელი
იმერული,ი,Film,ფილმი
იმერული ესკიზები,ი,Film,ფილმი
იმზურენი,ი,City,ქალაქი
იმიასი,ი,City,ქალაქი
იმიტაციის,ი,Film,ფილმი
იმიტაციის თამაში,ი,Film,ფილმი
იმიშლი,ი,City,ქალაქი
იმოლა,ი,City,ქალაქი
იმოცკი,ი,City,ქალაქი
იმპალა,ი,Animal,ცხოველი
იმპერატორის,ი,Film,ფილმი
იმპერატორის ახალი თავგადასავალი,ი,Film,ფილმი
იმპერატორის ბულბული,ი,Film,ფილმი
იმპერატორის მეუღლე,ი,Film,ფილმი
იმპერატორის მეუღლე კი,ი,Film,ფილმი
იმპერატრისი,ი,City,ქალაქი
იმპერიალი,ი,City,ქალაქი
იმსტი,ი,City,ქალაქი
იმსუანე,ი,City,ქალაქი
იმუზერ იდა უ ტანანე,ი,City,ქალაქი
იმუზერ-იდა-უ-ტანანე,ი,City,ქალაქი
იმუზერიდაუტანანე,ი,City,ქალაქი
იმუსი,ი,City,ქალაქი
ინა,ი,Name,სახელი
ინაქოსი,ი,River,მდინარე
ინგა,ი,Name,სახელი
ინგელდორფი,ი,City,ქალაქი
ინგლისელი,ი,Film,ფილმი
ინგლისელი პაციენტი,ი,Film,ფილმი
ინგლისი,ი,Country,ქვეყანა
ინგოლშტადტი,ი,City,ქალაქი
ინგულეცი,ი,River,მდინარე
ინდა სილასი,ი,City,ქალაქი
ინდალსელვენი,ი,River,მდინარე
ინდაური,ი,Animal,ცხოველი
ინდერბორი,ი,City,ქალაქი
ინდი,ი,River,მდინარე
ინდიანა,ი,Film,ფილმი
ინდიანა ჯონსი,ი,Film,ფილმი
ინდიანა ჯონსი და ბედისწერის ტაძარი,ი,Film,ფილმი
ინდიანა ჯონსი და უკანასკნელი ჯვაროსნული ლაშქრობა,ი,Film,ფილმი
ინდიანა ჯოუნსი,ი,Film,ფილმი
ინდიანა ჯოუნსი და ბროლის თავის ქალის სამეფო,ი,Film,ფილმი
ინდიგირკა,ი,River,მდინარე
ინდირა,ი,Name,სახელი
ინდოეთი,ი,Country,ქვეყანა
ინდოეთის რესპუბლიკა,ი,Country,ქვეყანა
ინდოელთა,ი,Film,ფილმი
ინდოელთა გზა,ი,Film,ფილმი
ინდონეზია,ი,Country,ქვეყანა
ინდონეზიის რესპუბლიკა,ი,Country,ქვეყანა
ინდორი,ი,City,ქალაქი
ინდრი,ი,Animal,ცხოველი
ინდური,ი,Food,საკვები
ინდური ჩაი,ი,Food,საკვები
ინე,ი,City,ქალაქი
ინეგოლი,ი,City,ქალაქი
ინეზა,ი,Name,სახელი
ინესა,ი,Name,სახელი
ინვერკარგილი,ი,City,ქალაქი
ინი,ი,River,მდინარე
ინიამბანე,ი,City,ქალაქი
ინიატი,ი,City,ქალაქი
ინის ბრაუნაუ,ი,City,ქალაქი
ინისა,ი,City,ქალაქი
ინისკრონი,ი,City,ქალაქი
ინკასატორის,ი,Film,ფილმი
ინკასატორის ჩანთა,ი,Film,ფილმი
ინკოუ,ი,City,ქალაქი
ინოვროცლავი,ი,City,ქალაქი
ინოლა,ი,Name,სახელი
ინონგო,ი,City,ქალაქი
ინსბრუკი,ი,City,ქალაქი
ინსიზა,ი,City,ქალაქი
ინსომნია,ი,Film,ფილმი
ინტიბუკა,ი,City,ქალაქი
ინტიპუკა,ი,City,ქალაქი
ინტუიცია,ი,Film,ფილმი
ინფორმატორი,ი,Film,ფილმი
ინჩხონი,ი,City,ქალაქი
ინწობა,ი,River,მდინარე
იოანა,ი,Name,სახელი
იოანე,ი,Name,სახელი
იოანინა,ი,City,ქალაქი
იობე,ი,City,ქალაქი
იოგევა,ი,City,ქალაქი
იოგიაკარტა,ი,City,ქალაქი
იოვანი,ი,City,ქალაქი
იოვიუ,ი,City,ქალაქი
იოზგათი,ი,City,ქალაქი
იოკადუმა,ი,City,ქალაქი
იოკაიტი,ი,City,ქალაქი
იოკაიჩი,ი,City,ქალაქი
იოკნეამი,ი,City,ქალაქი
იოკოსუკა,ი,City,ქალაქი
იოკოჰამა,ი,City,ქალაქი
იოლა,ი,City,ქალაქი
იოლი,ი,City,ქალაქი
იოლუ,ი,City,ქალაქი
იოლფუსა,ი,River,მდინარე
იომჯუ,ი,City,ქალაქი
იონა,ი,City,ქალაქი
იონაგო,ი,City,ქალაქი
იონავა,ი,City,ქალაქი
იონან-იუპი,ი,City,ქალაქი
იონგ პენგი,ი,City,ქალაქი
იონგბიონი,ი,City,ქალაქი
იონგგანგ-იუპი,ი,City,ქალაქი
იონგგვანგ-იუპი,ი,City,ქალაქი
იონგი-რი,ი,City,ქალაქი
იონეძავა,ი,City,ქალაქი
იონინი,ი,City,ქალაქი
იონიშკისი,ი,City,ქალაქი
იონო,ი,City,ქალაქი
იონჩხონი,ი,City,ქალაქი
იონჯა,ი,Plant,მცენარე
იონჯუ,ი,City,ქალაქი
იორამ,ი,Name,სახელი
იორდანე,ი,River,მდინარე
იორდანია,ი,Country,ქვეყანა
იორდანიის ჰაშიმიდური სამეფო,ი,Country,ქვეყანა
იორი,ი,River,მდინარე
იორო,ი,City,ქალაქი
იოსებ,ი,Name,სახელი
იოსები,ი,Name,სახელი
იოსიმოვაცი,ი,City,ქალაქი
იოსუ,ი,City,ქალაქი
იოჯუ,ი,City,ქალაქი
იოჰანესბურგი,ი,City,ქალაქი
იპაკარაი,ი,City,ქალაქი
იპატინგა,ი,City,ქალაქი
იპი,ი,City,ქალაქი
იპისი,ი,City,ქალაქი
იპოჰი,ი,City,ქალაქი
იპსონასი,ი,City,ქალაქი
იჟორკა,ი,River,მდინარე
ირა,ი,Name,სახელი
ირავადი,ი,River,მდინარე
ირაკლეონი,ი,City,ქალაქი
ირაკლი,ი,Name,სახელი
ირაკლიონი,ი,City,ქალაქი
ირაკლისი,ი,City,ქალაქი
ირანი,ი,Country,ქვეყანა
ირანის ისლამური რესპუბლიკა,ი,Country,ქვეყანა
ირაპუატო,ი,City,ქალაქი
ირბიდი,ი,City,ქალაქი
ირემი,ი,Animal,ცხოველი
ირიბა,ი,City,ქალაქი
ირიგა,ი,City,ქალაქი
ირინა,ი,Name,სახელი
ირინე,ი,Name,სახელი
ირკუტი,ი,River,მდინარე
ირკუტსკი,ი,City,ქალაქი
ირკუცკი,ი,City,ქალაქი
ირლანდია,ი,Country,ქვეყანა
ირლანდიელი,ი,Film,ფილმი
ირლანდიის რესპუბლიკა,ი,Country,ქვეყანა
ირლანდიური,ი,Food,საკვები
ირლანდიური ვისკი,ი,Food,საკვები
ირლანდიური ლუდი,ი,Food,საკვები
ირმა,ი,Name,სახელი
ირმებზე,ი,Film,ფილმი
ირმებზე მონადირე,ი,Film,ფილმი
ირმის რქა,ი,Plant,მცენარე
იროდიონ,ი,Name,სახელი
ირტიში,ი,River,მდინარე
ის კვლავ აქ არის,ი,Film,ფილმი
ის უბრალოდ შენში არ არის,ი,Film,ფილმი
ის ცხოვრება ჩემია,ი,Film,ფილმი
ისაია,ი,Name,სახელი
ისაკ,ი,Name,სახელი
ისალმი,ი,City,ქალაქი
ისარი,ი,Film,ფილმი
ისაფიორდური,ი,City,ქალაქი
ისე,ი,City,ქალაქი
ისე-ეკიტი,ი,City,ქალაქი
ისერლონი,ი,City,ქალაქი
ისეტი,ი,River,მდინარე
ისი-ლე-მულინო,ი,City,ქალაქი
ისიდორე,ი,Name,სახელი
ისიდორო-ნობლია,ი,City,ქალაქი
ისიეკე,ი,City,ქალაქი
ისიკარი,ი,River,მდინარე
ისიოლო,ი,City,ქალაქი
ისირო,ი,City,ქალაქი
ისკირი,ი,River,მდინარე
ისკუშუბანი,ი,City,ქალაქი
ისლამ კალეჰი,ი,City,ქალაქი
ისლამაბადი,ი,City,ქალაქი
ისლამშაჰრი,ი,City,ქალაქი
ისლანდია,ი,Country,ქვეყანა
ისლანდიის რესპუბლიკა,ი,Country,ქვეყანა
ისლი,ი,Plant,მცენარე
ისმაილია,ი,City,ქალაქი
ისმაილლი,ი,City,ქალაქი
ისნა,ი,City,ქალაქი
ისოკა,ი,City,ქალაქი
ისპანახი,ი,Plant,მცენარე
ისპარტა,ი,City,ქალაქი
ისპაჰანი,ი,City,ქალაქი
ისპერიხი,ი,City,ქალაქი
ისრაელი,ი,Country,ქვეყანა
ისრაელის სახელმწიფო,ი,Country,ქვეყანა
ისტ ლონდონი,ი,City,ქალაქი
ისტ-ლონდონი,ი,City,ქალაქი
ისტადი,ი,City,ქალაქი
ისტაპალუკა,ი,City,ქალაქი
ისტარავშანი,ი,City,ქალაქი
ისტლონდონი,ი,City,ქალაქი
ისფარა,ი,City,ქალაქი
ისქენდერუნი,ი,City,ქალაქი
ისჰოი,ი,City,ქალაქი
იტა,ი,City,ქალაქი
იტაკა,ი,City,ქალაქი
იტაკირი,ი,City,ქალაქი
იტაკუაკეტუბა,ი,City,ქალაქი
იტაკურუბი-დე-ლა-კორდილიერა,ი,City,ქალაქი
იტაკურუბი-დელ-როსარიო,ი,City,ქალაქი
იტალია,ი,Country,ქვეყანა
იტალიის რესპუბლიკა,ი,Country,ქვეყანა
იტაუგუა,ი,City,ქალაქი
იტიკავა,ი,City,ქალაქი
იტინომია,ი,City,ქალაქი
იტიჰარა,ი,City,ქალაქი
იტურბე,ი,City,ქალაქი
იტციგი,ი,City,ქალაქი
იუბეცუ,ი,City,ქალაქი
იუდას,ი,Film,ფილმი
იუდას ქალი,ი,Film,ფილმი
იუდენბურგი,ი,City,ქალაქი
იუველირების,ი,Film,ფილმი
იუველირების კლანი,ი,Film,ფილმი
იუკთე-დონგი,ი,City,ქალაქი
იუკონი,ი,River,მდინარე
იულენურმა,ი,City,ქალაქი
იულია,ი,Name,სახელი
იულივიესკა,ი,City,ქალაქი
იულინგე,ი,City,ქალაქი
იულიოიიარვი,ი,City,ქალაქი
იულოიარვი,ი,City,ქალაქი
იულქერის სპორტისა და ღონისძიებების დარბაზი,ი,City,ქალაქი
იუმბელი,ი,City,ქალაქი
იუმპრავა,ი,City,ქალაქი
იუნგანი,ი,River,მდინარე
იუნგლინსტერი,ი,City,ქალაქი
იუნგუიო,ი,City,ქალაქი
იუნიონ დე რეიესი,ი,City,ქალაქი
იუნფუ,ი,City,ქალაქი
იუოდუპე,ი,City,ქალაქი
იურა,ი,River,მდინარე
იურბარკასი,ი,City,ქალაქი
იური,ი,Name,სახელი
იურიმაგუასი,ი,City,ქალაქი
იურმალა,ი,City,ქალაქი
იურული,ი,Film,ფილმი
იურული პარკი,ი,Film,ფილმი
იურული პარკი iii,ი,Film,ფილმი
იურული სამყარო,ი,Film,ფილმი
იურული სამყარო დაცემული,ი,Film,ფილმი
იურული სამყარო დაცემული სამეფო,ი,Film,ფილმი
იურული სამყარო: დაცემული სამეფო,ი,Film,ფილმი
იურში,ი,City,ქალაქი
იუსნანი,ი,River,მდინარე
იუსუფელი,ი,City,ქალაქი
იუსუფია,ი,City,ქალაქი
იუტი,ი,City,ქალაქი
იუფშარა,ი,River,მდინარე
იფანადიანა,ი,City,ქალაქი
იფანი,ი,Plant,მცენარე
იფო,ი,City,ქალაქი
იფრანი,ი,City,ქალაქი
იფსვიჩი,ი,City,ქალაქი
იქ,ი,Film,ფილმი
იქ მყოფი,ი,Film,ფილმი
"იქ, სადაც გულია",ი,Film,ფილმი
იქაბოდისა,ი,Film,ფილმი
იქაბოდისა და მისტერ ბაყაყის თავგადასავალი,ი,Film,ფილმი
იქი,ი,River,მდინარე
იქმნა,ი,Film,ფილმი
იქმნა ნათელი,ი,Film,ფილმი
იქნება,ი,Film,ფილმი
იქნება სისხლი,ი,Film,ფილმი
იქს-ადამიანები,ი,Film,ფილმი
იქს-ადამიანები 2,ი,Film,ფილმი
იქს-ადამიანები მომავალი წარსულის,ი,Film,ფილმი
იქს-ადამიანები მომავალი წარსულის დღეები,ი,Film,ფილმი
იქს-ადამიანები პირველი კლასი,ი,Film,ფილმი
იქს-ადამიანები უკანასკნელი ბრძოლა,ი,Film,ფილმი
იქს-ადამიანები: მომავალი წარსულის დღეები,ი,Film,ფილმი
იქს-ადამიანები: პირველი კლასი,ი,Film,ფილმი
იქს-ადამიანები: უკანასკნელი ბრძოლა,ი,Film,ფილმი
იქს-ადამიანების,ი,Film,ფილმი
იქს-ადამიანების წარმოშობა,ი,Film,ფილმი
იქს-ადამიანების წარმოშობა სამურავი,ი,Film,ფილმი
იქს-ადამიანების წარმოშობა: სამურავი,ი,Film,ფილმი
იქსალი,ი,City,ქალაქი
იქსანი,ი,City,ქალაქი
იღბლიანი,ი,Film,ფილმი
იღბლიანი ჯენტლმენები,ი,Film,ფილმი
იღდირი,ი,City,ქალაქი
იყო შაშვი მგალობელი,ი,Film,ფილმი
იყოს,ი,Film,ფილმი
იშიმი,ი,River,მდინარე
იშკაშიმი,ი,City,ქალაქი
იშტაპალუკა,ი,City,ქალაქი
იშურდი,ი,City,ქალაქი
იჩამატი,ი,River,მდინარე
იჩიკავა,ი,City,ქალაქი
იჩინომია,ი,City,ქალაქი
იჩიჰარა,ი,City,ქალაქი
იჩუნი,ი,City,ქალაქი
იჩქარე,ი,Film,ფილმი
იჩქარე შეიყვარო,ი,Film,ფილმი
იცანდზენი,ი,City,ქალაქი
იცანდრა,ი,City,ქალაქი
იცარი,ი,City,ქალაქი
იცოცხლე,ი,Film,ფილმი
იცოცხლე გენაცვალე,ი,Film,ფილმი
"იცოცხლე, გენაცვალე",ი,Film,ფილმი
იცხოვრე,ი,Film,ფილმი
იცხოვრე და სიკვდილის ნება მიეცი,ი,Film,ფილმი
იხვი,ი,Animal,ცხოველი
იხვი იხვი ბატი,ი,Film,ფილმი
იხვის,ი,Food,საკვები
იხვის ჟანგჩა,ი,Food,საკვები
იხტიმანი,ი,City,ქალაქი
იჯაკი,ი,City,ქალაქი
იჯებუ-იგბო,ი,City,ქალაქი
იჯებუ-ოდე,ი,City,ქალაქი
იჯევანი,ი,City,ქალაქი
იჯერო-ეკიტი,ი,City,ქალაქი
იჰოსი,ი,City,ქალაქი
კააგუასუ,კ,City,ქალაქი
კააკუპე,კ,City,ქალაქი
კაალა,კ,City,ქალაქი
კააპიიბარი,კ,City,ქალაქი
კააპუკუ,კ,City,ქალაქი
კაასაპა,კ,City,ქალაქი
კაბაიგუანი,კ,City,ქალაქი
კაბალი,კ,River,მდინარე
კაბალო,კ,City,ქალაქი
კაბანა-ვო,კ,City,ქალაქი
კაბანატუანი,კ,City,ქალაქი
კაბანკალანი,კ,City,ქალაქი
კაბარე,კ,City,ქალაქი
კაბარნეტი,კ,City,ქალაქი
კაბვე,კ,City,ქალაქი
კაბიმასი,კ,City,ქალაქი
კაბინდა,კ,City,ქალაქი
კაბირიას,კ,Film,ფილმი
კაბირიას ღამეები,კ,Film,ფილმი
კაბო,კ,City,ქალაქი
კაბო ვერდე,კ,Country,ქვეყანა
კაბო-ვერდე,კ,Country,ქვეყანა
კაბო-ვერდეს რესპუბლიკა,კ,Country,ქვეყანა
კაბომპო,კ,City,ქალაქი
კაბრერო,კ,City,ქალაქი
კაბუდარე,კ,City,ქალაქი
კაბული,კ,City,ქალაქი
კაბულტურა,კ,City,ქალაქი
კაგა ბანდორო,კ,City,ქალაქი
კაგადი,კ,City,ქალაქი
კაგაიან დე ორო,კ,City,ქალაქი
კაგაიან-დე-ორო,კ,City,ქალაქი
კაგაიანდეორო,კ,City,ქალაქი
კაგერა,კ,River,მდინარე
კაგოსიმა,კ,City,ქალაქი
კაგოშიმა,კ,City,ქალაქი
კაგუა,კ,City,ქალაქი
კადალე,კ,City,ქალაქი
კადის-ვიეხო,კ,City,ქალაქი
კადისი,კ,City,ქალაქი
კადომა,კ,City,ქალაქი
კადრინა,კ,City,ქალაქი
კადუგანავა,კ,City,ქალაქი
კადუგლი,კ,City,ქალაქი
კადუნა,კ,City,ქალაქი
კაელე,კ,City,ქალაქი
კაენგ-ხოი,კ,City,ქალაქი
კაენის,კ,Film,ფილმი
კაენის აღდგომა,კ,Film,ფილმი
კაესი,კ,City,ქალაქი
კავაგოე,კ,City,ქალაქი
კავაგუტი,კ,City,ქალაქი
კავაგუჩი,კ,City,ქალაქი
კავადარცი,კ,City,ქალაქი
კავაია,კ,City,ქალაქი
კავაიე,კ,City,ქალაქი
კავაკავა,კ,City,ქალაქი
კავალა,კ,City,ქალაქი
კავამბვა,კ,City,ქალაქი
კავანი,კ,City,ქალაქი
კავარნა,კ,City,ქალაქი
კავასაკი,კ,City,ქალაქი
კავერაუ,კ,City,ქალაქი
კავთულა,კ,River,მდინარე
კავთურა,კ,River,მდინარე
კავიენგი,კ,City,ქალაქი
კავიტე,კ,City,ქალაქი
კავიტი,კ,City,ქალაქი
კავკასიელი,კ,Film,ფილმი
კავკასიელი ტყვე ქალი,კ,Film,ფილმი
"კავკასიელი ტყვე ქალი, ანუ შურიკის ახალი თავგადასავლები",კ,Film,ფილმი
კაზაგე,კ,City,ქალაქი
კაზანლუკი,კ,City,ქალაქი
კაზარი,კ,River,მდინარე
კაზერტა,კ,City,ქალაქი
კაზიგურთი,კ,City,ქალაქი
კაზინო,კ,Film,ფილმი
კაზინო როიალი,კ,Film,ფილმი
კაზინცბარციკა,კ,City,ქალაქი
კაზლუ რუდა,კ,City,ქალაქი
კაზლუ-რუდა,კ,City,ქალაქი
კაზლურუდა,კ,City,ქალაქი
კაზორია,კ,City,ქალაქი
კაზრეთი,კ,City,ქალაქი
კათუ,კ,City,ქალაქი
კაიამანის კუნძულები,კ,Country,ქვეყანა
კაიამბე,კ,City,ქალაქი
კაიანი,კ,City,ქალაქი
კაიარი,კ,City,ქალაქი
კაიბარიენი,კ,City,ქალაქი
კაიენა,კ,River,მდინარე
კაივე,კ,City,ქალაქი
კაიზერსლაუტერნი,კ,City,ქალაქი
კაიკარა დელ ორინოკო,კ,City,ქალაქი
კაიკარა-დელ-ორინოკო,კ,City,ქალაქი
კაიკარადელორინოკო,კ,City,ქალაქი
კაიკოურა,კ,City,ქალაქი
კაილი,კ,City,ქალაქი
კაიმანერა,კ,City,ქალაქი
კაიმანი,კ,Animal,ცხოველი
კაიმიტო,კ,City,ქალაქი
კაინანტუ,კ,City,ქალაქი
კაინდისოი,კ,City,ქალაქი
კაინტა,კ,City,ქალაქი
კაიპირინია,კ,Food,საკვები
კაირო,კ,City,ქალაქი
კაიროს,კ,Film,ფილმი
კაიროს მეწამული ვარდი,კ,Film,ფილმი
კაირუანი,კ,City,ქალაქი
კაისარიანი,კ,City,ქალაქი
კაისერი,კ,City,ქალაქი
კაიუნგა,კ,City,ქალაქი
კაიფენგი,კ,City,ქალაქი
კაიშიადორისი,კ,City,ქალაქი
კაკალი,კ,Plant,მცენარე
კაკამეგა,კ,City,ქალაქი
კაკანი,კ,City,ქალაქი
კაკაო,კ,Plant,მცენარე
კაკაოპერა,კ,City,ქალაქი
კაკი,კ,Name,სახელი
კაკო,კ,Name,სახელი
კაკოგავა,კ,City,ქალაქი
კაკოკუმი,კ,City,ქალაქი
კაკონდა,კ,City,ქალაქი
კაკოპეტრია,კ,City,ქალაქი
კაკორტოკი,კ,City,ქალაქი
კაკტუსი,კ,Plant,მცენარე
კალაბაკა,კ,City,ქალაქი
კალაბარი,კ,City,ქალაქი
კალაბო,კ,City,ქალაქი
კალაბოსო,კ,City,ქალაქი
კალავასოსი,კ,City,ქალაქი
კალამა,კ,City,ქალაქი
კალამაზუ,კ,City,ქალაქი
კალამაკიონი,კ,City,ქალაქი
კალამარია,კ,City,ქალაქი
კალამატა,კ,City,ქალაქი
კალამბა,კ,City,ქალაქი
კალამე,კ,City,ქალაქი
კალანქოე,კ,Plant,მცენარე
კალასინი,კ,City,ქალაქი
კალასტე,კ,City,ქალაქი
კალაუნდრა,კ,City,ქალაქი
კალბუკო,კ,City,ქალაქი
კალგარი,კ,City,ქალაქი
კალდაშ და რაინია,კ,City,ქალაქი
კალდაშ-და-რაინია,კ,City,ქალაქი
კალდაშდარაინია,კ,City,ქალაქი
კალე,კ,City,ქალაქი
კალე ბლანკოსი,კ,City,ქალაქი
კალებასესი,კ,City,ქალაქი
კალედონი,კ,River,მდინარე
კალემიე,კ,City,ქალაქი
კალენგვა,კ,City,ქალაქი
კალენდარი,კ,Film,ფილმი
კალენდეროვცი დონჯი,კ,City,ქალაქი
კალენდულა,კ,Plant,მცენარე
კალვადოსი,კ,Food,საკვები
კალვარია,კ,City,ქალაქი
კალვარია ზაბჟიდოვსკა,კ,City,ქალაქი
კალვარია-ზაბჟიდოვსკა,კ,City,ქალაქი
კალვარიაზაბჟიდოვსკა,კ,City,ქალაქი
კალია,კ,City,ქალაქი
კალიანი,კ,City,ქალაქი
კალიაო,კ,City,ქალაქი
კალიარი,კ,City,ქალაქი
კალიგანჯი,კ,City,ქალაქი
კალივია თორიკუ,კ,City,ქალაქი
კალითეა,კ,City,ქალაქი
კალიკუტი,კ,City,ქალაქი
კალიმა,კ,City,ქალაქი
კალიმეტე,კ,City,ქალაქი
კალინკავიჩი,კ,City,ქალაქი
კალიქსეელვენი,კ,River,მდინარე
კალიქსტო გარსია,კ,City,ქალაქი
კალიქსტო-გარსია,კ,City,ქალაქი
კალიქსტოგარსია,კ,City,ქალაქი
კალიში,კ,City,ქალაქი
კალკურლი,კ,City,ქალაქი
კალკუტა,კ,City,ქალაქი
კალმარი,კ,City,ქალაქი
კალმარი და ვეშაპი,კ,Film,ფილმი
კალმარის,კ,Food,საკვები
კალმარის თამაში,კ,Film,ფილმი
კალმარის კოქტეილი,კ,Food,საკვები
კალმახი,კ,Animal,ცხოველი
კალმუნაი,კ,City,ქალაქი
კალოჩა,კ,City,ქალაქი
კალტანისეტა,კ,City,ქალაქი
კალტაჯირონე,კ,City,ქალაქი
კალუკემბე,კ,City,ქალაქი
კალულუში,კ,City,ქალაქი
კალუმპიტი,კ,City,ქალაქი
კალუნდბორგი,კ,City,ქალაქი
კალუტარა,კ,City,ქალაქი
კალუში,კ,City,ქალაქი
კალჩიკი,კ,River,მდინარე
კალცეტა,კ,City,ქალაქი
კამა,კ,Plant,მცენარე
კამაბატელა,კ,City,ქალაქი
კამაგუეი,კ,City,ქალაქი
კამაკუპა,კ,City,ქალაქი
კამალია,კ,City,ქალაქი
კამანა,კ,City,ქალაქი
კამარა დი ლობუში,კ,City,ქალაქი
კამარა-დე-ლობუში,კ,City,ქალაქი
კამარა-დი-ლობუში,კ,City,ქალაქი
კამარადილობუში,კ,City,ქალაქი
კამარატე,კ,City,ქალაქი
კამატივი,კ,City,ქალაქი
კამახუანი,კ,City,ქალაქი
კამბამენტო,კ,City,ქალაქი
კამბარი,კ,City,ქალაქი
კამბოვე,კ,City,ქალაქი
კამბოჯა,კ,Country,ქვეყანა
კამბოჯის სამეფო,კ,Country,ქვეყანა
კამეზი,კ,City,ქალაქი
კამელოტი,კ,Film,ფილმი
კამენგი,კ,River,მდინარე
კამერე,კ,City,ქალაქი
კამერუნი,კ,Country,ქვეყანა
კამერუნის რესპუბლიკა,კ,Country,ქვეყანა
კამეჩი,კ,Animal,ცხოველი
კამვენგე,კ,City,ქალაქი
კამინა,კ,City,ქალაქი
კამირი,კ,City,ქალაქი
კამლუპსი,კ,City,ქალაქი
კამნიკი,კ,City,ქალაქი
კამოაპა,კ,City,ქალაქი
კამოკე,კ,City,ქალაქი
კამპ დე მასკი,კ,City,ქალაქი
კამპ დიაბლი,კ,City,ქალაქი
კამპ თორელი,კ,City,ქალაქი
კამპ იტიერი,კ,City,ქალაქი
კამპალა,კ,City,ქალაქი
კამპანა,კ,City,ქალაქი
კამპენი,კ,City,ქალაქი
კამპეჩე,კ,City,ქალაქი
კამპეჩუელა,კ,City,ქალაქი
კამპინა გრანდე,კ,City,ქალაქი
კამპინასი,კ,City,ქალაქი
კამპო გრანდე,კ,City,ქალაქი
კამპო კიხანო,კ,City,ქალაქი
კამპონგ ბაჰარუ ბალაკონგი,კ,City,ქალაქი
კამპონგ ბაჰარუ ნილაი,კ,City,ქალაქი
კამპონგ ბუკიტ ბარუ,კ,City,ქალაქი
კამპონგ დუნგუნი,კ,City,ქალაქი
კამპონგ მასჯიდ ტანაჰი,კ,City,ქალაქი
კამპონგ პანგკალ კალონგი,კ,City,ქალაქი
კამპონგ სუნგაი არა,კ,City,ქალაქი
კამპორა,კ,City,ქალაქი
კამპორა სან ჯოვანი,კ,City,ქალაქი
კამპორა-სან-ჯოვანი,კ,City,ქალაქი
კამპორასანჯოვანი,კ,City,ქალაქი
კამპოსი,კ,City,ქალაქი
კამპუ გრანდი,კ,City,ქალაქი
კამპუ-გრანდი,კ,City,ქალაქი
კამპუგრანდი,კ,City,ქალაქი
კამპუნგ ბარუ სუბანგი,კ,City,ქალაქი
კამპუნგ პასირ გუდანგი,კ,City,ქალაქი
კამული,კ,City,ქალაქი
კამფაენგ-ფეტი,კ,City,ქალაქი
კანა,კ,Plant,მცენარე
კანადა,კ,Country,ქვეყანა
კანადა დე გომესი,კ,City,ქალაქი
კანადური,კ,Food,საკვები
კანადური ღვინო,კ,Food,საკვები
კანანგა,კ,City,ქალაქი
კანარი,კ,City,ქალაქი
კანასი,კ,City,ქალაქი
კანაფი,კ,Plant,მცენარე
კანაძავა,კ,City,ქალაქი
კანახი,კ,City,ქალაქი
კანბე,კ,City,ქალაქი
კანბერა,კ,City,ქალაქი
კანგალი,კ,Animal,ცხოველი
კანგანი,კ,City,ქალაქი
კანგარი,კ,City,ქალაქი
კანგასალა,კ,City,ქალაქი
კანგდონგ-იუპი,კ,City,ქალაქი
კანგე,კ,City,ქალაქი
კანგემა,კ,City,ქალაქი
კანგუნდო,კ,City,ქალაქი
კანდაგარი,კ,Film,ფილმი
კანდავა,კ,City,ქალაქი
კანდანა,კ,City,ქალაქი
კანდე,კ,City,ქალაქი
კანდელარია,კ,City,ქალაქი
კანდელარია დე ლა ფროონტერა,კ,City,ქალაქი
კანდი,კ,City,ქალაქი
კანდრიანი,კ,City,ქალაქი
კანდჰკოტი,კ,City,ქალაქი
კანელი,კ,City,ქალაქი
კანელონესი,კ,City,ქალაქი
კანეტეს,კ,City,ქალაქი
კანზას სიტი,კ,City,ქალაქი
კანზას-სიტი,კ,City,ქალაქი
კანზასსიტი,კ,City,ქალაქი
კანთარალაკი,კ,City,ქალაქი
კანი,კ,City,ქალაქი
კანი რომელშიც ვცხოვრობ,კ,Film,ფილმი
"კანი, რომელშიც ვცხოვრობ",კ,Film,ფილმი
კანიასასი,კ,City,ქალაქი
კანიდელუ,კ,City,ქალაქი
კანილო,კ,City,ქალაქი
კანინი,კ,City,ქალაქი
კანირ დუპი,კ,City,ქალაქი
კანირ-დუპი,კ,City,ქალაქი
კანირდუპი,კ,City,ქალაქი
კანის,კ,Film,ფილმი
კანის ქვეშ,კ,Film,ფილმი
კანისუ,კ,City,ქალაქი
კანიფინგი,კ,City,ქალაქი
კანკაი,კ,River,მდინარე
კანკანპა,კ,City,ქალაქი
კანკუნი,კ,City,ქალაქი
კანო,კ,City,ქალაქი
კანოა,კ,City,ქალაქი
კანოასი,კ,City,ქალაქი
კანონი,კ,Film,ფილმი
კანონი კანონია,კ,Film,ფილმი
კანპური,კ,City,ქალაქი
კანსანში,კ,City,ქალაქი
კანტანიედი,კ,City,ქალაქი
კანტელი,კ,City,ქალაქი
კანტემირი,კ,City,ქალაქი
კანჩანაბური,კ,City,ქალაქი
კაომა,კ,City,ქალაქი
კაორი,კ,City,ქალაქი
კაპ მალერე,კ,City,ქალაქი
კაპ-ჰაიტენი,კ,City,ქალაქი
კაპანი,კ,City,ქალაქი
კაპარიკა,კ,City,ქალაქი
კაპარჭინა,კ,River,მდინარე
კაპასი,კ,City,ქალაქი
კაპელანია,კ,City,ქალაქი
კაპელე-ვესტი,კ,City,ქალაქი
კაპელენი,კ,City,ქალაქი
კაპელიანია,კ,City,ქალაქი
კაპენგურია,კ,City,ქალაქი
კაპერნაუმი,კ,City,ქალაქი
კაპიატა,კ,City,ქალაქი
კაპიბარა,კ,Animal,ცხოველი
კაპირა,კ,City,ქალაქი
კაპირი-მპოში,კ,City,ქალაქი
კაპიტან-ბადო,კ,City,ქალაქი
კაპიტან-მირანდა,კ,City,ქალაქი
კაპიტანი,კ,Film,ფილმი
კაპიტანი ამერიკა,კ,Film,ფილმი
კაპიტანი ამერიკა ზამთრის,კ,Film,ფილმი
კაპიტანი ამერიკა ზამთრის ჯარისკაცი,კ,Film,ფილმი
კაპიტანი ამერიკა პირველი,კ,Film,ფილმი
კაპიტანი ამერიკა პირველი შურისმაძიებელი,კ,Film,ფილმი
კაპიტანი ამერიკა სამოქალაქო,კ,Film,ფილმი
კაპიტანი ამერიკა სამოქალაქო ომი,კ,Film,ფილმი
კაპიტანი ამერიკა: ზამთრის ჯარისკაცი,კ,Film,ფილმი
კაპიტანი ამერიკა: პირველი შურისმაძიებელი,კ,Film,ფილმი
კაპიტანი ამერიკა: სამოქალაქო ომი,კ,Film,ფილმი
კაპიტონ,კ,Name,სახელი
კაპოეტა,კ,City,ქალაქი
კაპოშვარი,კ,City,ქალაქი
კაპსაბეტი,კ,City,ქალაქი
კაპტაიმუხი,კ,City,ქალაქი
კაპუა,კ,City,ქალაქი
კაპუტა,კ,City,ქალაქი
კაპფენბერგი,კ,City,ქალაქი
კაპჩაგაი,კ,City,ქალაქი
კარა,კ,City,ქალაქი
კარაიაო,კ,City,ქალაქი
კარაკალი,კ,City,ქალაქი
კარაკასი,კ,City,ქალაქი
კარაკენჯა,კ,City,ქალაქი
კარაკოლი,კ,City,ქალაქი
კარამელი,კ,Food,საკვები
კარანლუხი,კ,City,ქალაქი
კარანსებეში,კ,City,ქალაქი
კარანტინი,კ,Film,ფილმი
კარაპეგუა,კ,City,ქალაქი
კარაპიკუიბა,კ,City,ქალაქი
კარარა,კ,City,ქალაქი
კარასი,კ,City,ქალაქი
კარატა,კ,City,ქალაქი
კარაუე,კ,City,ქალაქი
კარაჩი,კ,City,ქალაქი
კარბი,კ,City,ქალაქი
კარბონატული,კ,Food,საკვები
კარბონატული წყალი,კ,Food,საკვები
კარგი,კ,Film,ფილმი
კარგი დინოზავრი,კ,Film,ფილმი
კარგი ექიმი,კ,Film,ფილმი
კარგი წელი,კ,Film,ფილმი
კარდაჰა,კ,City,ქალაქი
კარდენასი,კ,City,ქალაქი
კარდიცა,კ,City,ქალაქი
კარდლა,კ,City,ქალაქი
კარდონა,კ,City,ქალაქი
კარეი,კ,City,ქალაქი
კარელიჩი,კ,City,ქალაქი
კარენინა,კ,Film,ფილმი
კარიამანგა,კ,City,ქალაქი
კარიბა,კ,City,ქალაქი
კარიბის,კ,Film,ფილმი
კარიბის ზღვის მეკობრეები,კ,Film,ფილმი
კარიბის ზღვის მეკობრეები მკვდრები ზღაპრებს არ ჰყვებიან,კ,Film,ფილმი
კარიბის ზღვის მეკობრეები მკვდრის სკივრი,კ,Film,ფილმი
კარიბის ზღვის მეკობრეები მსოფლიოს დასასრული,კ,Film,ფილმი
კარიბის ზღვის მეკობრეები უცნაურ ნაპირებზე,კ,Film,ფილმი
კარიბის ზღვის მეკობრეები შავი მარგალიტის წყევლა,კ,Film,ფილმი
კარიბის ზღვის მეკობრეები: მკვდრები ზღაპრებს არ ჰყვებიან,კ,Film,ფილმი
კარიბის ზღვის მეკობრეები: მკვდრის სკივრი,კ,Film,ფილმი
კარიბის ზღვის მეკობრეები: მსოფლიოს დასასრული,კ,Film,ფილმი
კარიბის ზღვის მეკობრეები: უცნაურ ნაპირებზე,კ,Film,ფილმი
კარიბის ზღვის მეკობრეები: შავი მარგალიტის წყევლა,კ,Film,ფილმი
კარიბუ,კ,Animal,ცხოველი
კარიესი,კ,City,ქალაქი
კარილიოსი,კ,City,ქალაქი
კარინა,კ,Name,სახელი
კარიპე,კ,City,ქალაქი
კარისი,კ,City,ქალაქი
კარკაველუში,კ,City,ქალაქი
კარკასონი,კ,City,ქალაქი
კარკსი ნუია,კ,City,ქალაქი
კარკსი-ნუია,კ,City,ქალაქი
კარკსინუია,კ,City,ქალაქი
კარლები,კ,City,ქალაქი
კარლი,კ,City,ქალაქი
კარლო,კ,Name,სახელი
კარლოვაცი,კ,City,ქალაქი
კარლოვო,კ,City,ქალაქი
კარლოს მანუელ დე სესპედესი,კ,City,ქალაქი
კარლოს ფონსეკა ამადორი,კ,City,ქალაქი
კარლოს-მანუელ-დე-სესპედესი,კ,City,ქალაქი
კარლოსმანუელდესესპედესი,კ,City,ქალაქი
კარლოუ,კ,City,ქალაქი
კარლსკრონა,კ,City,ქალაქი
კარლსკუგა,კ,City,ქალაქი
კარლსრუე,კ,City,ქალაქი
კარლსტადი,კ,City,ქალაქი
კარლსჰამნი,კ,City,ქალაქი
კარლტონვილი,კ,City,ქალაქი
კარმა-ან-ნუზული,კ,City,ქალაქი
კარმელო,კ,City,ქალაქი
კარმენ-დელ-პარანა,კ,City,ქალაქი
კარნავალის,კ,Film,ფილმი
კარნავალის ღამე,კ,Film,ფილმი
კარნაშიდე,კ,City,ქალაქი
კარნო,კ,City,ქალაქი
კარნობატი,კ,City,ქალაქი
კაროი,კ,City,ქალაქი
კარონგა,კ,City,ქალაქი
კარონი,კ,River,მდინარე
კარორა,კ,City,ქალაქი
კარპი,კ,City,ქალაქი
კარსავა,კ,City,ქალაქი
კარტაგო,კ,City,ქალაქი
კარტაშუ,კ,City,ქალაქი
კარტახენა,კ,City,ქალაქი
კარტეირა,კ,City,ქალაქი
კარტერი,კ,Film,ფილმი
კარტი,კ,Film,ფილმი
კარტი სუგტუპუ,კ,City,ქალაქი
კარტი ფული,კ,Film,ფილმი
კარტი-სუგტუპუ,კ,City,ქალაქი
"კარტი, ფული",კ,Film,ფილმი
"კარტი, ფული და ორი ლულა",კ,Film,ფილმი
კარტის,კ,Film,ფილმი
კარტის თამაში,კ,Film,ფილმი
კარტისუგტუპუ,კ,City,ქალაქი
კარტოფილი,კ,Plant,მცენარე
კარტოფილი ფრი შიგთავსით,კ,Food,საკვები
კარტოფილის,კ,Food,საკვები
კარტოფილის კანი,კ,Food,საკვები
კარუარუ,კ,City,ქალაქი
კარუპანო,კ,City,ქალაქი
კარუჟი,კ,City,ქალაქი
კარური,კ,City,ქალაქი
კარუსელი,კ,Film,ფილმი
კარფური,კ,City,ქალაქი
კარცაგ,კ,City,ქალაქი
კასაბლანკა,კ,City,ქალაქი
კასაი,კ,River,მდინარე
კასალა,კ,City,ქალაქი
კასამა,კ,City,ქალაქი
კასანგულუ,კ,City,ქალაქი
კასანდრას,კ,Film,ფილმი
კასანდრას უღელტეხილი,კ,Film,ფილმი
კასახი,კ,City,ქალაქი
კასბა,კ,City,ქალაქი
კასბა-ტადლა,კ,City,ქალაქი
კასელი,კ,City,ქალაქი
კასემი,კ,City,ქალაქი
კასემპა,კ,City,ქალაქი
კასერესი,კ,City,ქალაქი
კასერინი,კ,City,ქალაქი
კასესე,კ,City,ქალაქი
კასთამონუ,კ,City,ქალაქი
კასიგიანგუიტი,კ,City,ქალაქი
კასიკიარე,კ,River,მდინარე
კასიმოვი,კ,City,ქალაქი
კასინო,კ,City,ქალაქი
კასკადი,კ,City,ქალაქი
კასკავალი,კ,City,ქალაქი
კასკაველი,კ,City,ქალაქი
კასკასკია,კ,River,მდინარე
კასლბარი,კ,City,ქალაქი
კასლეთი,კ,River,მდინარე
კასლრეი,კ,City,ქალაქი
კასოვარი,კ,Animal,ცხოველი
კასონგო,კ,City,ქალაქი
კასპი,კ,City,ქალაქი
კასტალ მააფი,კ,City,ქალაქი
კასტალ-მააფი,კ,City,ქალაქი
კასტალმააფი,კ,City,ქალაქი
კასტელამარე-დი-სტაბია,კ,City,ქალაქი
კასტელვერდე,კ,City,ქალაქი
კასტელიო დე ლა პლანა,კ,City,ქალაქი
კასტილიოსი,კ,City,ქალაქი
კასტორია,კ,City,ქალაქი
კასტრი,კ,City,ქალაქი
კასტრიკუმი,კ,City,ქალაქი
კასტრო,კ,City,ქალაქი
კასტსუკოვიჩი,კ,City,ქალაქი
კასუგაი,კ,City,ქალაქი
კასუკაბე,კ,City,ქალაქი
კასუნგუ,კ,City,ქალაქი
კასუპა,კ,City,ქალაქი
კასური,კ,City,ქალაქი
კატა,კ,Animal,ცხოველი
კატა თუნუქის გახურებულ,კ,Film,ფილმი
კატა თუნუქის გახურებულ სახურავზე,კ,Film,ფილმი
კატაბოლა,კ,City,ქალაქი
კატაკაოსი,კ,City,ქალაქი
კატაკი,კ,City,ქალაქი
კატაკოჩა,კ,City,ქალაქი
კატამაიო,კ,City,ქალაქი
კატანა,კ,City,ქალაქი
კატანდიკა,კ,City,ქალაქი
კატანია,კ,City,ქალაქი
კატანძარო,კ,City,ქალაქი
კატარამა,კ,City,ქალაქი
კატარი,კ,Country,ქვეყანა
კატარის სახელმწიფო,კ,Country,ქვეყანა
კატატუმბო,კ,River,მდინარე
კატების,კ,Film,ფილმი
კატების ხაფანგი,კ,Film,ფილმი
კატერინა,კ,Name,სახელი
კატერინი,კ,City,ქალაქი
კატეხისწყალი,კ,River,მდინარე
კატვეიკი,კ,City,ქალაქი
კატია ლა მარი,კ,City,ქალაქი
კატია-ლა-მარი,კ,City,ქალაქი
კატიალამარი,კ,City,ქალაქი
კატივა,კ,City,ქალაქი
კატიკატი,კ,City,ქალაქი
კატინი,კ,Film,ფილმი
კატლეტი,კ,Food,საკვები
კატმანდუ,კ,City,ქალაქი
კატო,კ,Name,სახელი
კატო დეფტერა,კ,City,ქალაქი
კატო პირგოსი,კ,City,ქალაქი
კატოვიცე,კ,City,ქალაქი
კატონა,კ,City,ქალაქი
კატრ კოკო,კ,City,ქალაქი
კატრ სერი,კ,City,ქალაქი
კატრ-ბორნი,კ,City,ქალაქი
კატრინეჰოლმი,კ,City,ქალაქი
კატუმბა,კ,City,ქალაქი
კატუმბელა,კ,City,ქალაქი
კატუნაიაკა,კ,City,ქალაქი
კაუაიანი,კ,City,ქალაქი
კაუვოლა,კ,City,ქალაქი
კაუკენესი,კ,City,ქალაქი
კაუნასი,კ,City,ქალაქი
კაუნიაინენი,კ,City,ქალაქი
კაურა,კ,River,მდინარე
კაუტო,კ,River,მდინარე
კაუტო კრისტო,კ,City,ქალაქი
კაუტო-კრისტო,კ,City,ქალაქი
კაუტოკრისტო,კ,City,ქალაქი
კაუჩაია,კ,City,ქალაქი
კაუჩერო,კ,City,ქალაქი
კაუჭა,კ,Film,ფილმი
კაუჰაჯოკი,კ,City,ქალაქი
კაფაიატე,კ,City,ქალაქი
კაფრ ქასიმი,კ,City,ქალაქი
კაფრ-აბილი,კ,City,ქალაქი
კაფრ-ასადი,კ,City,ქალაქი
კაფრ-იასიფი,კ,City,ქალაქი
კაფრ-კამა,კ,City,ქალაქი
კაფრ-კანა,კ,City,ქალაქი
კაფრ-მანდა,კ,City,ქალაქი
კაფრ-საუმი,კ,City,ქალაქი
კაფრ-ქასიმი,კ,City,ქალაქი
კაფრ-ყასიმი,კ,City,ქალაქი
კაფრქასიმი,კ,City,ქალაქი
კაფსან-იუპი,კ,City,ქალაქი
კაფუე,კ,City,ქალაქი
კაფფენბერგი,კ,City,ქალაქი
კაქტუსი,კ,Plant,მცენარე
კაშასა,კ,Food,საკვები
კაშიას დო სული,კ,City,ქალაქი
კაშივა,კ,City,ქალაქი
კაშიმა,კ,City,ქალაქი
კაშიტუ,კ,City,ქალაქი
კაშკადარია,კ,River,მდინარე
კაშკაიში,კ,City,ქალაქი
კაშტელუ ბრანკუ,კ,City,ქალაქი
კაშტელუ-ბრანკუ,კ,City,ქალაქი
კაშტელუბრანკუ,კ,City,ქალაქი
კაჩაპა,კ,Food,საკვები
კაჩარი,კ,City,ქალაქი
კაცი,კ,Film,ფილმი
კაცი კაცისთვის მგელია,კ,Film,ფილმი
კაცი მთვარეზე,კ,Film,ფილმი
კაცი საელჩოდან,კ,Film,ფილმი
"კაცი, რომელიც შეეშალათ",კ,Film,ფილმი
კაცია,კ,Name,სახელი
კაცია ადამიანი,კ,Film,ფილმი
კაცინა,კ,City,ქალაქი
კაცხურა,კ,River,მდინარე
კახა,კ,Name,სახელი
კახაბერ,კ,Name,სახელი
კახაბერი,კ,Name,სახელი
კახამარკა,კ,City,ქალაქი
კახეთის,კ,Film,ფილმი
კახეთის მატარებელი,კ,Film,ფილმი
კახი,კ,Name,სახელი
კაჯანი,კ,City,ქალაქი
კაჯანსი,კ,City,ქალაქი
კაჯიადო,კ,City,ქალაქი
კაჰირი,კ,City,ქალაქი
კაჰრორ-პაკა,კ,City,ქალაქი
კაჰული,კ,City,ქალაქი
კებილი,კ,City,ქალაქი
კებლავიკი,კ,City,ქალაქი
კებრადა-ბონიტა-ადენტრო,კ,City,ქალაქი
კებრადა-კანოა,კ,City,ქალაქი
კებრაჩო,კ,City,ქალაქი
კეგე,კ,City,ქალაქი
კეგუაი-გრანდე,კ,River,მდინარე
კეგუმსი,კ,City,ქალაქი
კედაინიაი,კ,City,ქალაქი
კედელში,კ,Film,ფილმი
კედელში დამარხულნი,კ,Film,ფილმი
კედირი,კ,City,ქალაქი
კედლის,კ,Film,ფილმი
კედლის ნგრევა,კ,Film,ფილმი
კედუგუ,კ,City,ქალაქი
კევედო,კ,City,ქალაქი
კევლინგე,კ,City,ქალაქი
კეთილი,კ,Film,ფილმი
კეთილი ადამიანები,კ,Film,ფილმი
კეილა,კ,River,მდინარე
კეინარი,კ,City,ქალაქი
კეიპ-ვერდე,კ,Country,ქვეყანა
კეიპთაუნი,კ,City,ქალაქი
კეიპტაუნი,კ,City,ქალაქი
კეისარი,კ,Film,ფილმი
კეისარი უნდა მოკვდეს,კ,Film,ფილმი
კეიტა,კ,City,ქალაქი
კეკავა,კ,City,ქალაქი
კეკელა,კ,Name,სახელი
კელანია,კ,City,ქალაქი
კელასური,კ,River,მდინარე
კელებანგ ბესარი,კ,City,ქალაქი
კელენი,კ,City,ქალაქი
კელერაში,კ,City,ქალაქი
კელზი,კ,City,ქალაქი
კელი,კ,Film,ფილმი
კელიმანე,კ,City,ქალაქი
კელიტსი,კ,City,ქალაქი
კელმე,კ,City,ქალაქი
კელო,კ,City,ქალაქი
კელოუნა,კ,City,ქალაქი
კელსის,კ,Film,ფილმი
კელსის საიდუმლო,კ,Film,ფილმი
კელუანგი,კ,City,ქალაქი
კელუში,კ,City,ქალაქი
კელცე,კ,City,ქალაქი
კელცირე,კ,City,ქალაქი
კემადო დე გუინესი,კ,City,ქალაქი
კემადო-დე-გუინესი,კ,City,ქალაქი
კემადოდეგუინესი,კ,City,ქალაქი
კემბე,კ,City,ქალაქი
კემბელ რივერი,კ,City,ქალაქი
კემბელე,კ,City,ქალაქი
კემბრიჯი,კ,City,ქალაქი
კემი,კ,City,ქალაქი
კემიიარვი,კ,City,ქალაქი
კემისი,კ,City,ქალაქი
კემპერი,კ,City,ქალაქი
კენა,კ,City,ქალაქი
კენაი,კ,River,მდინარე
კენგე,კ,City,ქალაქი
კენგურუ,კ,Animal,ცხოველი
კენდარი,კ,City,ქალაქი
კენდი,კ,Film,ფილმი
კენია,კ,Country,ქვეყანა
კენიის რესპუბლიკა,კ,Country,ქვეყანა
კენინგაუ,კ,City,ქალაქი
კენიტრა,კ,City,ქალაქი
კენკრა,კ,Plant,მცენარე
კენსკოფი,კ,City,ქალაქი
კენტაუ,კ,City,ქალაქი
კენძეჟინ-კოზლე,კ,City,ქალაქი
კეჟერა,კ,Food,საკვები
კერავა,კ,City,ქალაქი
კერატი,კ,Food,საკვები
კერაცინიონი,კ,City,ქალაქი
კერეკოტილიო,კ,City,ქალაქი
კერემა,კ,City,ქალაქი
კერენი,კ,City,ქალაქი
კერეტარო,კ,City,ქალაქი
კერიგალინი,კ,City,ქალაქი
კერიკ ონ შენონი,კ,City,ქალაქი
კერიკ ონ შური,კ,City,ქალაქი
კერიკ-ონ-შენონი,კ,City,ქალაქი
კერიკ-ონ-შური,კ,City,ქალაქი
კერიკერი,კ,City,ქალაქი
კერიკმაკროსი,კ,City,ქალაქი
კერიკონშენონი,კ,City,ქალაქი
კერიკონშური,კ,City,ქალაქი
კერიო,კ,River,მდინარე
კერიონი,კ,City,ქალაქი
კერიჩო,კ,City,ქალაქი
კერკერა,კ,City,ქალაქი
კერკეტი,კ,Film,ფილმი
კერკეტი კაკალი,კ,Film,ფილმი
კერკირა,კ,City,ქალაქი
კერკრადე,კ,City,ქალაქი
კეროკა,კ,City,ქალაქი
კერტიჰი,კ,City,ქალაქი
კერუგუია,კ,City,ქალაქი
კესაბპური,კ,City,ქალაქი
კესანა,კ,Plant,მცენარე
კესანე,კ,Name,სახელი
კესარია,კ,Name,სახელი
კესთჰეი,კ,City,ქალაქი
კესო,კ,Name,სახელი
კესონ სიტი,კ,City,ქალაქი
კესონ-სიტი,კ,City,ქალაქი
კესონგი,კ,City,ქალაქი
კესონი,კ,City,ქალაქი
კესონსიტი,კ,City,ქალაქი
კესტერციემსი,კ,City,ქალაქი
კეტ ბალუ,კ,Film,ფილმი
კეტა,კ,City,ქალაქი
კეტე კრაჩი,კ,City,ქალაქი
კეურუ,კ,City,ქალაქი
კეუშენი,კ,City,ქალაქი
კეფი,კ,City,ქალაქი
კეფირი,კ,Food,საკვები
კეფლავიკი,კ,City,ქალაქი
კეჩკემეტი,კ,City,ქალაქი
კეხტნა,კ,City,ქალაქი
კეხურა,კ,Food,საკვები
კეჰრა,კ,City,ქალაქი
კვადაურა,კ,River,მდინარე
კვაისა,კ,City,ქალაქი
კვაკსანი,კ,City,ქალაქი
კვალე,კ,City,ქალაქი
კვამლი,კ,Film,ფილმი
კვანგო,კ,River,მდინარე
კვანზა,კ,River,მდინარე
კვანიანი,კ,City,ქალაქი
კვანმიონი,კ,City,ქალაქი
კვანჯუ,კ,City,ქალაქი
კვარტეირა,კ,City,ქალაქი
კვარტიე მილიტერი,კ,City,ქალაქი
კვარტიე მორინი,კ,City,ქალაქი
კვარტყალა,კ,Plant,მცენარე
კვაჩონი,კ,City,ქალაქი
კვახი,კ,Plant,მცენარე
კვებეკი,კ,City,ქალაქი
კვედლინბურგი,კ,City,ქალაქი
კვეკვე,კ,City,ქალაქი
კვერნა,კ,Animal,ცხოველი
კვერცხის,კ,Food,საკვები
კვერცხის წვნიანი,კ,Food,საკვები
კვეტა,კ,City,ქალაქი
კვილონი,კ,City,ქალაქი
კვინ ვიქტორია,კ,City,ქალაქი
კვინანა,კ,City,ქალაქი
კვინისწყალი,კ,River,მდინარე
კვინსტაუნი,კ,City,ქალაქი
კვიპაროსი,კ,Plant,მცენარე
კვიპროსი,კ,Country,ქვეყანა
კვიპროსის რესპუბლიკა,კ,Country,ქვეყანა
კვირა,კ,Film,ფილმი
კვირია,კ,Name,სახელი
კვირიკე,კ,Name,სახელი
კვლავ,კ,Film,ფილმი
კვლავ ელისი,კ,Film,ფილმი
კი უესტი,კ,City,ქალაქი
კი-უესტი,კ,City,ქალაქი
კიაბე,კ,City,ქალაქი
კიაზო,კ,Name,სახელი
კიაიკამი,კ,City,ქალაქი
კიაიკლატი,კ,City,ქალაქი
კიაიკტო,კ,City,ქალაქი
კიამბუ,კ,City,ქალაქი
კიანგეჰი,კ,River,მდინარე
კიარდლა,კ,City,ქალაქი
კიაუკსე,კ,City,ქალაქი
კიბალა,კ,City,ქალაქი
კიბალე,კ,City,ქალაქი
კიბარტაი,კ,City,ქალაქი
კიბი,კ,City,ქალაქი
კიბოგა,კ,City,ქალაქი
კიბორჩხალა,კ,Animal,ცხოველი
კიბრე მენგისტი,კ,City,ქალაქი
კიგალი,კ,City,ქალაქი
კიგორობია,კ,City,ქალაქი
კიდაპავანი,კ,City,ქალაქი
კიდევ,კ,Film,ფილმი
კიდევ ერთი ბოლეინის,კ,Film,ფილმი
კიდევ ერთი ბოლეინის გვარიდან,კ,Film,ფილმი
კიევი,კ,City,ქალაქი
კიელცე,კ,City,ქალაქი
კიეს ჯაკმელი,კ,City,ქალაქი
კიეტა,კ,City,ქალაქი
კივი,კ,Animal,ცხოველი
კივიილი,კ,City,ქალაქი
კივიკანი,კ,City,ქალაქი
კივილი,კ,Film,ფილმი
კივილი ii,კ,Film,ფილმი
კივიოლი,კ,City,ქალაქი
კიილი,კ,City,ქალაქი
კიინდი,კ,City,ქალაქი
კიკეთი,კ,City,ქალაქი
კიკვიტი,კ,City,ქალაქი
კიკნუმი,კ,City,ქალაქი
კიკუიუ,კ,City,ქალაქი
კილა,კ,Food,საკვები
კილალი,კ,City,ქალაქი
კილარნი,კ,City,ქალაქი
კილემბე,კ,City,ქალაქი
კილი,კ,City,ქალაქი
კილიაკოლიო,კ,City,ქალაქი
კილინგი ნიმე,კ,City,ქალაქი
კილინგი-ნიმე,კ,City,ქალაქი
კილინგი-ნომმე,კ,City,ქალაქი
კილინგინიმე,კ,City,ქალაქი
კილინოჩჩი,კ,City,ქალაქი
კილიოტა,კ,City,ქალაქი
კილისი,კ,City,ქალაქი
კილიფი,კ,City,ქალაქი
კილკენი,კ,City,ქალაქი
კილკისი,კ,City,ქალაქი
კილკოკი,კ,City,ქალაქი
კილმესი,კ,City,ქალაქი
კილპუე,კ,City,ქალაქი
კილტიმა,კ,City,ქალაქი
კილჯუ,კ,City,ქალაქი
კიმბე,კ,City,ქალაქი
კიმბერლი,კ,City,ქალაქი
კიმი,კ,City,ქალაქი
კიმინკი,კ,City,ქალაქი
კიმისტანი,კ,City,ქალაქი
კიმპესე,კ,City,ქალაქი
კიმპია-ტურზი,კ,City,ქალაქი
კიმპულუნგ მოლდოვენესკი,კ,City,ქალაქი
კიმპულუნგ-მოლდოვენესკი,კ,City,ქალაქი
კიმპულუნგმოლდოვენესკი,კ,City,ქალაქი
კიმპჰო,კ,City,ქალაქი
კიმჩი,კ,Food,საკვები
კიმჩი ბუჩიმგაე,კ,Food,საკვები
კიმჩი-ბუჩიმგაე,კ,Food,საკვები
კიმჯე,კ,City,ქალაქი
კინა,კ,City,ქალაქი
კინანა,კ,City,ქალაქი
კინანგო,კ,City,ქალაქი
კინანჩა,კ,City,ქალაქი
კინგ,კ,Film,ფილმი
კინგ ედუარდ პოინტი,კ,City,ქალაქი
კინგ კონგი,კ,Film,ფილმი
კინგ-ედუარდ-პოინტი,კ,City,ქალაქი
კინგედუარდპოინტი,კ,City,ქალაქი
კინგი,კ,River,მდინარე
კინგსტაუნ-პარკი,კ,City,ქალაქი
კინგსტაუნი,კ,City,ქალაქი
კინგსტონი,კ,City,ქალაქი
კინდუ,კ,City,ქალაქი
კინსეილი,კ,City,ქალაქი
კინტამპო,კ,City,ქალაქი
კინტრიში,კ,River,მდინარე
კინშასა,კ,City,ქალაქი
კინჩხა,კ,River,მდინარე
კიო,კ,City,ქალაქი
კიოლნი,კ,City,ქალაქი
კიონგვონი,კ,City,ქალაქი
კიონგსონგი,კ,City,ქალაქი
კიონეურგენჩი,კ,City,ქალაქი
კიონსანი,კ,City,ქალაქი
კიოტერა,კ,City,ქალაქი
კიოტო,კ,City,ქალაქი
კიპერაუნდა,კ,City,ქალაქი
კიპინი,კ,City,ქალაქი
კიპროსი,კ,Country,ქვეყანა
კიპუში,კ,City,ქალაქი
კირა,კ,Name,სახელი
კირაკირა,კ,City,ქალაქი
კირეკა,კ,City,ქალაქი
კირენია,კ,City,ქალაქი
კირიათ გათი,კ,City,ქალაქი
კირიათ მალახი,კ,City,ქალაქი
კირიათ მოცკინი,კ,City,ქალაქი
კირიათ ონო,კ,City,ქალაქი
კირიათ შმონა,კ,City,ქალაქი
კირიათ-ათა,კ,City,ქალაქი
კირიათ-ბიალიკი,კ,City,ქალაქი
კირიათ-გათი,კ,City,ქალაქი
კირიათ-იამი,კ,City,ქალაქი
კირიათ-მალახი,კ,City,ქალაქი
კირიათ-მოცკინი,კ,City,ქალაქი
კირიათ-ონო,კ,City,ქალაქი
კირიათ-შმონა,კ,City,ქალაქი
კირიათგათი,კ,City,ქალაქი
კირიათმალახი,კ,City,ქალაქი
კირიათმოცკინი,კ,City,ქალაქი
კირიათონო,კ,City,ქალაქი
კირიათშმონა,კ,City,ქალაქი
კირიბატი,კ,Country,ქვეყანა
კირიბატის რესპუბლიკა,კ,Country,ქვეყანა
კირილე,კ,Name,სახელი
კირკიუბაიარკლაუსტური,კ,City,ქალაქი
კირკკონუმი,კ,City,ქალაქი
კიროვოგრადი,კ,City,ქალაქი
კიროვსკი,კ,City,ქალაქი
კირუნა,კ,City,ქალაქი
კირშვასერი,კ,Food,საკვები
კისანგანი,კ,City,ქალაქი
კისარანი,კ,City,ქალაქი
კისელჯაკი,კ,City,ქალაქი
კისიი,კ,City,ქალაქი
კისისხევი,კ,River,მდინარე
კისიხევი,კ,River,მდინარე
კისმაიო,კ,City,ქალაქი
კისონერგა,კ,City,ქალაქი
კისტა,კ,City,ქალაქი
კისუმუ,კ,City,ქალაქი
კიტა,კ,Name,სახელი
კიტაკიუშუ,კ,City,ქალაქი
კიტალე,კ,City,ქალაქი
კიტგუმი,კ,City,ქალაქი
კიტეე,კ,City,ქალაქი
კიტვე,კ,City,ქალაქი
კიტი,კ,City,ქალაქი
კიტი ფოილი,კ,Film,ფილმი
კიტო,კ,City,ქალაქი
კიტრი,კ,Plant,მცენარე
კიტრისუნა,კ,Food,საკვები
კიტუი,კ,City,ქალაქი
კიტჩენერი,კ,City,ქალაქი
კიუესტი,კ,City,ქალაქი
კიუნგა,კ,City,ქალაქი
კიურპაიპი,კ,City,ქალაქი
კიუსტენდილი,კ,City,ქალაქი
კიფისია,კ,City,ქალაქი
კიშვარდა,კ,City,ქალაქი
კიში,კ,City,ქალაქი
კიშინიოვი,კ,City,ქალაქი
კიშკოროში,კ,City,ქალაქი
კიშკუნფელედიჰაზა,კ,City,ქალაქი
კიშკუნჰალაში,კ,City,ქალაქი
კიშორგანჯი,კ,City,ქალაქი
კიჩევო,კ,City,ქალაქი
კიჩენერი,კ,City,ქალაქი
კიცბიუელი,კ,City,ქალაქი
კიწი,კ,Name,სახელი
კიჯაბე,კ,City,ქალაქი
კიჯობა,კ,City,ქალაქი
კლაგენფურტი,კ,City,ქალაქი
კლადანჯი,კ,City,ქალაქი
კლაენგი,კ,City,ქალაქი
კლავდია,კ,Name,სახელი
კლაიდი,კ,River,მდინარე
კლაინბეტინგენი,კ,City,ქალაქი
კლაიპედა,კ,City,ქალაქი
კლანგი,კ,City,ქალაქი
კლაპკალნციემსი,კ,City,ქალაქი
კლარა,კ,Name,სახელი
კლატენი,კ,City,ქალაქი
კლეინი,კ,City,ქალაქი
კლემანსი,კ,City,ქალაქი
კლემენსია,კ,City,ქალაქი
კლერვო,კ,City,ქალაქი
კლერკსდორპი,კ,City,ქალაქი
კლერმონ ფერანი,კ,City,ქალაქი
კლერმონ-ფერანი,კ,City,ქალაქი
კლერმონფერანი,კ,City,ქალაქი
კლერმორისი,კ,City,ქალაქი
კლიაზმა,კ,River,მდინარე
კლივლენდი,კ,City,ქალაქი
კლიმავიჩი,კ,City,ქალაქი
კლიმაქსი,კ,Film,ფილმი
კლიმენტი,კ,Name,სახელი
კლირუ,კ,City,ქალაქი
კლიუჩი,კ,City,ქალაქი
კლიფორდის,კ,Film,ფილმი
კლიფორდის დიდი კინო,კ,Film,ფილმი
კლიში,კ,City,ქალაქი
კლიცკი,კ,City,ქალაქი
კლონაკილტი,კ,City,ქალაქი
კლონი,კ,Film,ფილმი
კლონმელი,კ,City,ქალაქი
კლოოგა,კ,City,ქალაქი
კლორინდა,კ,City,ქალაქი
კლოსი,კ,City,ქალაქი
კლოსტერნეუბურგი,კ,City,ქალაქი
კლოსტერნოიბურგი,კ,City,ქალაქი
კლოტენი,კ,City,ქალაქი
კლოულკლუბედი,კ,City,ქალაქი
კლოუნთევზა,კ,Animal,ცხოველი
კლუბი,კ,Film,ფილმი
კლუნი,კ,City,ქალაქი
კლუჟ ნაპოკა,კ,City,ქალაქი
კლუჟ-ნაპოკა,კ,City,ქალაქი
კლუჟნაპოკა,კ,City,ქალაქი
კნინი,კ,City,ქალაქი
კნისნა,კ,City,ქალაქი
კნიტელფელდი,კ,City,ქალაქი
კნიტტელფელდი,კ,City,ქალაქი
კნოკკე-ჰეისტი,კ,City,ქალაქი
კო-სამუი,კ,City,ქალაქი
კოა,კ,City,ქალაქი
კოაკალკო,კ,City,ქალაქი
კოალა,კ,Animal,ცხოველი
კოატეპეკე,კ,City,ქალაქი
კოაცაკოალკოსი,კ,City,ქალაქი
კობა,კ,Name,სახელი
კობანი,კ,City,ქალაქი
კობე,კ,City,ქალაქი
კობიხა,კ,City,ქალაქი
კობლენცი,კ,City,ქალაქი
კობრა,კ,Animal,ცხოველი
კობრინი,კ,City,ქალაქი
კობურგი,კ,City,ქალაქი
კოგე,კ,City,ქალაქი
კოდალა,კ,Animal,ცხოველი
კოდლეა,კ,City,ქალაქი
კოდორი,კ,River,მდინარე
კოენი,კ,River,მდინარე
კოერიხი,კ,City,ქალაქი
კოერუ,კ,City,ქალაქი
კოეტუპო,კ,City,ქალაქი
კოვა-და-პიედადე,კ,City,ქალაქი
კოვაცი,კ,City,ქალაქი
კოვე,კ,City,ქალაქი
კოვი,კ,City,ქალაქი
კოვილიანი,კ,City,ქალაქი
კოვონ-იუპი,კ,City,ქალაქი
კოზაკი,კ,Animal,ცხოველი
კოზანი,კ,City,ქალაქი
კოზე,კ,City,ქალაქი
კოზე-უემოისა,კ,City,ქალაქი
კოზენცა,კ,City,ქალაქი
კოზლოდუი,კ,City,ქალაქი
კოზმან,კ,Name,სახელი
კოი-სანჯაყი,კ,City,ქალაქი
კოიაიკე,კ,City,ქალაქი
კოიანი,კ,City,ქალაქი
კოიმბატორი,კ,City,ქალაქი
კოიმბრა,კ,City,ქალაქი
კოიოტი,კ,Animal,ცხოველი
კოიჰაიკე,კ,City,ქალაქი
კოკა,კ,Name,სახელი
კოკა კოლა,კ,Food,საკვები
კოკა კოლა ლაით,კ,Food,საკვები
კოკა კოლა ლაით სანგო,კ,Food,საკვები
კოკა კოლა ციტრა,კ,Food,საკვები
კოკა-კოლა,კ,Food,საკვები
კოკა-კოლა ლაით სანგო,კ,Food,საკვები
კოკა-კოლა ციტრა,კ,Food,საკვები
კოკბერნ ტაუნი,კ,City,ქალაქი
კოკბერნ-ტაუნი,კ,City,ქალაქი
კოკბერნტაუნი,კ,City,ქალაქი
კოკედალი,კ,City,ქალაქი
კოკემიაკი,კ,City,ქალაქი
კოკი,კ,City,ქალაქი
კოკიმბო,კ,City,ქალაქი
კოკინი ტრიმიტია,კ,City,ქალაქი
კოკლი,კ,City,ქალაქი
კოკო,კ,Film,ფილმი
კოკობიში,კ,City,ქალაქი
კოკოდა,კ,City,ქალაქი
კოკოპო,კ,City,ქალაქი
კოკსანი,კ,City,ქალაქი
კოკურიკოს,კ,Film,ფილმი
კოკურიკოს ბორცვიდან,კ,Film,ფილმი
კოკშეტაუ,კ,City,ქალაქი
კოლა,კ,City,ქალაქი
კოლაშინი,კ,City,ქალაქი
კოლდა,კ,City,ქალაქი
კოლდინგი,კ,City,ქალაქი
კოლეგებო,კ,Film,ფილმი
კოლეგებო შეწყვიტეთ ხმაური,კ,Film,ფილმი
"კოლეგებო, შეწყვიტეთ ხმაური",კ,Film,ფილმი
კოლენიო,კ,City,ქალაქი
კოლეხიალესი,კ,City,ქალაქი
კოლვა,კ,River,მდინარე
კოლვეზი,კ,City,ქალაქი
კოლიბრი,კ,Animal,ცხოველი
კოლიმა,კ,City,ქალაქი
კოლიმესი,კ,City,ქალაქი
კოლინგი,კ,City,ქალაქი
კოლიპული,კ,City,ქალაქი
კოლკა,კ,City,ქალაქი
კოლკაპირუა,კ,City,ქალაქი
კოლმარი,კ,City,ქალაქი
კოლო,კ,City,ქალაქი
კოლომბა,კ,City,ქალაქი
კოლომბი,კ,City,ქალაქი
კოლომბია,კ,City,ქალაქი
კოლომბო,კ,City,ქალაქი
კოლომია,კ,City,ქალაქი
კოლონავა,კ,City,ქალაქი
კოლონი,კ,City,ქალაქი
კოლონია დელ საკრამენტო,კ,City,ქალაქი
კოლონია-დელ-საკრამენტო,კ,City,ქალაქი
კოლონია-იგუასუ,კ,City,ქალაქი
კოლონია-კატუეტე,კ,City,ქალაქი
კოლონია-მარიანო-როკე-ალონსო,კ,City,ქალაქი
კოლონია-მაურისიო-ხოსე-ტროჩე,კ,City,ქალაქი
კოლონია-მენო,კ,City,ქალაქი
კოლონია-ნეულანდი,კ,City,ქალაქი
კოლონია-ნიკოლიჩი,კ,City,ქალაქი
კოლონია-ხენერალ-ალფრედო-სტრესნერი,კ,City,ქალაქი
კოლონიადელსაკრამენტო,კ,City,ქალაქი
კოლორადო,კ,River,მდინარე
კოლორადო სპრინგზი,კ,City,ქალაქი
კოლორადო-სპრინგზი,კ,City,ქალაქი
კოლორადოსპრინგზი,კ,City,ქალაქი
კოლოსი,კ,City,ქალაქი
კოლუმბია,კ,Country,ქვეყანა
კოლუმბიის რესპუბლიკა,კ,Country,ქვეყანა
კოლუნი,კ,City,ქალაქი
კოლხიდა,კ,City,ქალაქი
კოლხოზობოდი,კ,City,ქალაქი
კოლჰაპური,კ,City,ქალაქი
კომადუგუ-იობე,კ,River,მდინარე
კომაიაგუა,კ,City,ქალაქი
კომალაპა,კ,City,ქალაქი
კომარომი,კ,City,ქალაქი
კომატი,კ,River,მდინარე
კომბოლჩა,კ,City,ქალაქი
კომბოსტო,კ,Plant,მცენარე
კომბოსტოს,კ,Food,საკვები
კომბოსტოს ალტერნარიოზი,კ,Food,საკვები
კომბოსტოს ბლეკროტი,კ,Food,საკვები
კომბოსტოს ბუგრი,კ,Food,საკვები
კომბოსტოს გაზაფხულის ბუზი,კ,Food,საკვები
კომბოსტოს თეთრი ლაქიანობა,კ,Food,საკვები
კომბოსტოს თეთრი სიდამპლე,კ,Food,საკვები
კომბოსტოს თეთრულა,კ,Food,საკვები
კომბოსტოს ლორწოვანი ბაქტერიოზი,კ,Food,საკვები
კომბოსტოს მავნებლები,კ,Food,საკვები
კომბოსტოს მოზაიკა,კ,Food,საკვები
კომბოსტოს რიზოქტონიოზი,კ,Food,საკვები
კომბოსტოს ფოთოლჭამია,კ,Food,საკვები
კომბოსტოს ფომოზი,კ,Food,საკვები
კომბოსტოს ღეროს მალულხორთუმა,კ,Food,საკვები
კომბოსტოს ჭრაქი,კ,Food,საკვები
კომბოსტოს ხვატარი,კ,Food,საკვები
კომე,კ,City,ქალაქი
კომენეშტი,კ,City,ქალაქი
კომივოიაჟორი,კ,Film,ფილმი
კომილა,კ,City,ქალაქი
კომიტანცილიო,კ,City,ქალაქი
კომიტეტი,კ,Film,ფილმი
კომლო,კ,City,ქალაქი
კომო,კ,City,ქალაქი
კომოდორო რივადავია,კ,City,ქალაქი
კომოე,კ,River,მდინარე
კომორი,კ,Country,ქვეყანა
კომორის კუნძულები,კ,Country,ქვეყანა
კომორის კუნძულების კავშირი,კ,Country,ქვეყანა
კომოტინი,კ,City,ქალაქი
კომპიენი,კ,City,ქალაქი
კომპონგ თუმი,კ,City,ქალაქი
კომპონგ საუმი,კ,City,ქალაქი
კომპონგ სპოე,კ,City,ქალაქი
კომპონგ ჩამი,კ,City,ქალაქი
კომპონგ ჭნანგი,კ,City,ქალაქი
კომპოტი,კ,City,ქალაქი
კომპტონი,კ,City,ქალაქი
კომრატი,კ,City,ქალაქი
კომსომოლობოდი,კ,City,ქალაქი
კომსომოლსკი,კ,City,ქალაქი
კომუნარის,კ,Film,ფილმი
კომუნარის ჩიბუხი,კ,Film,ფილმი
კომუსან 1-ტონგი,კ,City,ქალაქი
კომში,კ,Plant,მცენარე
კონ კაენი,კ,City,ქალაქი
კონ-კაენი,კ,City,ქალაქი
კონაკრი,კ,City,ქალაქი
კონგენს ლიხვბი,კ,City,ქალაქი
კონგი,კ,Film,ფილმი
კონგი თავის ქალის,კ,Film,ფილმი
კონგი თავის ქალის კუნძული,კ,Film,ფილმი
კონგი: თავის ქალის კუნძული,კ,Film,ფილმი
კონგო,კ,River,მდინარე
კონგო (ბრაზავილი),კ,Country,ქვეყანა
კონგო (კინშასა),კ,Country,ქვეყანა
"კონგო, დემოკრატიული რესპუბლიკა",კ,Country,ქვეყანა
კონგომა,კ,City,ქალაქი
კონგოს დემოკრატიული რესპუბლიკა,კ,Country,ქვეყანა
კონგოს რესპუბლიკა,კ,Country,ქვეყანა
კონდა,კ,River,მდინარე
კონდადო,კ,City,ქალაქი
კონდეგა,კ,City,ქალაქი
კონდორი,კ,Animal,ცხოველი
კონდრატე,კ,Name,სახელი
კონდუზი,კ,City,ქალაქი
კონელიანო,კ,City,ქალაქი
კონზა,კ,City,ქალაქი
კონი-ნგანი,კ,City,ქალაქი
კონი-ჯოჯო,კ,City,ქალაქი
კონია,კ,City,ქალაქი
კონიაკი,კ,Food,საკვები
კონიბოდომი,კ,City,ქალაქი
კონინი,კ,City,ქალაქი
კონისპოლი,კ,City,ქალაქი
კონიცა,კ,City,ქალაქი
კონიცი,კ,City,ქალაქი
კონკაენი,კ,City,ქალაქი
კონკია,კ,Film,ფილმი
კონკიას,კ,Film,ფილმი
კონკიას ამბავი,კ,Film,ფილმი
კონკორდია,კ,City,ქალაქი
კონონგო,კ,City,ქალაქი
კონოტოპი,კ,City,ქალაქი
კონსდორფი,კ,City,ქალაქი
კონსეპსიონ ბატრეს,კ,City,ქალაქი
კონსეპსიონ დე ატაკო,კ,City,ქალაქი
კონსეპსიონ დელ ურუგუაი,კ,City,ქალაქი
კონსეპსიონი,კ,City,ქალაქი
კონსეფსიონი,კ,City,ქალაქი
კონსეშენი,კ,City,ქალაქი
კონსო,კ,City,ქალაქი
კონსოლასიონ დე სურ,კ,City,ქალაქი
კონსოლასიონ დელ სური,კ,City,ქალაქი
კონსოლასიონ-დელ-სური,კ,City,ქალაქი
კონსოლასიონდელსური,კ,City,ქალაქი
კონსტანტ სპრინგი,კ,City,ქალაქი
კონსტანტინე,კ,Name,სახელი
კონსტანტინი,კ,City,ქალაქი
კონსტანტინოვო,კ,City,ქალაქი
კონსტანტინოპოლი,კ,City,ქალაქი
კონსტანცა,კ,City,ქალაქი
კონსტიტუსიონი,კ,City,ქალაქი
კონტაგემი,კ,City,ქალაქი
კონტაგორა,კ,City,ქალაქი
კონტაჟენი,კ,City,ქალაქი
კონტერნი,კ,City,ქალაქი
კონტიოლახტი,კ,City,ქალაქი
კონტრამაესტრე,კ,City,ქალაქი
კონტრამესტრე,კ,City,ქალაქი
კონტროლი,კ,Film,ფილმი
კონფორმისტი,კ,Film,ფილმი
კონჩა,კ,City,ქალაქი
კონჩაგუა,კ,City,ქალაქი
კონჩედარია,კ,River,მდინარე
კონცეფსიონი,კ,City,ქალაქი
კოპავოგური,კ,City,ქალაქი
კოპალე,კ,Name,სახელი
კოპანი,კ,City,ქალაქი
კოპასკერი,კ,City,ქალაქი
კოპენჰაგენი,კ,City,ქალაქი
კოპერი,კ,City,ქალაქი
კოპიაპო,კ,City,ქალაქი
კოპილი,კ,City,ქალაქი
კოპლიკი,კ,City,ქალაქი
კოპრივნიცა,კ,City,ქალაქი
კორაბია,კ,City,ქალაქი
კორალიიო,კ,City,ქალაქი
კორალილიო,კ,City,ქალაქი
კორალინი,კ,Film,ფილმი
კორანტეინი,კ,River,მდინარე
კორბა,კ,City,ქალაქი
კორგი,კ,Animal,ცხოველი
კორდელიერთა,კ,Film,ფილმი
კორდელიერთა მოედანი ლიონში,კ,Film,ფილმი
კორდობა,კ,City,ქალაქი
კორდოვა,კ,City,ქალაქი
კორეა,კ,Country,ქვეყანა
"კორეა, რესპუბლიკა",კ,Country,ქვეყანა
კორედორი,კ,City,ქალაქი
კორეილი,კ,City,ქალაქი
კორეის რესპუბლიკა,კ,Country,ქვეყანა
კორეის სახალხო დემოკრატიული რესპუბლიკა,კ,Country,ქვეყანა
კორეის სახალხო-დემოკრატიული რესპუბლიკა,კ,Country,ქვეყანა
კორეკა,კ,City,ქალაქი
კორემი,კ,City,ქალაქი
კორიიამა,კ,City,ქალაქი
კორინთი,კ,City,ქალაქი
კორინთო,კ,City,ქალაქი
კორინტესი,კ,City,ქალაქი
კორინტო,კ,City,ქალაქი
კორისწყალი,კ,River,მდინარე
კორკი,კ,City,ქალაქი
კორკინი,კ,City,ქალაქი
კორკოდონი,კ,River,მდინარე
კორნ-აილენდი,კ,City,ქალაქი
კორნელი,კ,Name,სახელი
კორნელია დე ლიობრეგატი,კ,City,ქალაქი
კორნერ ბრუკი,კ,City,ქალაქი
კორნეუბურგი,კ,City,ქალაქი
კორნეშტი,კ,City,ქალაქი
კორნიონი,კ,City,ქალაქი
კორნოიბურგი,კ,City,ქალაქი
კორნოსი,კ,City,ქალაქი
კორნუოლი,კ,City,ქალაქი
კოროგო,კ,City,ქალაქი
კოროზალი,კ,City,ქალაქი
კოროიუში,კ,City,ქალაქი
კორომანდელი,კ,City,ქალაქი
კორონადალი,კ,City,ქალაქი
კორონელ ბოგადო,კ,City,ქალაქი
კორონელ ოვიედო,კ,City,ქალაქი
კორონელ სუარესი,კ,City,ქალაქი
კორონელ-ბოგადო,კ,City,ქალაქი
კორონელ-ოვიედო,კ,City,ქალაქი
კორონელბოგადო,კ,City,ქალაქი
კორონელი,კ,City,ქალაქი
კორონელი მარსელინო მარიდუენა,კ,City,ქალაქი
კორონელოვიედო,კ,City,ქალაქი
კოროპიონი,კ,City,ქალაქი
კორორი,კ,City,ქალაქი
კოროშკა-ბელა,კ,City,ქალაქი
კორსორი,კ,City,ქალაქი
კორტინა დ’ამპეცო,კ,City,ქალაქი
კორტინა-დ’ამპეცო,კ,City,ქალაქი
კორტინად’ამპეცო,კ,City,ქალაქი
კორტნი,კ,City,ქალაქი
კორტრიკი,კ,City,ქალაქი
კორჩა,კ,City,ქალაქი
კორჩე,კ,City,ქალაქი
კოსან-იუპი,კ,City,ქალაქი
კოსი,კ,City,ქალაქი
კოსლადა,კ,City,ქალაქი
კოსმოპოლიტენი,კ,Food,საკვები
კოსმოსი,კ,Film,ფილმი
კოსმოსი სივრცე-დროის ოდისეა,კ,Film,ფილმი
კოსმოსი: სივრცე-დროის ოდისეა,კ,Film,ფილმი
კოსმოსური,კ,Film,ფილმი
კოსმოსური ოდისეა,კ,Film,ფილმი
კოსმოსური ფილმი,კ,Film,ფილმი
კოსმოსური ჯემი,კ,Film,ფილმი
კოსოვო,კ,City,ქალაქი
კოსტა რიკა,კ,Country,ქვეყანა
კოსტა-რიკა,კ,Country,ქვეყანა
კოსტა-რიკის რესპუბლიკა,კ,Country,ქვეყანა
კოსტანაი,კ,City,ქალაქი
კოსტეშტი,კ,City,ქალაქი
კოსტიანტინივკა,კ,City,ქალაქი
კოსტინბროდი,კ,City,ქალაქი
კოსტიუკოვკა,კ,City,ქალაქი
კოსტრომა,კ,River,მდინარე
კოტ-ადუ,კ,City,ქალაქი
კოტ-დ'ივუარი,კ,Country,ქვეყანა
კოტ-დ'ივუარის რესპუბლიკა,კ,Country,ქვეყანა
კოტ-მალიკი,კ,City,ქალაქი
კოტა,კ,City,ქალაქი
კოტა ბაჰარუ,კ,City,ქალაქი
კოტა კინაბალუ,კ,City,ქალაქი
კოტა ტინგი,კ,City,ქალაქი
კოტა-კინაბალუ,კ,City,ქალაქი
კოტაბატო,კ,City,ქალაქი
კოტაკაჩი,კ,City,ქალაქი
კოტაკინაბალუ,კ,City,ქალაქი
კოტაჯი,კ,City,ქალაქი
კოტბუსი,კ,City,ქალაქი
კოტე,კ,Name,სახელი
კოტეს-დე-ფერი,კ,City,ქალაქი
კოტეჯი,კ,City,ქალაქი
კოტი,კ,City,ქალაქი
კოტიკავატა,კ,City,ქალაქი
კოტკა,კ,City,ქალაქი
კოტო,კ,City,ქალაქი
კოტოკა,კ,City,ქალაქი
კოტონუ,კ,City,ქალაქი
კოტორი,კ,City,ქალაქი
კოტორო,კ,City,ქალაქი
კოტრი,კ,City,ქალაქი
კოულივილი,კ,City,ქალაქი
კოფარნიჰონი,კ,City,ქალაქი
კოფეინი,კ,Food,საკვები
კოფელე,კ,City,ქალაქი
კოფინუ,კ,City,ქალაქი
კოფლახი,კ,City,ქალაქი
კოფორიდუა,კ,City,ქალაქი
კოფრადია,კ,City,ქალაქი
კოფს ჰარბორი,კ,City,ქალაქი
კოფუ,კ,City,ქალაქი
კოქტეილი,კ,Food,საკვები
კოქტეილის,კ,Food,საკვები
კოქტეილის სოუსი,კ,Food,საკვები
კოღო,კ,Animal,ცხოველი
კოშალინი,კ,City,ქალაქი
კოშიგაია,კ,City,ქალაქი
კოშიცე,კ,City,ქალაქი
კოშტა და კაპარიკა,კ,City,ქალაქი
კოშტა-და-კაპარიკა,კ,City,ქალაქი
კოშტადაკაპარიკა,კ,City,ქალაქი
კოჩა,კ,Name,სახელი
კოჩაბამბა,კ,City,ქალაქი
კოჩანი,კ,City,ქალაქი
კოჩევიე,კ,City,ქალაქი
კოჩი,კ,City,ქალაქი
კოჩინი,კ,City,ქალაქი
კოწახური,კ,Plant,მცენარე
კოხი,კ,River,მდინარე
კოხტა,კ,Name,სახელი
კოხტლა-ნომმე,კ,City,ქალაქი
კოხტლა-ჯარვე,კ,City,ქალაქი
კოჯორი,კ,City,ქალაქი
კოჯუტეპეკე,კ,City,ქალაქი
კოჰატი,კ,City,ქალაქი
კოჰილა,კ,City,ქალაქი
კოჰტლა იარვე,კ,City,ქალაქი
კოჰტლა-იარვე,კ,City,ქალაქი
კოჰტლაიარვე,კ,City,ქალაქი
კპალიმე,კ,City,ქალაქი
კპანდე,კ,City,ქალაქი
კპანდუ,კ,City,ქალაქი
კრაბ ჰილი,კ,City,ქალაქი
კრაბატი,კ,Film,ფილმი
კრაბი,კ,City,ქალაქი
კრაგუევაცი,კ,City,ქალაქი
კრავა,კ,Plant,მცენარე
კრავაი,კ,Name,სახელი
კრავთა,კ,Film,ფილმი
კრავთა დუმილი,კ,Film,ფილმი
კრაზანა,კ,Animal,ცხოველი
კრათუმ-ბენი,კ,City,ქალაქი
კრაიოვა,კ,City,ქალაქი
კრაისტჩერჩი,კ,City,ქალაქი
კრაკოვი,კ,City,ქალაქი
კრალევო,კ,City,ქალაქი
კრალენდეიკი,კ,City,ქალაქი
კრამბამბულა,კ,Food,საკვები
კრამერი,კ,Film,ფილმი
კრამერი კრამერის წინააღმდეგ,კ,Film,ფილმი
კრანბერნი,კ,City,ქალაქი
კრანბრუკი,კ,City,ქალაქი
კრანი,კ,City,ქალაქი
კრაპინა,კ,City,ქალაქი
კრასლავა,კ,City,ქალაქი
კრასნი-ლუჩი,კ,City,ქალაქი
კრასნოდარი,კ,City,ქალაქი
კრასნოდონი,კ,City,ქალაქი
კრატოვო,კ,City,ქალაქი
კრაუტემი,კ,City,ქალაქი
კრაფერსი,კ,City,ქალაქი
კრაჩეჰი,კ,City,ქალაქი
კრახი,კ,Film,ფილმი
კრბე,კ,City,ქალაქი
კრევ კერ,კ,City,ქალაქი
კრევეტი,კ,Animal,ცხოველი
კრეიგიბერნი,კ,City,ქალაქი
კრეივო,კ,City,ქალაქი
კრემენჩუკი,კ,City,ქალაქი
კრემონა,კ,City,ქალაქი
კრემსი ან დერ დონაუ,კ,City,ქალაქი
კრესტოვკა,კ,River,მდინარე
კრეტეი,კ,City,ქალაქი
კრეტინგა,კ,City,ქალაქი
კრეფელდი,კ,City,ქალაქი
კრიბი,კ,City,ქალაქი
კრივა პალანკა,კ,City,ქალაქი
კრივა-პალანკა,კ,City,ქალაქი
კრივაპალანკა,კ,City,ქალაქი
კრივი-რიჰი,კ,City,ქალაქი
კრიზევცი,კ,City,ქალაქი
კრიზისი,კ,Film,ფილმი
კრიკოვა,კ,City,ქალაქი
კრიმინალური,კ,Film,ფილმი
კრიმინალური აზროვნება,კ,Film,ფილმი
კრინი,კ,Plant,მცენარე
კრინიცა ზდრუი,კ,City,ქალაქი
კრინიცა-ზდრუი,კ,City,ქალაქი
კრინიცაზდრუი,კ,City,ქალაქი
კრინსი,კ,City,ქალაქი
კრისტიანსტადი,კ,City,ქალაქი
კრისტიანსფელდი,კ,City,ქალაქი
კრისტიენჰამნი,კ,City,ქალაქი
კრისტოფერ,კ,Film,ფილმი
კრისტოფერ რობინი,კ,Film,ფილმი
კრიუკოვის არხი,კ,River,მდინარე
კრიულენი,კ,City,ქალაქი
კრიჩევი,კ,City,ქალაქი
კრიხიმი,კ,City,ქალაქი
კრიხულა,კ,River,მდინარე
კროიცლინგენი,კ,City,ქალაქი
კრომე-რაინი,კ,River,მდინარე
კრომველი,კ,City,ქალაქი
კრონგ კაჰ კონგი,კ,City,ქალაქი
კრონგ კები,კ,City,ქალაქი
კროონსტადი,კ,City,ქალაქი
კროსმოლინა,კ,City,ქალაქი
კროსნო,კ,City,ქალაქი
კროსტინი,კ,Food,საკვები
კრუა დე ბუკე,კ,City,ქალაქი
კრუგერსდორპი,კ,City,ქალაქი
კრუდიტე,კ,Food,საკვები
კრუდსები,კ,Film,ფილმი
კრუია,კ,City,ქალაქი
კრუჟე,კ,City,ქალაქი
კრუსესი,კ,City,ქალაქი
კრუშევო,კ,City,ქალაქი
კრშკო,კ,City,ქალაქი
კრწანისისხევი,კ,River,მდინარე
კუ,კ,Animal,ცხოველი
კუ ნინძები,კ,Film,ფილმი
კუ ნინძები ii,კ,Film,ფილმი
კუ ნინძები ii შლამის საიდუმლო,კ,Film,ფილმი
კუ ნინძები ii: შლამის საიდუმლო,კ,Film,ფილმი
კუ ნინძები iii,კ,Film,ფილმი
კუ-ნინძები,კ,Film,ფილმი
კუ! ქინ-ძა-ძა,კ,Film,ფილმი
კუა,კ,City,ქალაქი
კუალა კანგსარი,კ,City,ქალაქი
კუალა ლუმპური,კ,City,ქალაქი
კუალა სელანგორი,კ,City,ქალაქი
კუალა ტერენგანუ,კ,City,ქალაქი
კუალა-ლუმპური,კ,City,ქალაქი
კუალალუმპური,კ,City,ქალაქი
კუამბა,კ,City,ქალაქი
კუანგო,კ,City,ქალაქი
კუანდო,კ,River,მდინარე
კუანტანი,კ,City,ქალაქი
კუაპა,კ,City,ქალაქი
კუატი,კ,Food,საკვები
კუაუტიტლან ისკალი,კ,City,ქალაქი
კუაუტიტლან-ისკალი,კ,City,ქალაქი
კუაუტიტლანისკალი,კ,City,ქალაქი
კუაუტლა-მორელოსი,კ,City,ქალაქი
კუაჰი,კ,City,ქალაქი
კუბა,კ,Country,ქვეყანა
კუბა ლიბრე,კ,Food,საკვები
კუბანი,კ,River,მდინარე
კუბესი,კ,City,ქალაქი
კუბის რესპუბლიკა,კ,Country,ქვეყანა
კუბრატი,კ,City,ქალაქი
კუდატი,კ,City,ქალაქი
კუდაჰუვადჰუ,კ,City,ქალაქი
კუდიანის,კ,Film,ფილმი
კუდიანის საფოსტო სერვისი,კ,Film,ფილმი
კუდირკოს ნაუმიესტისი,კ,City,ქალაქი
კუდსაია,კ,City,ქალაქი
კუდუგუ,კ,City,ქალაქი
კუენკა,კ,City,ქალაქი
კუერნავაკა,კ,City,ქალაქი
კუესამო,კ,City,ქალაქი
კუესანკოსკი,კ,City,ქალაქი
კუეტო,კ,City,ქალაქი
კუვორდენი,კ,City,ქალაქი
კუზიანი,კ,Film,ფილმი
კუზიანი მთა,კ,Film,ფილმი
კუზიანი ნოტრ-დამიდან,კ,Film,ფილმი
კუზიანი ცხენი,კ,Film,ფილმი
კუიაბა,კ,City,ქალაქი
კუიამელი,კ,City,ქალაქი
კუიბიშევი,კ,City,ქალაქი
კუიბიშევსკი,კ,City,ქალაქი
კუილაპა,კ,City,ქალაქი
კუილუ,კ,River,მდინარე
კუინი,კ,River,მდინარე
კუისები,კ,River,მდინარე
კუიტო,კ,City,ქალაქი
კუკავა,კ,City,ქალაქი
კუკარაჩა,კ,Film,ფილმი
კუკესი,კ,City,ქალაქი
კუკის კუნძულები,კ,Country,ქვეყანა
კუკლია,კ,City,ქალაქი
კუკური,კ,Name,სახელი
კულ ურჰაჯო,კ,City,ქალაქი
კულაი,კ,City,ქალაქი
კულამუტუ,კ,City,ქალაქი
კულაუტუვა,კ,City,ქალაქი
კულაში,კ,City,ქალაქი
კულდიგა,კ,City,ქალაქი
კულიაკანი,კ,City,ქალაქი
კულიაპიტია,კ,City,ქალაქი
კულიმი,კ,City,ქალაქი
კულობი,კ,City,ქალაქი
კულუ,კ,River,მდინარე
კულციემსი,კ,City,ქალაქი
კულჰუდჰუფუში,კ,City,ქალაქი
კუმამოტო,კ,City,ქალაქი
კუმანა,კ,City,ქალაქი
კუმანაიაგუა,კ,City,ქალაქი
კუმანოვო,კ,City,ქალაქი
კუმასი,კ,City,ქალაქი
კუმბა,კ,City,ქალაქი
კუმბო,კ,City,ქალაქი
კუმისი,კ,Food,საკვები
კუმლა,კ,City,ქალაქი
კუმრა,კ,City,ქალაქი
კუნგ-ფუ,კ,Film,ფილმი
კუნგ-ფუ პანდა,კ,Film,ფილმი
კუნგელვი,კ,City,ქალაქი
კუნგეული,კ,City,ქალაქი
კუნგსბაკა,კ,City,ქალაქი
კუნდა,კ,City,ქალაქი
კუნდიავა,კ,City,ქალაქი
კუნელი,კ,Plant,მცენარე
კუნენე,კ,River,მდინარე
კუნეო,კ,City,ქალაქი
კუნმინგი,კ,City,ქალაქი
კუნმინი,კ,City,ქალაქი
კუნსანი,კ,City,ქალაქი
კუნძული,კ,Film,ფილმი
კუოპიო,კ,City,ქალაქი
კუპავოგური,კ,City,ქალაქი
კუპანგი,კ,City,ქალაქი
კუპერ-კრიკი,კ,River,მდინარე
კუპიშკისი,კ,City,ქალაქი
კუპჩინი,კ,City,ქალაქი
კურა,კ,River,მდინარე
კურაიმა,კ,City,ქალაქი
კურანილაუე,კ,City,ქალაქი
კურასაო,კ,Country,ქვეყანა
კურასიკი,კ,City,ქალაქი
კურაშიკი,კ,City,ქალაქი
კურბევუა,კ,City,ქალაქი
კურბნეში,კ,City,ქალაქი
კურგონტეპა,კ,City,ქალაქი
კურდღელი,კ,Animal,ცხოველი
კურდღელი ჯოჯო,კ,Film,ფილმი
კურდღლების,კ,Film,ფილმი
კურდღლების ამბოხება,კ,Film,ფილმი
კურე,კ,City,ქალაქი
კურესაარე,კ,City,ქალაქი
კური,კ,City,ქალაქი
კურიდაბატი,კ,City,ქალაქი
კურიკა,კ,City,ქალაქი
კურიკკა,კ,City,ქალაქი
კურიკო,კ,City,ქალაქი
კურიტიბა,კ,City,ქალაქი
კურმაიორი,კ,City,ქალაქი
კურმუკი,კ,City,ქალაქი
კურსდამთავრებული,კ,Film,ფილმი
კურსელე,კ,City,ქალაქი
კურსკი,კ,City,ქალაქი
კურტ,კ,Film,ფილმი
კურტ კობეინი,კ,Film,ფილმი
კურტ კობეინი არეული,კ,Film,ფილმი
კურტ კობეინი არეული მონტაჟი,კ,Film,ფილმი
კურტ კობეინი შვილის,კ,Film,ფილმი
კურტ კობეინი შვილის შესახებ,კ,Film,ფილმი
კურტ კობეინი: არეული მონტაჟი,კ,Film,ფილმი
კურტ კობეინი: შვილის შესახებ,კ,Film,ფილმი
კურტანი,კ,City,ქალაქი
კურტე,კ,City,ქალაქი
კურტეა-დე-არჯეში,კ,City,ქალაქი
კურუ,კ,River,მდინარე
კურუგუატი,კ,City,ქალაქი
კურუმე,კ,City,ქალაქი
კურუნეგალა,კ,City,ქალაქი
კურშენაი,კ,City,ქალაქი
კურცხანა,კ,River,მდინარე
კუსერი,კ,City,ქალაქი
კუსირო,კ,River,მდინარე
კუსკატანსინგო,კ,City,ქალაქი
კუსკო,კ,City,ქალაქი
კუსკოკუიმი,კ,River,მდინარე
კუსონგი,კ,City,ქალაქი
კუსტი,კ,City,ქალაქი
კუტაიფა,კ,City,ქალაქი
კუტიალა,კ,City,ქალაქი
კუტინა,კ,City,ქალაქი
კუტლოანონგი,კ,City,ქალაქი
კუტნო,კ,City,ქალაქი
კუტრალ-კო,კ,City,ქალაქი
კუტრეკი,კ,City,ქალაქი
კუტუმი,კ,City,ქალაქი
კუუსალუ,კ,City,ქალაქი
კუუსამო,კ,City,ქალაქი
კუფშტაინი,კ,City,ქალაქი
კუფშტეინი,კ,City,ქალაქი
კუშტია,კ,City,ქალაქი
კუშტოიაში,კ,City,ქალაქი
კუჩინგი,კ,City,ქალაქი
კუჩოვე,კ,City,ქალაქი
კუჩხი,კ,Film,ფილმი
კუჩხი ბედინერი,კ,Film,ფილმი
კუჯანგ-იუპი,კ,City,ქალაქი
კუჯირი,კ,City,ქალაქი
კუჯუაკი,კ,River,მდინარე
კუჰესტანი,კ,City,ქალაქი
კუჰმო,კ,City,ქალაქი
კფარ იონა,კ,City,ქალაქი
კფარ-იონა,კ,City,ქალაქი
კფარიონა,კ,City,ქალაქი
კապანი,კ,City,ქალაქი
ლ’აკვილა,ლ,City,ქალაქი
ლა ასუნსიონი,ლ,City,ქალაქი
ლა გომერა,ლ,City,ქალაქი
ლა გუაირა,ლ,City,ქალაქი
ლა დაგოტიერი,ლ,City,ქალაქი
ლა ენტრადა,ლ,City,ქალაქი
ლა ესპერანსა,ლ,City,ქალაქი
ლა ესპიგადილია,ლ,City,ქალაქი
ლა ვიქტორია,ლ,City,ქალაქი
ლა კაბიმა,ლ,City,ქალაქი
ლა კორუნია,ლ,City,ქალაქი
ლა კრუესი,ლ,City,ქალაქი
ლა ლაგუნა,ლ,City,ქალაქი
ლა ლახა,ლ,City,ქალაქი
ლა ლიბერტად,ლ,City,ქალაქი
ლა ლიბერტადი,ლ,City,ქალაქი
ლა ლიგუა,ლ,City,ქალაქი
ლა ლიმა,ლ,City,ქალაქი
ლა ლისა,ლ,City,ქალაქი
ლა ლომა,ლ,City,ქალაქი
ლა ლუვიერი,ლ,City,ქალაქი
ლა მანა,ლ,City,ქალაქი
ლა მასანა,ლ,City,ქალაქი
ლა მასიაკა,ლ,City,ქალაქი
ლა პაზ,ლ,City,ქალაქი
ლა პალმა,ლ,City,ქალაქი
ლა პასი,ლ,City,ქალაქი
ლა პინტადა,ლ,City,ქალაქი
ლა პლატა,ლ,City,ქალაქი
ლა რიოха,ლ,City,ქალაქი
ლა რიოხა,ლ,City,ქალაქი
ლა როშელი,ლ,City,ქალაქი
ლა სეიბა,ლ,City,ქალაქი
ლა სერენა,ლ,City,ქალაქი
ლა სიერპე,ლ,City,ქალაქი
ლა ტისა,ლ,City,ქალაქი
ლა ტრონკალი,ლ,City,ქალაქი
ლა უნიონი,ლ,City,ქალაქი
ლა ფლორიდა,ლ,City,ქალაქი
ლა შო დე ფონი,ლ,City,ქალაქი
ლა ჩორერა,ლ,City,ქალაქი
ლა ხუტოსა,ლ,City,ქალაქი
ლა-ასუნსიონი,ლ,City,ქალაქი
ლა-ბრეიტა,ლ,City,ქალაქი
ლა-გუაირა,ლ,City,ქალაქი
ლა-გულეტი,ლ,City,ქალაქი
ლა-ერადურა,ლ,City,ქალაქი
ლა-ესპერანსა,ლ,City,ქალაქი
ლა-ესპიგადილია,ლ,City,ქალაქი
ლა-ვიქტორია,ლ,City,ქალაქი
ლა-კაბიმა,ლ,City,ქალაქი
ლა-კოლმენა,ლ,City,ქალაქი
ლა-კონსეფსიონი,ლ,City,ქალაქი
ლა-კორუნია,ლ,City,ქალაქი
ლა-ლა,ლ,Film,ფილმი
ლა-ლა ლენდი,ლ,Film,ფილმი
ლა-ლიბერტადი,ლ,City,ქალაქი
ლა-ლისა,ლ,City,ქალაქი
ლა-ლომა,ლ,City,ქალაქი
ლა-მარსა,ლ,City,ქალაქი
ლა-მესა,ლ,City,ქალაქი
ლა-მიტრა,ლ,City,ქალაქი
ლა-მოჰამედია,ლ,City,ქალაქი
ლა-ოროია,ლ,City,ქალაქი
ლა-პალმა,ლ,City,ქალაქი
ლა-პალომა,ლ,City,ქალაქი
ლა-პას-დე-ორიენტე,ლ,City,ქალაქი
ლა-პას-სენტრო,ლ,City,ქალაქი
ლა-პასი,ლ,City,ქალაქი
ლა-პეკა,ლ,City,ქალაქი
ლა-პენია,ლ,City,ქალაქი
ლა-პინტადა,ლ,City,ქალაქი
ლა-პლატა,ლ,City,ქალაქი
ლა-რიოხა,ლ,City,ქალაქი
ლა-როშ-სიურ-იონი,ლ,City,ქალაქი
ლა-როშელი,ლ,City,ქალაქი
ლა-სებალა-დუ-მორნაგი,ლ,City,ქალაქი
ლა-სეინი-სიურ-მერი,ლ,City,ქალაქი
ლა-სერენა,ლ,City,ქალაქი
ლა-სიერპე,ლ,City,ქალაქი
ლა-სპეცია,ლ,City,ქალაქი
ლა-ტისა,ლ,City,ქალაქი
ლა-უნიონი,ლ,City,ქალაქი
ლა-ფლორიდა,ლ,City,ქალაქი
ლა-შო-დე-ფონი,ლ,City,ქალაქი
ლა-ჩორერა,ლ,City,ქალაქი
ლააკირხენი,ლ,City,ქალაქი
ლაასკაანოოდი,ლ,City,ქალაქი
ლაასუნსიონი,ლ,City,ქალაქი
ლაასქორაი,ლ,City,ქალაქი
ლაბ-სარი,ლ,City,ქალაქი
ლაბა,ლ,River,მდინარე
ლაბინი,ლ,City,ქალაქი
ლაბირინთში,ლ,Film,ფილმი
ლაბირინთში მორბენალი,ლ,Film,ფილმი
ლაბუანბაჯო,ლ,City,ქალაქი
ლაგდო,ლ,City,ქალაქი
ლაგედი,ლ,City,ქალაქი
ლაგოა,ლ,City,ქალაქი
ლაგოდეხი,ლ,City,ქალაქი
ლაგოდეხისწყალი,ლ,River,მდინარე
ლაგოსი,ლ,City,ქალაქი
ლაგრი,ლ,City,ქალაქი
ლაგუაირა,ლ,City,ქალაქი
ლაგუნა ბიჩი,ლ,City,ქალაქი
ლაგუნა-ბიჩი,ლ,City,ქალაქი
ლაგუნა-დე-პერლასი,ლ,City,ქალაქი
ლაგუნაბიჩი,ლ,City,ქალაქი
ლაგუში,ლ,City,ქალაქი
ლადო,ლ,Name,სახელი
ლადონი,ლ,River,მდინარე
ლაე,ლ,City,ქალაქი
ლაესპიგადილია,ლ,City,ქალაქი
ლავანგი,ლ,City,ქალაქი
ლავანდა,ლ,Plant,მცენარე
ლავანტიური,ლ,City,ქალაქი
ლავიქტორია,ლ,City,ქალაქი
ლავრენტი,ლ,Name,სახელი
ლაზარე,ლ,Name,სახელი
ლაზარეს,ლ,Film,ფილმი
ლაზარეს თავგადასავალი,ლ,Film,ფილმი
ლაზდიიაი,ლ,City,ქალაქი
ლაზი,ლ,Name,სახელი
ლაი,ლ,City,ქალაქი
ლაიაგამი,ლ,City,ქალაქი
ლაითური,ლ,City,ქალაქი
ლაილჭალა,ლ,River,მდინარე
ლაიმი,ლ,Plant,მცენარე
ლაინიოელვენი,ლ,River,მდინარე
ლაიონელ თაუნი,ლ,City,ქალაქი
ლაიუვერსი,ლ,River,მდინარე
ლაიფციგი,ლ,City,ქალაქი
ლაიშურა,ლ,River,მდინარე
ლაკაბიმა,ლ,City,ქალაქი
ლაკბე,ლ,River,მდინარე
ლაკლანი,ლ,River,მდინარე
ლაკოვია,ლ,City,ქალაქი
ლაკორუნია,ლ,City,ქალაქი
ლალა-მუსა,ლ,City,ქალაქი
ლალაპანსი,ლ,City,ქალაქი
ლალი,ლ,Name,სახელი
ლალიბელა,ლ,City,ქალაქი
ლალისა,ლ,City,ქალაქი
ლალმანირ ჰატი,ლ,City,ქალაქი
ლალმატი,ლ,City,ქალაქი
ლალმოჰანი,ლ,City,ქალაქი
ლალოვი,ლ,City,ქალაქი
ლალომა,ლ,City,ქალაქი
ლალომალავა,ლ,City,ქალაქი
ლალომანუ,ლ,City,ქალაქი
ლალომაუგა,ლ,City,ქალაქი
ლამა,ლ,Animal,ცხოველი
ლამადელენი,ლ,City,ქალაქი
ლამაზი,ლ,Film,ფილმი
ლამაზი ბიჭი,ლ,Film,ფილმი
ლამაზი და დაწყევლილი,ლ,Film,ფილმი
ლამაზმანი,ლ,Film,ფილმი
ლამანტინი,ლ,Animal,ცხოველი
ლამარა,ლ,Name,სახელი
ლამბაიეკე,ლ,City,ქალაქი
ლამბარე,ლ,City,ქალაქი
ლამბარენე,ლ,City,ქალაქი
ლამბასა,ლ,City,ქალაქი
ლამბიკი,ლ,Food,საკვები
ლამეგუ,ლ,City,ქალაქი
ლამეცია-ტერმე,ლ,City,ქალაქი
ლამზირა,ლ,Name,სახელი
ლამია,ლ,City,ქალაქი
ლამპა,ლ,City,ქალაქი
ლამპანგი,ლ,City,ქალაქი
ლამუ,ლ,City,ქალაქი
ლამუჟინი,ლ,Food,საკვები
ლანა,ლ,Name,სახელი
ლანაკენი,ლ,City,ქალაქი
ლანგენტალი,ლ,City,ქალაქი
ლანგუე,ლ,City,ქალაქი
ლანგფანგი,ლ,City,ქალაქი
ლანდვასერი,ლ,River,მდინარე
ლანდსკრუნა,ლ,City,ქალაქი
ლანო,ლ,City,ქალაქი
ლანსი,ლ,City,ქალაქი
ლანჩხუთი,ლ,City,ქალაქი
ლანჯოუ,ლ,City,ქალაქი
ლაოაგი,ლ,City,ქალაქი
ლაოს სახალხო დემოკრატიული რესპუბლიკა,ლ,Country,ქვეყანა
ლაოსი,ლ,Country,ქვეყანა
ლაოსის სახალხო დემოკრატიული რესპუბლიკა,ლ,Country,ქვეყანა
ლაპალმა,ლ,City,ქალაქი
ლაპასი,ლ,City,ქალაქი
ლაპეენრანტა,ლ,City,ქალაქი
ლაპინტადა,ლ,City,ქალაქი
ლაპიტოსი,ლ,City,ქალაქი
ლაპლატა,ლ,City,ქალაქი
ლაპუ-ლაპუ,ლ,City,ქალაქი
ლაპუა,ლ,City,ქალაქი
ლაპუტა,ლ,Film,ფილმი
ლაპუტა ციური კოშკი,ლ,Film,ფილმი
ლაპუტა: ციური კოშკი,ლ,Film,ფილმი
ლარ გერდი,ლ,City,ქალაქი
ლარა,ლ,Film,ფილმი
ლარა კროფტი,ლ,Film,ფილმი
ლარა კროფტი სამარხების,ლ,Film,ფილმი
ლარა კროფტი სამარხების მძარცველი,ლ,Film,ფილმი
ლარა კროფტი: სამარხების მძარცველი,ლ,Film,ფილმი
ლარაკვაკვა,ლ,River,მდინარე
ლარანჟეირუ,ლ,City,ქალაქი
ლარაში,ლ,City,ქალაქი
ლარბა,ლ,City,ქალაქი
ლარედო,ლ,City,ქალაქი
ლარეინაგა,ლ,City,ქალაქი
ლარი,ლ,Film,ფილმი
ლარი და სტივი,ლ,Film,ფილმი
ლარიოხა,ლ,City,ქალაქი
ლარის,ლ,Film,ფილმი
ლარის ცხოვრება,ლ,Film,ფილმი
ლარისა,ლ,City,ქალაქი
ლარკანა,ლ,City,ქალაქი
ლარნაკა,ლ,City,ქალაქი
ლაროვანისწყალი,ლ,River,მდინარე
ლაროკე,ლ,City,ქალაქი
ლაროშელი,ლ,City,ქალაქი
ლაროშეტი,ლ,City,ქალაქი
ლას ანიმასი,ლ,City,ქალაქი
ლას გუიას ორიენტე,ლ,City,ქალაქი
ლას ვეგას,ლ,City,ქალაქი
ლას ვეგასი,ლ,City,ქალაქი
ლას კალერა,ლ,City,ქალაქი
ლას კუმბრესი,ლ,City,ქალაქი
ლას პალმასი,ლ,City,ქალაქი
ლას პალმასი დე გრან კანარია,ლ,City,ქალაქი
ლას პიედრასი,ლ,City,ქალაქი
ლას როსასი დე მადრიდი,ლ,City,ქალაქი
ლას ტროხეს,ლ,City,ქალაქი
ლას ტუნასი,ლ,City,ქალაქი
ლას-გუიას-ორიენტე,ლ,City,ქალაქი
ლას-ვეგასი,ლ,City,ქალაქი
ლას-ვეგასის,ლ,Film,ფილმი
ლას-ვეგასის დატოვებისას,ლ,Film,ფილმი
ლას-კუმბრესი,ლ,City,ქალაქი
ლას-ლომასი,ლ,City,ქალაქი
ლას-პალმასი,ლ,City,ქალაქი
ლას-პალომასი,ლ,City,ქალაქი
ლას-პიედრასი,ლ,City,ქალაქი
ლას-ტაბლასი,ლ,City,ქალაქი
ლას-ტოსკასი,ლ,City,ქალაქი
ლას-ტუნასი,ლ,City,ქალაქი
ლასგუიასორიენტე,ლ,City,ქალაქი
ლასერენა,ლ,City,ქალაქი
ლასვეგასი,ლ,City,ქალაქი
ლასიერპე,ლ,City,ქალაქი
ლასილი,ლ,River,მდინარე
ლასკადურა,ლ,River,მდინარე
ლასკანო,ლ,City,ქალაქი
ლასკაჰობასი,ლ,City,ქალაქი
ლასკუმბრესი,ლ,City,ქალაქი
ლასპალმასი,ლ,City,ქალაქი
ლასპიედრასი,ლ,City,ქალაქი
ლასტუნასი,ლ,City,ქალაქი
ლასტურსვილი,ლ,City,ქალაქი
ლატა,ლ,City,ქალაქი
ლატავრა,ლ,Name,სახელი
ლატაკია,ლ,City,ქალაქი
ლატაკუნგა,ლ,City,ქალაქი
ლატვია,ლ,Country,ქვეყანა
ლატვიის რესპუბლიკა,ლ,Country,ქვეყანა
ლატინა,ლ,City,ქალაქი
ლატისა,ლ,City,ქალაქი
ლაუგარვატნი,ლ,City,ქალაქი
ლაუკა,ლ,City,ქალაქი
ლაუნსესტონი,ლ,City,ქალაქი
ლაურა,ლ,Name,სახელი
ლაუტარი,ლ,Film,ფილმი
ლაუტარო,ლ,City,ქალაქი
ლაუტერახი,ლ,City,ქალაქი
ლაფია,ლ,City,ქალაქი
ლაფიაგი,ლ,City,ქალაქი
ლაფიანხევი,ლ,River,მდინარე
ლაფითოსი,ლ,City,ქალაქი
ლაფლორიდა,ლ,City,ქალაქი
ლაქი ჰილი,ლ,City,ქალაქი
ლაქნაუ,ლ,City,ქალაქი
ლაქტასი,ლ,City,ქალაქი
ლაქშამი,ლ,City,ქალაქი
ლაქშმიპური,ლ,City,ქალაქი
ლაღიძის,ლ,Food,საკვები
ლაღიძის წყალი,ლ,Food,საკვები
ლაღუათი,ლ,City,ქალაქი
ლაშა,ლ,Name,სახელი
ლაშიო,ლ,City,ქალაქი
ლაშიფსე,ლ,River,მდინარე
ლაშკო,ლ,City,ქალაქი
ლაშოდეფონი,ლ,City,ქალაქი
ლაშქარა,ლ,Name,სახელი
ლაჩენი,ლ,River,მდინარე
ლაჩორერა,ლ,City,ქალაქი
ლაჩუნგი,ლ,River,მდინარე
ლაცი,ლ,City,ქალაქი
ლახამი,ლ,River,მდინარე
ლახასი,ლ,City,ქალაქი
ლახდარია,ლ,City,ქალაქი
ლახტი,ლ,City,ქალაქი
ლაჯანურა,ლ,River,მდინარე
ლაჯანურჰესი,ლ,City,ქალაქი
ლაჰად დატუ,ლ,City,ქალაქი
ლაჰიჯი,ლ,City,ქალაქი
ლაჰორი,ლ,City,ქალაქი
ლე ბორგნი,ლ,City,ქალაქი
ლე მანი,ლ,City,ქალაქი
ლე ოშე,ლ,City,ქალაქი
ლე-მანი,ლ,City,ქალაქი
ლე-შატელარი,ლ,City,ქალაქი
ლეა,ლ,River,მდინარე
ლებო,ლ,City,ქალაქი
ლეგა,ლ,Name,სახელი
ლეგანესი,ლ,City,ქალაქი
ლეგასპი,ლ,City,ქალაქი
ლეგასპი-პორტი,ლ,City,ქალაქი
ლეგენდა,ლ,Film,ფილმი
ლეგენდა მაძიებელზე,ლ,Film,ფილმი
ლეგენდა პიანისტზე,ლ,Film,ფილმი
ლეგიონოვო,ლ,City,ქალაქი
ლეგნიცა,ლ,City,ქალაქი
ლედი,ლ,Film,ფილმი
ლედი და მაწანწალა,ლ,Film,ფილმი
ლედი ქრება,ლ,Film,ფილმი
ლედიბაგი,ლ,Animal,ცხოველი
ლევალუა-პერე,ლ,City,ქალაქი
ლევან,ლ,Name,სახელი
ლევან ხიდაშელი,ლ,Film,ფილმი
ლევანი,ლ,Name,სახელი
ლევენი,ლ,City,ქალაქი
ლევერკუზენი,ლ,City,ქალაქი
ლევი,ლ,City,ქალაქი
ლევიათანი,ლ,Film,ფილმი
ლევინი,ლ,City,ქალაქი
ლევისი,ლ,City,ქალაქი
ლევოჩა,ლ,City,ქალაქი
ლევსკი,ლ,City,ქალაქი
ლევუკა,ლ,City,ქალაქი
ლეთემი,ლ,City,ქალაქი
ლეია,ლ,City,ქალაქი
ლეიდენი,ლ,City,ქალაქი
ლეიდსე-რაინი,ლ,River,მდინარე
ლეიკსლიპი,ლ,City,ქალაქი
ლეილა,ლ,Name,სახელი
ლეინსბორო ბალილიგი,ლ,City,ქალაქი
ლეინსბორო-ბალილიგი,ლ,City,ქალაქი
ლეინსბორობალილიგი,ლ,City,ქალაქი
ლეირია,ლ,City,ქალაქი
ლეკთარეში,ლ,River,მდინარე
ლეკი,ლ,River,მდინარე
ლეკონი,ლ,City,ქალაქი
ლეკუ,ლ,City,ქალაქი
ლელა,ლ,Name,სახელი
ლელი,ლ,Plant,მცენარე
ლელიდორპი,ლ,City,ქალაქი
ლელისტადი,ლ,City,ქალაქი
ლელო,ლ,Name,სახელი
ლემანი,ლ,City,ქალაქი
ლემბანგი,ლ,City,ქალაქი
ლემვიგი,ლ,City,ქალაქი
ლემინგი,ლ,Animal,ცხოველი
ლემონი,ლ,Film,ფილმი
ლემონი სნიკეტი,ლ,Film,ფილმი
ლემონი სნიკეტი 33 უიღბლობა,ლ,Film,ფილმი
ლემონი სნიკეტი: 33 უიღბლობა,ლ,Film,ფილმი
ლემპალა,ლ,City,ქალაქი
ლემური,ლ,Animal,ცხოველი
ლენა,ლ,Name,სახელი
ლენარტ-ვ-სლოვენსკიხ-გორიცახ,ლ,City,ქალაქი
ლენგერი,ლ,City,ქალაქი
ლენდავა,ლ,City,ქალაქი
ლენი,ლ,Film,ფილმი
ლენინგრადი,ლ,City,ქალაქი
ლენტეხი,ლ,City,ქალაქი
ლენტვარისი,ლ,City,ქალაქი
ლეო,ლ,Name,სახელი
ლეობენი,ლ,City,ქალაქი
ლეოგანი,ლ,City,ქალაქი
ლეოვა,ლ,City,ქალაქი
ლეონარდო,ლ,Film,ფილმი
ლეონარისო,ლ,City,ქალაქი
ლეონგათა,ლ,City,ქალაქი
ლეონდინგი,ლ,City,ქალაქი
ლეონი,ლ,City,ქალაქი
ლეონი პროფესიონალი,ლ,Film,ფილმი
ლეონი: პროფესიონალი,ლ,Film,ფილმი
ლეონიდე,ლ,Name,სახელი
ლეონტი,ლ,Name,სახელი
ლეოპარდი,ლ,Animal,ცხოველი
ლეპავირტა,ლ,City,ქალაქი
ლეპოგლავა,ლ,City,ქალაქი
ლეჟა,ლ,City,ქალაქი
ლეჟე,ლ,City,ქალაქი
ლერე,ლ,City,ქალაქი
ლერესი,ლ,River,მდინარე
ლერი,ლ,City,ქალაქი
ლერიკი,ლ,City,ქალაქი
ლერუმი,ლ,City,ქალაქი
ლეს ანგლეი,ლ,City,ქალაქი
ლეს ესკალდესი,ლ,City,ქალაქი
ლეს იროი,ლ,City,ქალაქი
ლეს კაეს,ლ,City,ქალაქი
ლესა-და-პალმეირა,ლ,City,ქალაქი
ლესელიძე,ლ,City,ქალაქი
ლესი,ლ,Film,ფილმი
ლესკოვაცი,ლ,City,ქალაქი
ლესკოვიკი,ლ,City,ქალაქი
ლესკურა,ლ,River,მდინარე
ლესოთო,ლ,Country,ქვეყანა
ლესოთოს სამეფო,ლ,Country,ქვეყანა
ლესოტო,ლ,Country,ქვეყანა
ლესცე,ლ,City,ქალაქი
ლეტბრიჯი,ლ,City,ქალაქი
ლეტერკენი,ლ,City,ქალაქი
ლეტკა,ლ,River,მდინარე
ლეტოგო,ლ,City,ქალაქი
ლეტპანდანი,ლ,City,ქალაქი
ლეუა,ლ,City,ქალაქი
ლეუვარდენი,ლ,City,ქალაქი
ლეულუმოეგა,ლ,City,ქალაქი
ლეუსოალი,ლ,City,ქალაქი
ლეუშერი,ლ,River,მდინარე
ლეფკა,ლ,City,ქალაქი
ლეფკონიკო,ლ,City,ქალაქი
ლექსინგტონი,ლ,City,ქალაქი
ლექსო,ლ,Name,სახელი
ლეღვი,ლ,Plant,მცენარე
ლეშნო,ლ,City,ქალაქი
ლეჩე,ლ,City,ქალაქი
ლეჩი,ლ,Name,სახელი
ლეხი,ლ,River,მდინარე
ლეხიდარი,ლ,River,მდინარე
ლეხურა,ლ,River,მდინარე
ლეჯამანი,ლ,City,ქალაქი
ლეჰავიმი,ლ,City,ქალაქი
ლვივი,ლ,City,ქალაქი
ლვოვი,ლ,City,ქალაქი
ლია,ლ,Name,სახელი
ლია პაპა,ლ,Film,ფილმი
"ლია, პაპა",ლ,Film,ფილმი
"ლია, პაპა და პატარა მედოლე",ლ,Film,ფილმი
ლიაоянგი,ლ,City,ქალაქი
ლიანა,ლ,Name,სახელი
ლიანდაგები,ლ,Film,ფილმი
ლიანო დე პიედრა,ლ,City,ქალაქი
ლიანო ლარგო,ლ,City,ქალაქი
ლიანო მარინი,ლ,City,ქალაქი
ლიანო-დე-პიედრა,ლ,City,ქალაქი
ლიანო-ლარგო,ლ,City,ქალაქი
ლიანო-მარინი,ლ,City,ქალაქი
ლიანოდეპიედრა,ლ,City,ქალაქი
ლიანოლარგო,ლ,City,ქალაქი
ლიანომარინი,ლ,City,ქალაქი
ლიანტონდე,ლ,City,ქალაქი
ლიასკოვეცი,ლ,City,ქალაქი
ლიახვი,ლ,River,მდინარე
ლიბანი,ლ,Country,ქვეყანა
ლიბანის რესპუბლიკა,ლ,Country,ქვეყანა
ლიბერია,ლ,City,ქალაქი
ლიბერიის რესპუბლიკა,ლ,Country,ქვეყანა
ლიბერტადი,ლ,City,ქალაქი
ლიბერტადორ გენერალ სან მარტინი,ლ,City,ქალაქი
ლიბია,ლ,Country,ქვეყანა
ლიბიის რესპუბლიკა,ლ,Country,ქვეყანა
ლიბოჰოვე,ლ,City,ქალაქი
ლიბრაჟდ-ცენდერი,ლ,City,ქალაქი
ლიბრევილი,ლ,City,ქალაქი
ლიგატნე,ლ,City,ქალაქი
ლიდა,ლ,City,ქალაქი
ლიდია,ლ,Name,სახელი
ლიდინგე,ლ,City,ქალაქი
ლიდისე,ლ,City,ქალაქი
ლიდო-დი-რომა,ლ,City,ქალაქი
ლიდჩეპინგი,ლ,City,ქალაქი
ლიეიდა,ლ,City,ქალაქი
ლიეკსა,ლ,City,ქალაქი
ლიელვარდე,ლ,City,ქალაქი
ლიელუპე,ლ,River,მდინარე
ლიენცი,ლ,City,ქალაქი
ლიეპაია,ლ,City,ქალაქი
ლიეჟი,ლ,City,ქალაქი
ლიეტო,ლ,City,ქალაქი
ლიეტუა,ლ,Country,ქვეყანა
ლიეტუვა,ლ,Country,ქვეყანა
ლივადია,ლ,City,ქალაქი
ლივადჰეტი,ლ,City,ქალაქი
ლივანი,ლ,City,ქალაქი
ლივერპული,ლ,City,ქალაქი
ლივია,ლ,Name,სახელი
ლივინგსტონი,ლ,City,ქალაქი
ლივინგსტონია,ლ,City,ქალაქი
ლივნო,ლ,City,ქალაქი
ლივონდე,ლ,City,ქალაქი
ლივორნო,ლ,City,ქალაქი
ლიზა,ლ,Name,სახელი
ლიზი,ლ,Name,სახელი
ლითროდონდასი,ლ,City,ქალაქი
ლიკა,ლ,Name,სახელი
ლიკანი,ლ,City,ქალაქი
ლიკასი,ლ,City,ქალაქი
ლილე,ლ,Name,სახელი
ლილეროდი,ლ,City,ქალაქი
ლილი,ლ,City,ქალაქი
ლილია,ლ,Plant,მცენარე
ლილიანა,ლ,Name,სახელი
ლილო,ლ,Film,ფილმი
ლილო და სტიჩი,ლ,Film,ფილმი
ლილონგვე,ლ,City,ქალაქი
ლილუ,ლ,Name,სახელი
ლიმა,ლ,City,ქალაქი
ლიმაი,ლ,River,მდინარე
ლიმასოლი,ლ,City,ქალაქი
ლიმასოლო,ლ,City,ქალაქი
ლიმატი,ლ,River,მდინარე
ლიმაჩევი,ლ,City,ქალაქი
ლიმბანგი,ლ,City,ქალაქი
ლიმბაჟი,ლ,City,ქალაქი
ლიმბე,ლ,City,ქალაქი
ლიმბი,ლ,City,ქალაქი
ლიმბუსი,ლ,City,ქალაქი
ლიმეადი,ლ,Food,საკვები
ლიმეირა,ლ,City,ქალაქი
ლიმერიკი,ლ,City,ქალაქი
ლიმინგტონი,ლ,City,ქალაქი
ლიმონადა,ლ,City,ქალაქი
ლიმონათი,ლ,Food,საკვები
ლიმონარი,ლ,City,ქალაქი
ლიმონი,ლ,Plant,მცენარე
ლიმონის,ლ,Film,ფილმი
ლიმონის ტორტი,ლ,Film,ფილმი
ლიმოჟი,ლ,City,ქალაქი
ლიმპია,ლ,City,ქალაქი
ლიმპიო,ლ,City,ქალაქი
ლიმპოპო,ლ,River,მდინარე
ლიმულუნგა,ლ,City,ქალაქი
ლიმურუ,ლ,City,ქალაქი
ლინა,ლ,River,მდინარე
ლინარესი,ლ,City,ქალაქი
ლინგე,ლ,River,მდინარე
ლინგონი,ლ,City,ქალაქი
ლინდა-ა-ველია,ლ,City,ქალაქი
ლინდენი,ლ,City,ქალაქი
ლინთი,ლ,River,მდინარე
ლინკოლნი,ლ,City,ქალაქი
ლინკუვა,ლ,City,ქალაქი
ლინსტედი,ლ,City,ქალაქი
ლინტგენი,ლ,City,ქალაქი
ლინჩეპინგი,ლ,City,ქალაქი
ლინცი,ლ,City,ქალაქი
ლიობრეგატი,ლ,River,მდინარე
ლიონი,ლ,City,ქალაქი
ლიოპეტრი,ლ,City,ქალაქი
ლიორენტი,ლ,City,ქალაქი
ლიპა,ლ,City,ქალაქი
ლიპარიტ,ლ,Name,სახელი
ლიპერი,ლ,City,ქალაქი
ლიპეცკი,ლ,City,ქალაქი
ლიპკანი,ლ,City,ქალაქი
ლიჟი,ლ,City,ქალაქი
ლირა,ლ,City,ქალაქი
ლირო,ლ,River,მდინარე
ლისაბონი,ლ,City,ქალაქი
ლისაკოვსკი,ლ,City,ქალაქი
ლისალა,ლ,City,ქალაქი
ლისბონი,ლ,Food,საკვები
ლისიჩანსკი,ლ,City,ქალაქი
ლისმორი,ლ,City,ქალაქი
ლისტონი,ლ,City,ქალაქი
ლისტოუელი,ლ,City,ქალაქი
ლისტრუპი,ლ,City,ქალაქი
ლიტა,ლ,Name,სახელი
ლიტაუ,ლ,City,ქალაქი
ლიტეინი,ლ,City,ქალაქი
ლიტვა,ლ,Country,ქვეყანა
ლიტვის რესპუბლიკა,ლ,Country,ქვეყანა
ლიტია,ლ,City,ქალაქი
ლიტლ რაისი,ლ,City,ქალაქი
ლიტლ-რაისი,ლ,City,ქალაქი
ლიტლი-არსკოგსსანდური,ლ,City,ქალაქი
ლიტლრაისი,ლ,City,ქალაქი
ლიუბა,ლ,Name,სახელი
ლიუბეკი,ლ,City,ქალაქი
ლიუბიმეცი,ლ,City,ქალაქი
ლიუბლიანა,ლ,City,ქალაქი
ლიუბუშკი,ლ,City,ქალაქი
ლიუდმილა,ლ,Name,სახელი
ლიუიშუნი,ლ,City,ქალაქი
ლიუნგბიუ,ლ,City,ქალაქი
ლიუნენი,ლ,City,ქალაქი
ლიუტომერი,ლ,City,ქალაქი
ლიფი,ლ,River,მდინარე
ლიქიორი,ლ,Food,საკვები
ლიშა,ლ,City,ქალაქი
ლიშინგა,ლ,City,ქალაქი
ლიძიანი,ლ,City,ქალაქი
ლიხტენბურგი,ლ,City,ქალაქი
ლიხტენშტაინი,ლ,Country,ქვეყანა
ლიხტენშტაინის სამთავრო,ლ,Country,ქვეყანა
ლიხტენშტეინი,ლ,Country,ქვეყანა
ლიჰულა,ლ,City,ქალაქი
ლლაილაი,ლ,City,ქალაქი
ლოა,ლ,River,მდინარე
ლოა ჯანანი,ლ,City,ქალაქი
ლობამბა,ლ,City,ქალაქი
ლობიო,ლ,Plant,მცენარე
ლობიტო,ლ,City,ქალაქი
ლობიტუ,ლ,City,ქალაქი
ლოგანი,ლ,Film,ფილმი
ლოგატეცი,ლ,City,ქალაქი
ლოგონი,ლ,River,მდინარე
ლოგრონიო,ლ,City,ქალაქი
ლოდვარი,ლ,City,ქალაქი
ლოდი,ლ,City,ქალაქი
ლოდჰრანი,ლ,City,ქალაქი
ლოეი,ლ,City,ქალაქი
ლოვეჩი,ლ,City,ქალაქი
ლოვრენც-ნა-პოჰორიუ,ლ,City,ქალაქი
ლოზანა,ლ,City,ქალაქი
ლოზოვა,ლ,City,ქალაქი
ლოიადა,ლ,City,ქალაქი
ლოიანი,ლ,City,ქალაქი
ლოიდელანჟი,ლ,City,ქალაქი
ლოიდმინსტერი,ლ,City,ქალაქი
ლოიიანგალანი,ლ,City,ქალაქი
ლოიკო,ლ,City,ქალაქი
ლოისიოსი,ლ,River,მდინარე
ლოკარნო,ლ,City,ქალაქი
ლოკბატანი,ლ,City,ქალაქი
ლოკერენი,ლ,City,ქალაქი
ლოკიჩოკიო,ლ,City,ქალაქი
ლოკოკინა,ლ,Animal,ცხოველი
ლოკოსა,ლ,City,ქალაქი
ლოლა,ლ,Name,სახელი
ლოლე,ლ,City,ქალაქი
ლოლიტა,ლ,Film,ფილმი
ლოლოდორფი,ლ,City,ქალაქი
ლოლუა,ლ,City,ქალაქი
ლომამი,ლ,River,მდინარე
ლომას დე სარგენტილიო,ლ,City,ქალაქი
ლომე,ლ,City,ქალაქი
ლომელი,ლ,City,ქალაქი
ლომი,ლ,City,ქალაქი
ლომი ზამთარში,ლ,Film,ფილმი
ლომჟა,ლ,City,ქალაქი
ლონგ ბიჩი,ლ,City,ქალაქი
ლონგ მაუნთინი,ლ,City,ქალაქი
ლონგ-ბიჩი,ლ,City,ქალაქი
ლონგბიჩი,ლ,City,ქალაქი
ლონგირი,ლ,City,ქალაქი
ლონგონჯო,ლ,City,ქალაქი
ლონგფორდი,ლ,City,ქალაქი
ლონდა,ლ,Name,სახელი
ლონდიანი,ლ,City,ქალაქი
ლონდონი,ლ,City,ქალაქი
ლონდონური,ლ,Food,საკვები
ლონდონური ნისლი,ლ,Food,საკვები
ლონდრე,ლ,Film,ფილმი
ლონდრინა,ლ,City,ქალაქი
ლონკოჩე,ლ,City,ქალაქი
ლოო,ლ,City,ქალაქი
ლოპ-ბური,ლ,City,ქალაქი
ლოპანისწყალი,ლ,River,მდინარე
ლოპოტა,ლ,River,მდინარე
ლოჟა,ლ,City,ქალაქი
ლორაქსი,ლ,Film,ფილმი
ლორე,ლ,City,ქალაქი
ლორენგაუ,ლ,City,ქალაქი
ლორეში,ლ,City,ქალაქი
ლორიენი,ლ,City,ქალაქი
ლორკა,ლ,City,ქალაქი
ლოროზა,ლ,City,ქალაქი
ლოს ალგარობოსი,ლ,City,ქალაქი
ლოს ანასტასიოსი,ლ,City,ქალაქი
ლოს ანდესი,ლ,City,ქალაქი
ლოს ანხელესი,ლ,City,ქალაქი
ლოს ანჯელესი,ლ,City,ქალაქი
ლოს არაბოსი,ლ,City,ქალაქი
ლოს მოჩისი,ლ,City,ქალაქი
ლოს პალასიოსი,ლ,City,ქალაქი
ლოს პოლიოსი,ლ,City,ქალაქი
ლოს ტეკესი,ლ,City,ქალაქი
ლოს ჩილესი,ლ,City,ქალაქი
ლოს-ალგარობოსი,ლ,City,ქალაქი
ლოს-ანასტასიოსი,ლ,City,ქალაქი
ლოს-ანჯელესი,ლ,City,ქალაქი
ლოს-არაბოსი,ლ,City,ქალაქი
ლოს-ბანიოსი,ლ,City,ქალაქი
ლოს-მოჩისი,ლ,City,ქალაქი
ლოს-პალასიოსი,ლ,City,ქალაქი
ლოს-პოლიოსი,ლ,City,ქალაქი
ლოს-რეიესი,ლ,City,ქალაქი
ლოს-სანტოსი,ლ,City,ქალაქი
ლოს-სედრალესი,ლ,City,ქალაქი
ლოს-სერილოსი,ლ,City,ქალაქი
ლოს-ტეკესი,ლ,City,ქალაქი
ლოსალგარობოსი,ლ,City,ქალაქი
ლოსანასტასიოსი,ლ,City,ქალაქი
ლოსანჯელესი,ლ,City,ქალაქი
ლოსარაბოსი,ლ,City,ქალაქი
ლოსი,ლ,Animal,ცხოველი
ლოსმოჩისი,ლ,City,ქალაქი
ლოსპალასიოსი,ლ,City,ქალაქი
ლოსპოლიოსი,ლ,City,ქალაქი
ლოსტეკესი,ლ,City,ქალაქი
ლოტა,ლ,City,ქალაქი
ლოტოკო,ლ,Food,საკვები
ლოტოფაგა,ლ,City,ქალაქი
ლოუერ ჰატი,ლ,City,ქალაქი
ლოუერ-ჰატი,ლ,City,ქალაქი
ლოუერჰატი,ლ,City,ქალაქი
ლოულე,ლ,City,ქალაქი
ლოურენს,ლ,Film,ფილმი
ლოურენს არაბი,ლ,Film,ფილმი
ლოურეში,ლ,City,ქალაქი
ლოქისწყალი,ლ,River,მდინარე
ლოქსა,ლ,City,ქალაქი
ლოცვა,ლ,Film,ფილმი
ლოცვა ბობისათვის,ლ,Film,ფილმი
ლოძი,ლ,City,ქალაქი
ლოჭინი,ლ,River,მდინარე
ლოხა,ლ,City,ქალაქი
ლოხიო,ლ,City,ქალაქი
ლოხრეი,ლ,City,ქალაქი
ლოჯა,ლ,City,ქალაქი
ლუანგვა,ლ,City,ქალაქი
ლუანგნამტჰა,ლ,City,ქალაქი
ლუანგპრაბანგი,ლ,City,ქალაქი
ლუანდა,ლ,City,ქალაქი
ლუანშია,ლ,City,ქალაქი
ლუანჩენი,ლ,City,ქალაქი
ლუაპულა,ლ,River,მდინარე
ლუარა,ლ,River,მდინარე
ლუარსაბ,ლ,Name,სახელი
ლუაუ,ლ,City,ქალაქი
ლუბა,ლ,City,ქალაქი
ლუბანა,ლ,City,ქალაქი
ლუბანგო,ლ,City,ქალაქი
ლუბინი,ლ,City,ქალაქი
ლუბლიანა,ლ,City,ქალაქი
ლუბლინი,ლ,City,ქალაქი
ლუბნი,ლ,City,ქალაქი
ლუბუკლინგაუ,ლ,City,ქალაქი
ლუბუმბაში,ლ,City,ქალაქი
ლუგაზი,ლ,City,ქალაქი
ლუგანო,ლ,City,ქალაქი
ლუგო,ლ,City,ქალაქი
ლუგოვოი,ლ,City,ქალაქი
ლუგოჟი,ლ,City,ქალაქი
ლუგულუ,ლ,City,ქალაქი
ლუდბრეგი,ლ,City,ქალაქი
ლუდერიცი,ლ,City,ქალაქი
ლუდვიგი,ლ,Film,ფილმი
ლუდვიგსბურგი,ლ,City,ქალაქი
ლუდვიგსჰაფენი რაინზე,ლ,City,ქალაქი
ლუდვიკა,ლ,City,ქალაქი
ლუდი,ლ,Food,საკვები
ლუდი აზერბაიჯანში,ლ,Food,საკვები
ლუდი საქართველოში,ლ,Food,საკვები
ლუდი ჩინეთში,ლ,Food,საკვები
ლუდსახარში,ლ,Food,საკვები
ლუდსახარში ნატახტარი,ლ,Food,საკვები
ლუდსახარში ჩერნა ჰორა,ლ,Food,საკვები
ლუდსახარში ჩერნა-ჰორა,ლ,Food,საკვები
ლუდჰიანა,ლ,City,ქალაქი
ლუებო,ლ,City,ქალაქი
ლუენა,ლ,City,ქალაქი
ლუვენი-ლა-ნევი,ლ,City,ქალაქი
ლუვერო,ლ,City,ქალაქი
ლუვინგე,ლ,City,ქალაქი
ლუიდას ვეილი,ლ,City,ქალაქი
ლუიზა,ლ,Name,სახელი
ლუინ,ლ,Film,ფილმი
ლუინ დეივისის შიგნით,ლ,Film,ფილმი
ლუის-ტრიხარდტი,ლ,City,ქალაქი
ლუისბორო,ლ,City,ქალაქი
ლუისვილი,ლ,City,ქალაქი
ლუისი,ლ,Film,ფილმი
ლუისი და კლარკი,ლ,Film,ფილმი
ლუისი და კლარკი სუპერმენის ახალი თავგადასავლები,ლ,Film,ფილმი
ლუისი და კლარკი: სუპერმენის ახალი თავგადასავლები,ლ,Film,ფილმი
ლუკა,ლ,City,ქალაქი
ლუკაპა,ლ,City,ქალაქი
ლუკასი,ლ,Name,სახელი
ლუკე,ლ,City,ქალაქი
ლუკოვიტი,ლ,City,ქალაქი
ლუკულუ,ლ,City,ქალაქი
ლულადა,ლ,Food,საკვები
ლულებურგაზი,ლ,City,ქალაქი
ლულეელვენი,ლ,River,მდინარე
ლულეო,ლ,City,ქალაქი
ლუმაჯანგი,ლ,City,ქალაქი
ლუმბვა,ლ,City,ქალაქი
ლუმეჟე,ლ,City,ქალაქი
ლუმი,ლ,City,ქალაქი
ლუმპია,ლ,Food,საკვები
ლუმპია გორენგი,ლ,Food,საკვები
ლუმპიანგ,ლ,Food,საკვები
ლუმპიანგ კესო,ლ,Food,საკვები
ლუმუტი,ლ,City,ქალაქი
ლუმფათი,ლ,City,ქალაქი
ლუნა,ლ,River,მდინარე
ლუნდაზი,ლ,City,ქალაქი
ლუნდი,ლ,City,ქალაქი
ლუნენბურგი,ლ,City,ქალაქი
ლუოიანგი,ლ,City,ქალაქი
ლუპენ,ლ,Film,ფილმი
ლუპენ iii,ლ,Film,ფილმი
ლუპენ iii კალიოსტროს სასახლე,ლ,Film,ფილმი
ლუპენ iii: კალიოსტროს სასახლე,ლ,Film,ფილმი
ლუპენი,ლ,City,ქალაქი
ლურინი,ლ,River,მდინარე
ლურსმანი,ლ,Film,ფილმი
ლურსმანი ჩექმაში,ლ,Film,ფილმი
ლურჯი,ლ,Film,ფილმი
ლურჯი ხავერდი,ლ,Film,ფილმი
ლუსაილი,ლ,City,ქალაქი
ლუსაკა,ლ,City,ქალაქი
ლუსენა,ლ,City,ქალაქი
ლუსია,ლ,City,ქალაქი
ლუსტენაუ,ლ,City,ქალაქი
ლუუყი,ლ,City,ქალაქი
ლუფილუფი,ლ,City,ქალაქი
ლუქსემბურგი,ლ,City,ქალაქი
ლუქსემბურგის დიდი საჰერცოგო,ლ,Country,ქვეყანა
ლუქსემბური,ლ,City,ქალაქი
ლუქსენბურგი,ლ,Country,ქვეყანა
ლუქსორი,ლ,City,ქალაქი
ლუშnje,ლ,City,ქალაქი
ლუჩენზა,ლ,City,ქალაქი
ლუცერნი,ლ,City,ქალაქი
ლუცია,ლ,City,ქალაქი
ლუძა,ლ,City,ქალაქი
ლუხანი,ლ,City,ქალაქი
ლუხუმ,ლ,Name,სახელი
ლუხუნი,ლ,River,მდინარე
ლუხუტა,ლ,River,მდინარე
ლჭაშენი,ლ,City,ქალაქი
ლჰასა,ლ,City,ქალაქი
მөрონი,მ,City,ქალაქი
მაალე ადუმიმი,მ,City,ქალაქი
მაალე-ადუმიმი,მ,City,ქალაქი
მაალეადუმიმი,მ,City,ქალაქი
მაალოთ თარშიხა,მ,City,ქალაქი
მაალოთ-თარშიხა,მ,City,ქალაქი
მაალოთთარშიხა,მ,City,ქალაქი
მაამბა,მ,City,ქალაქი
მაანიკვარა,მ,River,მდინარე
მაარათ ელ ნუუმანი,მ,City,ქალაქი
მაარათ-ელ-ნუუმანი,მ,City,ქალაქი
მაარათელნუუმანი,მ,City,ქალაქი
მაარდუ,მ,City,ქალაქი
მაარსენი,მ,City,ქალაქი
მაასი,მ,River,მდინარე
მაასლეისი,მ,City,ქალაქი
მაასტრიხტი,მ,City,ქალაქი
მაბალაკატი,მ,City,ქალაქი
მაბარუმა,მ,City,ქალაქი
მაბოპანე,მ,City,ქალაქი
მაგადი,მ,City,ქალაქი
მაგანა,მ,River,მდინარე
მაგარია,მ,City,ქალაქი
მაგდა,მ,Name,სახელი
მაგდალენა,მ,River,მდინარე
მაგდალინა,მ,Name,სახელი
მაგდანას,მ,Film,ფილმი
მაგდანას ლურჯა,მ,Film,ფილმი
მაგდებურგი,მ,City,ქალაქი
მაგელანგი,მ,City,ქალაქი
მაგვეი,მ,City,ქალაქი
მაგია,მ,Film,ფილმი
მაგია მთვარის შუქზე,მ,Film,ფილმი
მაგიდა,მ,Film,ფილმი
მაგიდა სამისთვის,მ,Film,ფილმი
მაგლაჯი,მ,City,ქალაქი
მაგნასსინი-ნინდრი,მ,City,ქალაქი
მაგნოლია,მ,Plant,მცენარე
მაგოტი,მ,City,ქალაქი
მაგუდჰუ,მ,City,ქალაქი
მაგული,მ,Name,სახელი
მადაბა,მ,City,ქალაქი
მადაგასკარი,მ,Country,ქვეყანა
მადაგასკარი 2,მ,Film,ფილმი
მადაგასკარი 3,მ,Film,ფილმი
მადაგასკარის,მ,Film,ფილმი
მადაგასკარის პინგვინები,მ,Film,ფილმი
მადაგასკარის რესპუბლიკა,მ,Country,ქვეყანა
მადანგი,მ,City,ქალაქი
მადარიპური,მ,City,ქალაქი
მადარუნფა,მ,City,ქალაქი
მადაუა,მ,City,ქალაქი
მადეირა,მ,River,მდინარე
მადზივა,მ,City,ქალაქი
მადინა,მ,City,ქალაქი
მადიუნი,მ,City,ქალაქი
მადლენა,მ,Name,სახელი
მადო,მ,Name,სახელი
მადონა,მ,City,ქალაქი
მადრე-დე-დიოსი,მ,River,მდინარე
მადრიდი,მ,City,ქალაქი
მადრუგა,მ,City,ქალაქი
მადურაი,მ,City,ქალაქი
მაებაში,მ,City,ქალაქი
მაესტრო,მ,Film,ფილმი
მავაა,მ,City,ქალაქი
მავინგოუნი,მ,City,ქალაქი
მავლაიკი,მ,City,ქალაქი
მავლამიაინეგიუნი,მ,City,ქალაქი
მავლამიაინი,მ,City,ქალაქი
მავრა,მ,Name,სახელი
მავრიკი,მ,Country,ქვეყანა
მავრიკია,მ,Country,ქვეყანა
მავრიკის რესპუბლიკა,მ,Country,ქვეყანა
მავრიტანია,მ,Country,ქვეყანა
მავრიტანიის ისლამური რესპუბლიკა,მ,Country,ქვეყანა
მაზაბუკა,მ,City,ქალაქი
მაზარ ი შარიფი,მ,City,ქალაქი
მაზარ-ე შარიფი,მ,City,ქალაქი
მაზარ-ი-შარიფი,მ,City,ქალაქი
მაზარიშარიფი,მ,City,ქალაქი
მაზატენანგო,მ,City,ქალაქი
მაზი,მ,Film,ფილმი
მაზი გონდოლენდში,მ,Film,ფილმი
მაზირი,მ,City,ქალაქი
მაზკერეთ-ბათია,მ,City,ქალაქი
მაზოვე,მ,City,ქალაქი
მაზოტოსი,მ,City,ქალაქი
მაზსალაცა,მ,City,ქალაქი
მათაგალონი,მ,River,მდინარე
მათაი,მ,City,ქალაქი
მათანსი,მ,City,ქალაქი
მათბარია,მ,City,ქალაქი
მათე,მ,Name,სახელი
მათი,მ,Film,ფილმი
მათი საკუთარი ლიგა,მ,Film,ფილმი
მათიკო,მ,Name,სახელი
მაია,მ,City,ქალაქი
მაია წყნეთელი,მ,Film,ფილმი
მაიადინი,მ,City,ქალაქი
მაიამი,მ,City,ქალაქი
მაიარი,მ,City,ქალაქი
მაიაჰი,მ,City,ქალაქი
მაიდუგური,მ,City,ქალაქი
მაიკეტია,მ,City,ქალაქი
მაიკო,მ,Name,სახელი
მაილსი,მ,City,ქალაქი
მაიმანსინგჰი,მ,City,ქალაქი
მაიმუნების,მ,Film,ფილმი
მაიმუნების პლანეტა,მ,Film,ფილმი
მაიმუნი,მ,Animal,ცხოველი
მაინე-სოროა,მ,City,ქალაქი
მაინი,მ,River,მდინარე
მაინცი,მ,City,ქალაქი
მაიორნა,მ,City,ქალაქი
მაიპუ,მ,City,ქალაქი
მაისადი,მ,City,ქალაქი
მაისი,მ,City,ქალაქი
მაისური,მ,City,ქალაქი
მაიუგე,მ,City,ქალაქი
მაიუმბა,მ,City,ქალაქი
მაიურაკში,მ,River,მდინარე
მაიურნო,მ,City,ქალაქი
მაკა,მ,Name,სახელი
მაკათი,მ,City,ქალაქი
მაკაო,მ,Country,ქვეყანა
მაკაპა,მ,City,ქალაქი
მაკარ,მ,Name,სახელი
მაკარა,მ,City,ქალაქი
მაკარაკასი,მ,City,ქალაქი
მაკარი,მ,City,ქალაქი
მაკარსკა,მ,City,ქალაქი
მაკასარი,მ,City,ქალაქი
მაკასი,მ,City,ქალაქი
მაკდუსი,მ,Food,საკვები
მაკედონია,მ,Country,ქვეყანა
მაკედონსკა კამენიცა,მ,City,ქალაქი
მაკედონსკა-კამენიცა,მ,City,ქალაქი
მაკედონსკაკამენიცა,მ,City,ქალაქი
მაკედონსკი ბროდი,მ,City,ქალაქი
მაკედონსკი-ბროდი,მ,City,ქალაქი
მაკედონსკიბროდი,მ,City,ქალაქი
მაკეი,მ,City,ქალაქი
მაკენას,მ,Film,ფილმი
მაკენას ოქრო,მ,Film,ფილმი
მაკიდო,მ,Plant,მცენარე
მაკიივკა,მ,City,ქალაქი
მაკინსკი,მ,City,ქალაქი
მაკინტოში,მ,River,მდინარე
მაკკუორი,მ,River,მდინარე
მაკო,მ,City,ქალაქი
მაკოკუ,მ,City,ქალაქი
მაკრინე,მ,Name,სახელი
მაკრუმი,მ,City,ქალაქი
მაკტარი,მ,City,ქალაქი
მაკუენი,მ,City,ქალაქი
მაკულატურა,მ,Film,ფილმი
მაკურდი,მ,City,ქალაქი
მაკუსპანა,მ,City,ქალაქი
მალ პჯეკი,მ,City,ქალაქი
მალა,მ,City,ქალაქი
მალა კლადუსა,მ,City,ქალაქი
მალაბა,მ,City,ქალაქი
მალაბო,მ,City,ქალაქი
მალაგა,მ,City,ქალაქი
მალადზეიჩნა,მ,City,ქალაქი
მალავი,მ,Country,ქვეყანა
მალავის რესპუბლიკა,მ,Country,ქვეყანა
მალათია,მ,City,ქალაქი
მალაიზია,მ,Country,ქვეყანა
მალაკა,მ,City,ქალაქი
მალაკალი,მ,City,ქალაქი
მალაკატანი,მ,City,ქალაქი
მალანგი,მ,City,ქალაქი
მალანვილი,მ,City,ქალაქი
მალანჟე,მ,City,ქალაქი
მალარიტა,მ,City,ქალაქი
მალარმი,მ,City,ქალაქი
მალაქია,მ,Name,სახელი
მალახოვის,მ,Film,ფილმი
მალახოვის ყორღანი,მ,Film,ფილმი
მალაჰაიდი,მ,City,ქალაქი
მალბუნი,მ,City,ქალაქი
მალდეგემი,მ,City,ქალაქი
მალდივები,მ,Country,ქვეყანა
მალდივის კუნძულები,მ,Country,ქვეყანა
მალდივის რესპუბლიკა,მ,Country,ქვეყანა
მალდონადო,მ,City,ქალაქი
მალე,მ,City,ქალაქი
მალე გაზაფხული მოვა,მ,Film,ფილმი
მალეგაონი,მ,City,ქალაქი
მალენა,მ,Film,ფილმი
მალეფისენტი,მ,Film,ფილმი
მალეფისენტი 2,მ,Film,ფილმი
მალეფისენტი 2 ბოროტების მბრძანებელი,მ,Film,ფილმი
მალეფისენტი 2: ბოროტების მბრძანებელი,მ,Film,ფილმი
მალვერნი,მ,City,ქალაქი
მალთაყვა,მ,City,ქალაქი
მალი,მ,Country,ქვეყანა
მალიე,მ,City,ქალაქი
მალიკი,მ,City,ქალაქი
მალიკისი,მ,City,ქალაქი
მალინა,მ,Plant,მცენარე
მალინგარი,მ,City,ქალაქი
მალინდი,მ,City,ქალაქი
მალის რესპუბლიკა,მ,Country,ქვეყანა
მალიშკა,მ,City,ქალაქი
მალკა,მ,City,ქალაქი
მალმე,მ,City,ქალაქი
მალოვი,მ,City,ქალაქი
მალოლოსი,მ,City,ქალაქი
მალოუ,მ,City,ქალაქი
მალტა,მ,Country,ქვეყანა
მალტის რესპუბლიკა,მ,Country,ქვეყანა
მალუა,მ,City,ქალაქი
მალულა,მ,City,ქალაქი
მალხაზ,მ,Name,სახელი
მალხაზი,მ,Name,სახელი
მალჰოლანდ,მ,Film,ფილმი
მალჰოლანდ დრაივი,მ,Film,ფილმი
მამა,მ,Film,ფილმი
მამა მია,მ,Film,ფილმი
მამა-მარჩენალი,მ,Film,ფილმი
მამაკაცი,მ,Film,ფილმი
მამაკაცი ოქროს პისტოლეტით,მ,Film,ფილმი
მამალი,მ,Animal,ცხოველი
მამარი,მ,City,ქალაქი
მამაცი,მ,Film,ფილმი
მამაცი გული,მ,Film,ფილმი
მამერი,მ,City,ქალაქი
მამია,მ,Name,სახელი
მამიკოები,მ,Film,ფილმი
მამის,მ,Film,ფილმი
მამის მკვლელი,მ,Film,ფილმი
მამის სახელით,მ,Film,ფილმი
მამისა,მ,Name,სახელი
მამიტიპო,მ,City,ქალაქი
მამლუქი,მ,Film,ფილმი
მამონტი,მ,Animal,ცხოველი
მამორე,მ,River,მდინარე
მამპონგი,მ,City,ქალაქი
მამუკა,მ,Name,სახელი
მამული,მ,Name,სახელი
მამურასი,მ,City,ქალაქი
მამუცუ,მ,City,ქალაქი
მამუჯუ,მ,City,ქალაქი
მამფე,მ,City,ქალაქი
მანაგუა,მ,City,ქალაქი
მანადო,მ,City,ქალაქი
მანადჰუ,მ,City,ქალაქი
მანავგატი,მ,City,ქალაქი
მანაკარა,მ,City,ქალაქი
მანაკაუ,მ,City,ქალაქი
მანამა,მ,City,ქალაქი
მანანა,მ,Name,სახელი
მანანარა ავარატრა,მ,City,ქალაქი
მანანჯარი,მ,City,ქალაქი
მანაჟი,მ,City,ქალაქი
მანასი,მ,River,მდინარე
მანატი,მ,City,ქალაქი
მანაუსი,მ,City,ქალაქი
მანგალდანი,მ,City,ქალაქი
მანგალია,მ,City,ქალაქი
მანგალორი,მ,City,ქალაქი
მანგლისი,მ,City,ქალაქი
მანგო,მ,Plant,მცენარე
მანგოჩი,მ,City,ქალაქი
მანგუალდი,მ,City,ქალაქი
მანგუსტი,მ,Animal,ცხოველი
მანდალაი,მ,City,ქალაქი
მანდალგოვი,მ,City,ქალაქი
მანდალი,მ,City,ქალაქი
მანდალორელი,მ,Film,ფილმი
მანდარინები,მ,Film,ფილმი
მანდარინი,მ,Plant,მცენარე
მანდაუე,მ,City,ქალაქი
მანდევილი,მ,City,ქალაქი
მანდერა,მ,City,ქალაქი
მანდერლეი,მ,Film,ფილმი
მანდზა,მ,City,ქალაქი
მანდი-ბაჰაუდინი,მ,City,ქალაქი
მანდურა,მ,City,ქალაქი
მანზანილო,მ,City,ქალაქი
მანზილ-ბუ-ზალაფა,მ,City,ქალაქი
მანზილ-კამილი,მ,City,ქალაქი
მანზინი,მ,City,ქალაქი
მანი,მ,City,ქალაქი
მანიიტსოკი,მ,City,ქალაქი
მანიკა,მ,City,ქალაქი
მანიკაგუა,მ,City,ქალაქი
მანიკარაგუა,მ,City,ქალაქი
მანიკჭარი,მ,City,ქალაქი
მანილა,მ,City,ქალაქი
მანინოა,მ,City,ქალაქი
მანისა,მ,City,ქალაქი
მანკი-ბეი,მ,City,ქალაქი
მანოკვარი,მ,City,ქალაქი
მანონ,მ,Name,სახელი
მანონი,მ,Name,სახელი
მანჟაკაზე,მ,City,ქალაქი
მანრესა,მ,City,ქალაქი
მანსა,მ,City,ქალაქი
მანსანილიო,მ,City,ქალაქი
მანსეჰრა,მ,City,ქალაქი
მანსილინგანი,მ,City,ქალაქი
მანსურა,მ,City,ქალაქი
მანტა,მ,City,ქალაქი
მანტამპაი,მ,City,ქალაქი
მანტარო,მ,River,მდინარე
მანტუა,მ,City,ქალაქი
მანუ,მ,River,მდინარე
მანუბა,მ,City,ქალაქი
მანუელ ტამესი,მ,City,ქალაქი
მანუელ-ტამესი,მ,City,ქალაქი
მანუელტამესი,მ,City,ქალაქი
მანუნუ,მ,City,ქალაქი
მანუჩარ,მ,Name,სახელი
მანუჩარი,მ,Name,სახელი
მანფალუტი,მ,City,ქალაქი
მანქანები,მ,Film,ფილმი
მანქანები 2,მ,Film,ფილმი
მანჩიონილი,მ,City,ქალაქი
მანჩო,მ,Name,სახელი
მანჯაკანდრიანა,მ,City,ქალაქი
მანჯო,მ,City,ქალაქი
მანჰაიმი,მ,City,ქალაქი
მანჰეტენი,მ,Film,ფილმი
მაო,მ,City,ქალაქი
მაპეტ,მ,Film,ფილმი
მაპეტ შოუ,მ,Film,ფილმი
მაპუ,მ,City,ქალაქი
მაპუა,მ,City,ქალაქი
მაპუტუ,მ,City,ქალაქი
მაჟეიკიაი,მ,City,ქალაქი
მაჟეუბოენი,მ,City,ქალაქი
მარ დელ პლატა,მ,City,ქალაქი
მარ ლა შო,მ,City,ქალაქი
მარ'ინა ჰორკა,მ,City,ქალაქი
მარა,მ,River,მდინარე
მარაბა,მ,City,ქალაქი
მარაგუა,მ,City,ქალაქი
მარადი,მ,City,ქალაქი
მარავი,მ,City,ქალაქი
მარათონელი,მ,Film,ფილმი
მარაკაი,მ,City,ქალაქი
მარაკაიბო,მ,City,ქალაქი
მარალალი,მ,City,ქალაქი
მარალიკი,მ,City,ქალაქი
მარამარაშენი,მ,City,ქალაქი
მარამბიჯი,მ,River,მდინარე
მარანელო,მ,City,ქალაქი
მარანიონი,მ,River,მდინარე
მარასკინო,მ,Food,საკვები
მარაქეში,მ,City,ქალაქი
მარაჰარე,მ,City,ქალაქი
მარბეა,მ,City,ქალაქი
მარგალიტა,მ,Name,სახელი
მარგაო,მ,City,ქალაქი
მარგარიტა,მ,City,ქალაქი
მარგაჰოვითი,მ,City,ქალაქი
მარგერიტა,მ,City,ქალაქი
მარდაკანი,მ,City,ქალაქი
მარდაკიანი,მ,City,ქალაქი
მარდანი,მ,City,ქალაქი
მარდინი,მ,City,ქალაქი
მარდუ,მ,City,ქალაქი
მარეხ,მ,Name,სახელი
მარეხი,მ,Name,სახელი
მარზუკი,მ,City,ქალაქი
მართა,მ,Name,სახელი
მარი,მ,Name,სახელი
მარი ანტუანეტი,მ,Film,ფილმი
მარია,მ,Name,სახელი
მარია ენცერზდორფი,მ,City,ქალაქი
მარია მირაბელა,მ,Film,ფილმი
"მარია, მირაბელა",მ,Film,ფილმი
მარიაკანი,მ,City,ქალაქი
მარიამ,მ,Name,სახელი
მარიამი,მ,Name,სახელი
მარიამპოლე,მ,City,ქალაქი
მარიანაო,მ,City,ქალაქი
მარიანო როკე ალონსო,მ,City,ქალაქი
მარიანო-როკე-ალონსო,მ,City,ქალაქი
მარიანოროკეალონსო,მ,City,ქალაქი
მარიანჰამინა,მ,City,ქალაქი
მარიარა,მ,City,ქალაქი
მარიბი,მ,City,ქალაქი
მარიბორი,მ,City,ქალაქი
მარიგო,მ,City,ქალაქი
მარიდი,მ,City,ქალაქი
მარიელი,მ,City,ქალაქი
მარიენბურგი,მ,City,ქალაქი
მარიენჰამნი,მ,City,ქალაქი
მარიესტადი,მ,City,ქალაქი
მარიველესი,მ,City,ქალაქი
მარიკა,მ,Name,სახელი
მარილაო,მ,City,ქალაქი
მარინა,მ,Name,სახელი
მარინგა,მ,City,ქალაქი
მარინე,მ,Name,სახელი
მარინია გრანდი,მ,City,ქალაქი
მარინია-გრანდე,მ,City,ქალაქი
მარინია-გრანდი,მ,City,ქალაქი
მარინიაგრანდი,მ,City,ქალაქი
მარისკალა,მ,City,ქალაქი
მარიტა,მ,Name,სახელი
მარიცა,მ,River,მდინარე
მარიცე,მ,City,ქალაქი
მარიხუანა,მ,Plant,მცენარე
მარკა,მ,City,ქალაქი
მარკაველიკა,მ,City,ქალაქი
მარკალა,მ,City,ქალაქი
მარკეტა,მ,Film,ფილმი
მარკეტა ლაზაროვა,მ,Film,ფილმი
მარკოზ,მ,Name,სახელი
მარკუ დი კანავეზიში,მ,City,ქალაქი
მარკუ-დი-კანავეზიში,მ,City,ქალაქი
მარკუდიკანავეზიში,მ,City,ქალაქი
მარლი,მ,City,ქალაქი
მარმარისი,მ,City,ქალაქი
მარმელადი,მ,City,ქალაქი
მარნეული,მ,City,ქალაქი
მარო,მ,Name,სახელი
მაროანცეტრა,მ,City,ქალაქი
მაროვოაი,მ,City,ქალაქი
მაროკო,მ,Country,ქვეყანა
მაროკოს სამეფო,მ,Country,ქვეყანა
მაროკოული,მ,Food,საკვები
მაროკოული ღვინო,მ,Food,საკვები
მაროლამბო,მ,City,ქალაქი
მარონდერა,მ,City,ქალაქი
მარონი,მ,River,მდინარე
მარსა ელ ბურეიკა,მ,City,ქალაქი
მარსა მატრუჰი,მ,City,ქალაქი
მარსა-ელ-ბურეიკა,მ,City,ქალაქი
მარსა-მატრუჰი,მ,City,ქალაქი
მარსაბიტი,მ,City,ქალაქი
მარსაელბურეიკა,მ,City,ქალაქი
მარსალა,მ,City,ქალაქი
მარსამატრუჰი,მ,City,ქალაქი
მარსასუმი,მ,City,ქალაქი
მარსელი,მ,City,ქალაქი
მარსი,მ,Food,საკვები
მარსს,მ,Film,ფილმი
მარსს სჭირდება დედები,მ,Film,ფილმი
მარტაბანი,მ,City,ქალაქი
მარტაპურა,მ,City,ქალაქი
მარტვილი,მ,City,ქალაქი
მარტი,მ,City,ქალაქი
მარტილი,მ,City,ქალაქი
მარტინი-ვილი,მ,City,ქალაქი
მარტინიკი,მ,Country,ქვეყანა
მარტის,მ,Film,ფილმი
მარტის იდუსი,მ,Film,ფილმი
მარტო,მ,Film,ფილმი
მარტო სახლში,მ,Film,ფილმი
მარტოობის,მ,Film,ფილმი
მარტოობის ასი წელიწადი,მ,Film,ფილმი
მარტორქა,მ,Animal,ცხოველი
მარტოსული,მ,Film,ფილმი
მარტუბა,მ,City,ქალაქი
მარტუნი,მ,City,ქალაქი
მარუა,მ,City,ქალაქი
მარუნ თაუნი,მ,City,ქალაქი
მარუხი,მ,River,მდინარე
მარშალის კუნძულები,მ,Country,ქვეყანა
მარშალის კუნძულების რესპუბლიკა,მ,Country,ქვეყანა
მარშმელოუ,მ,Food,საკვები
მარშტრენკი,მ,City,ქალაქი
მარჩისონი,მ,River,მდინარე
მარციპანი,მ,Food,საკვები
მარწყვი,მ,Plant,მცენარე
მარწყვის,მ,Film,ფილმი
მარწყვის მდელო,მ,Film,ფილმი
მარხტრენკი,მ,City,ქალაქი
მარჯამა,მ,City,ქალაქი
მას ერქვა ნიკიტა,მ,Film,ფილმი
მასა,მ,City,ქალაქი
მასაგუე,მ,City,ქალაქი
მასაია,მ,City,ქალაქი
მასაკა,მ,City,ქალაქი
მასაკინი,მ,City,ქალაქი
მასაკორი,მ,City,ქალაქი
მასალათა,მ,City,ქალაქი
მასალი,მ,City,ქალაქი
მასატეპე,მ,City,ქალაქი
მასატლანი,მ,City,ქალაქი
მასაუა,მ,City,ქალაქი
მასედუ დი კავალეირუში,მ,City,ქალაქი
მასედუ-დი-კავალეირუში,მ,City,ქალაქი
მასედუდიკავალეირუში,მ,City,ქალაქი
მასეიკი,მ,City,ქალაქი
მასეიო,მ,City,ქალაქი
მასერუ,მ,City,ქალაქი
მასვინგო,მ,City,ქალაქი
მასია,მ,City,ქალაქი
მასიაფი,მ,City,ქალაქი
მასინდი,მ,City,ქალაქი
მასინდი-პორტი,მ,City,ქალაქი
მასისი,მ,City,ქალაქი
მასკატი,მ,City,ქალაქი
მასკი-შოუ,მ,Film,ფილმი
მასმეხელენი,მ,City,ქალაქი
მასპინძელი,მ,Film,ფილმი
მასტაგა,მ,City,ქალაქი
მასტერტონი,მ,City,ქალაქი
მასტი,მ,City,ქალაქი
მატა,მ,Film,ფილმი
მატა დელ ნანსე,მ,City,ქალაქი
მატა უტუ,მ,City,ქალაქი
მატა ჰარი,მ,Film,ფილმი
მატა-დელ-ნანსე,მ,City,ქალაქი
მატა-უტუ,მ,City,ქალაქი
მატაგალპა,მ,City,ქალაქი
მატადელნანსე,მ,City,ქალაქი
მატადი,მ,City,ქალაქი
მატავაი,მ,City,ქალაქი
მატათა,მ,Name,სახელი
მატაკიტო,მ,River,მდინარე
მატამეი,მ,City,ქალაქი
მატამოროსი,მ,City,ქალაქი
მატანსასი,მ,City,ქალაქი
მატანუსკა,მ,River,მდინარე
მატარა,მ,City,ქალაქი
მატარამი,მ,City,ქალაქი
მატარებლები,მ,Film,ფილმი
მატარებლები განსაკუთრებული მეთვალყურეობის,მ,Film,ფილმი
მატარებლები განსაკუთრებული მეთვალყურეობის ქვეშ,მ,Film,ფილმი
მატარო,მ,City,ქალაქი
მატატუფუ,მ,City,ქალაქი
მატაუტუ,მ,City,ქალაქი
მატე,მ,Food,საკვები
მატერა,მ,City,ქალაქი
მატერი,მ,City,ქალაქი
მატესალკა,მ,City,ქალაქი
მატი,მ,City,ქალაქი
მატიგუასი,მ,City,ქალაქი
მატილდა,მ,Name,სახელი
მატნისხევი,მ,River,მდინარე
მატოЛА,მ,City,ქალაქი
მატოზინიუში,მ,City,ქალაქი
მატოლა,მ,City,ქალაქი
მატრიცა,მ,Film,ფილმი
მატრიცა აღორძინება,მ,Film,ფილმი
მატრიცა: აღორძინება,მ,Film,ფილმი
მატრონა,მ,Name,სახელი
მატულჯი,მ,City,ქალაქი
მატურინი,მ,City,ქალაქი
მატყუარა,მ,Film,ფილმი
მატყუარა მატყუარა,მ,Film,ფილმი
"მატყუარა, მატყუარა",მ,Film,ფილმი
მატჩ,მ,Film,ფილმი
მატჩ პოინტი,მ,Film,ფილმი
მაუა,მ,City,ქალაქი
მაუბინი,მ,City,ქალაქი
მაუნი,მ,City,ქალაქი
მაუნტ გემბიერი,მ,City,ქალაქი
მაუნტ იზა,მ,City,ქალაქი
მაუნტ ლავინია,მ,City,ქალაქი
მაუნტ-დარვინი,მ,City,ქალაქი
მაუნტ-ლავინია,მ,City,ქალაქი
მაუნტ-ჰაგენი,მ,City,ქალაქი
მაუნტლავინია,მ,City,ქალაქი
მაუნტმელიკი,მ,City,ქალაქი
მაურენი,მ,City,ქალაქი
მაუშკრონი,მ,City,ქალაქი
მაქსიმე,მ,Name,სახელი
მაქსიმო გომესი,მ,City,ქალაქი
მაქსიმო-გომესი,მ,City,ქალაქი
მაქსიმოგომესი,მ,City,ქალაქი
მაღალი,მ,Film,ფილმი
მაღალი საზოგადოება,მ,Film,ფილმი
მაღალი ქუსლები,მ,Film,ფილმი
მაღარი,მ,City,ქალაქი
მაღაროულა,მ,River,მდინარე
მაღაღა,მ,City,ქალაქი
მაღლა,მ,Film,ფილმი
მაღლა ცაში,მ,Film,ფილმი
მაყვალა,მ,Name,სახელი
მაყვალი,მ,Plant,მცენარე
მაშავა,მ,City,ქალაქი
მაშავერა,მ,River,მდინარე
მაშველები,მ,Film,ფილმი
მაშველები ავსტრალიაში,მ,Film,ფილმი
მაშიკუ,მ,City,ქალაქი
მაშიშე,მ,City,ქალაქი
მაშო,მ,Name,სახელი
მაჩაკოსი,მ,City,ქალაქი
მაჩალა,მ,City,ქალაქი
მაჩალი,მ,City,ქალაქი
მაჩაჩი,მ,City,ქალაქი
მაჩეკე,მ,City,ქალაქი
მაჩეტე,მ,Film,ფილმი
მაჩეტე კლავს,მ,Film,ფილმი
მაჩვი,მ,Animal,ცხოველი
მაჩიდა,მ,City,ქალაქი
მაჩინგა,მ,City,ქალაქი
მაჩინდა,მ,City,ქალაქი
მაჩხა,მ,City,ქალაქი
მაცი,მ,Film,ფილმი
მაცი ხვიტია,მ,Film,ფილმი
მაცივარში,მ,Film,ფილმი
მაცივარში ვიღაც იჯდა,მ,Film,ფილმი
მაცუდო,მ,City,ქალაქი
მაცუმოტო,მ,City,ქალაქი
მაწანწალა,მ,Film,ფილმი
მაწანწალა კატები სტამბოლში,მ,City,ქალაქი
მაწანწალა რასმუსი,მ,Film,ფილმი
მაწიმისწყალი,მ,River,მდინარე
მაჭარა,მ,River,მდინარე
მაჭახელისწყალი,მ,River,მდინარე
მახაგუა,მ,City,ქალაქი
მახარა,მ,Name,სახელი
მახარე,მ,Name,სახელი
მახასიათებელი,მ,Film,ფილმი
მახასიათებელი ნაკლი,მ,Film,ფილმი
მახე,მ,Film,ფილმი
მახე მშობლებისთვის,მ,Film,ფილმი
მახიბაკოა,მ,City,ქალაქი
მახინჯაური,მ,City,ქალაქი
მახო,მ,Name,სახელი
მაჯაზ-ალ-ბაბი,მ,City,ქალაქი
მაჯურო,მ,City,ქალაქი
მაჰა-სარაქამი,მ,City,ქალაქი
მაჰადაი-ვეინე,მ,City,ქალაქი
მაჰაიკა ვილიჯი,მ,City,ქალაქი
მაჰაიკონი ვილიჯი,მ,City,ქალაქი
მაჰანანდა,მ,River,მდინარე
მაჰანორო,მ,City,ქალაქი
მაჰარაგამა,მ,City,ქალაქი
მაჰარდა,მ,City,ქალაქი
მაჰაძანგა,მ,City,ქალაქი
მაჰაჯანგა,მ,City,ქალაქი
მაჰებურგი,მ,City,ქალაქი
მაჰიბადჰუ,მ,City,ქალაქი
მბაბანე,მ,City,ქალაქი
მბაიკი,მ,City,ქალაქი
მბაკე,მ,City,ქალაქი
მბალა,მ,City,ქალაქი
მბალე,მ,City,ქალაქი
მბალმაიო,მ,City,ქალაქი
მბანგა,მ,City,ქალაქი
მბანდაკა,მ,City,ქალაქი
მბანდჯოკი,მ,City,ქალაქი
მბანზა კონგო,მ,City,ქალაქი
მბანზა ნგუნგუ,მ,City,ქალაქი
მბანზა-კონგო,მ,City,ქალაქი
მბანზა-ნგუნგუ,მ,City,ქალაქი
მბანზაკონგო,მ,City,ქალაქი
მბანზანგუნგუ,მ,City,ქალაქი
მბარარა,მ,City,ქალაქი
მბენგვი,მ,City,ქალაქი
მბენი,მ,City,ქალაქი
მბიგუ,მ,City,ქალაქი
მბინი,მ,City,ქალაქი
მბოკაიატი,მ,City,ქალაქი
მბომუ,მ,River,მდინარე
მბოუდა,მ,City,ქალაქი
მბუიაპეი,მ,City,ქალაქი
მბუჟი მაიი,მ,City,ქალაქი
მბუჟი-მაიი,მ,City,ქალაქი
მბუჟიმაიი,მ,City,ქალაქი
მბურსუ ლერე,მ,City,ქალაქი
მგელი,მ,Animal,ცხოველი
მგლებთან,მ,Film,ფილმი
მგლებთან მოცეკვავე,მ,Film,ფილმი
მგლები,მ,Film,ფილმი
მგლები და ცხვრები,მ,Film,ფილმი
მგლების,მ,Film,ფილმი
მგლების ხორუმი,მ,Film,ფილმი
მდიდარი,მ,Film,ფილმი
მდიდარი რიჩი,მ,Film,ფილმი
მდიდარი ღარიბი,მ,Film,ფილმი
"მდიდარი, ღარიბი",მ,Film,ფილმი
მდინარე,მ,Film,ფილმი
მდინარე მისტიკი,მ,Film,ფილმი
მდინარეზე,მ,Film,ფილმი
მდოგვი,მ,Plant,მცენარე
მე ვარ გრეტა,მ,Film,ფილმი
მე ვარ ლეგენდა,მ,Film,ფილმი
მე ვარ ომეგა,მ,Film,ფილმი
მე ვარ უშნო ბეტი,მ,Film,ფილმი
მე ვცხოვრობ შიშში,მ,Film,ფილმი
მე ვხედავ მზეს,მ,Film,ფილმი
მე იქ არ ვარ,მ,Film,ფილმი
მე სემი ვარ,მ,Film,ფილმი
მე შენამდე,მ,Film,ფილმი
მე წარმოშობა,მ,Film,ფილმი
მე ჯერ აქ ვარ,მ,Film,ფილმი
მე-13,მ,Film,ფილმი
მე-13 მეომარი,მ,Film,ფილმი
მე-სოტი,მ,City,ქალაქი
"მე, ბებია, ილიკო",მ,Film,ფილმი
"მე, ბებია, ილიკო და ილარიონი",მ,Film,ფილმი
"მე, გამომძიებელი",მ,Film,ფილმი
მეალიადა,მ,City,ქალაქი
მეამბოხე,მ,Film,ფილმი
მეამბოხე გზა,მ,Film,ფილმი
მებრძოლთა,მ,Film,ფილმი
მებრძოლთა კლუბი,მ,Film,ფილმი
მებრძოლი,მ,Film,ფილმი
მეგა,მ,City,ქალაქი
მეგარა,მ,City,ქალაქი
მეგატვინი,მ,Film,ფილმი
მეგდოვასი,მ,River,მდინარე
მეგი,მ,Name,სახელი
მეგობრები,მ,Film,ფილმი
მეგობრობა,მ,Film,ფილმი
მეგრი,მ,City,ქალაქი
მედა,მ,City,ქალაქი
მედანი,მ,City,ქალაქი
მედეა,მ,City,ქალაქი
მედერნახი,მ,City,ქალაქი
მედვოდე,მ,City,ქალაქი
მედია ლუნა,მ,City,ქალაქი
მედია-ლუნა,მ,City,ქალაქი
მედიალუნა,მ,City,ქალაქი
მედიაში,მ,City,ქალაქი
მედინა,მ,City,ქალაქი
მედინათ ისა,მ,City,ქალაქი
მედისინ ჰატი,მ,City,ქალაქი
მედიუმი,მ,Film,ფილმი
მედიჩი,მ,Film,ფილმი
მედიჩი ფლორენციის მბრძანებლები,მ,Film,ფილმი
მედიჩი: ფლორენციის მბრძანებლები,მ,Film,ფილმი
მედლინგი,მ,City,ქალაქი
მედუზა,მ,Animal,ცხოველი
მედჯიდია,მ,City,ქალაქი
მევის ბენკი,მ,City,ქალაქი
მევლუდი,მ,Name,სახელი
მევო-ბეთარი,მ,City,ქალაქი
მეზაპა,მ,City,ქალაქი
მეზდრა,მ,City,ქალაქი
მეზენი,მ,River,მდინარე
მეზობელი,მ,Film,ფილმი
მეზობელი ქალი,მ,Film,ფილმი
მეზობლები,მ,Film,ფილმი
მეზოკოვეშდი,მ,City,ქალაქი
მეზონ-ალფორი,მ,City,ქალაქი
მეზოტური,მ,City,ქალაქი
მეთვენი,მ,City,ქალაქი
მეთლილი ჩამბა,მ,City,ქალაქი
მეი პენი,მ,City,ქალაქი
მეიგანგა,მ,City,ქალაქი
მეიდრეხტი,მ,City,ქალაქი
მეიერის,მ,Food,საკვები
მეიერის ლიმონი,მ,Food,საკვები
მეიკაუაიანი,მ,City,ქალაქი
მეიმიო,მ,City,ქალაქი
მეინუთი,მ,City,ქალაქი
მეიოტი,მ,Country,ქვეყანა
მეირინი,მ,City,ქალაქი
მეიუნგსი,მ,City,ქალაქი
მეიქტილა,მ,City,ქალაქი
მეკობრეები,მ,Film,ფილმი
მეკობრეები მოგზაურობა მეცნიერებთან,მ,Film,ფილმი
მეკობრეები! მოგზაურობა მეცნიერებთან ერთად,მ,Film,ფილმი
მეკობრეების,მ,Film,ფილმი
მეკობრეების თავგადასავალი ბოსტნეულობის,მ,Film,ფილმი
მეკობრეების თავგადასავალი ბოსტნეულობის ქვეყანაში,მ,Film,ფილმი
მეკობრეების თავგადასავალი ბოსტნეულობის ქვეყანაში 2,მ,Film,ფილმი
მეკონგი,მ,River,მდინარე
მელა,მ,Animal,ცხოველი
მელა და ძაღლი,მ,Film,ფილმი
მელა და ძაღლი 2,მ,Film,ფილმი
მელაკა,მ,City,ქალაქი
მელანია,მ,Name,სახელი
მელანო,მ,Name,სახელი
მელანქოლია,მ,Film,ფილმი
მელბურნი,მ,City,ქალაქი
მელეკეოკი,მ,City,ქალაქი
მელენა დელ სური,მ,City,ქალაქი
მელენა-დელ-სური,მ,City,ქალაქი
მელენადელსური,მ,City,ქალაქი
მელეცი,მ,City,ქალაქი
მელია,მ,Animal,ცხოველი
მელილია,მ,City,ქალაქი
მელიპილია,მ,City,ქალაქი
მელისა,მ,Name,სახელი
მელისია,მ,City,ქალაქი
მელიტა,მ,Name,სახელი
მელიტონ,მ,Name,სახელი
მელკიადეს,მ,Film,ფილმი
მელკიადეს ესტრადას სამი,მ,Film,ფილმი
მელკიადეს ესტრადას სამი საფლავი,მ,Film,ფილმი
მელნდალი,მ,City,ქალაქი
მელნიკი,მ,City,ქალაქი
მელნლიუკე,მ,City,ქალაქი
მელო,მ,City,ქალაქი
მელოდიის,მ,Film,ფილმი
მელოდიის დრო,მ,Film,ფილმი
მელონგი,მ,City,ქალაქი
მელროუზი,მ,City,ქალაქი
მელტონი,მ,City,ქალაქი
მელულეში,მ,City,ქალაქი
მელფი,მ,City,ქალაქი
მელციზე,მ,City,ქალაქი
მემალიაჟი,მ,City,ქალაქი
მემანქანე,მ,Film,ფილმი
მემბიჯი,მ,City,ქალაქი
მემელე,მ,River,მდინარე
მემენტო,მ,Film,ფილმი
მემკვიდრე,მ,Film,ფილმი
მემკვიდრეობა,მ,Film,ფილმი
მემფისი,მ,City,ქალაქი
მენგეში,მ,City,ქალაქი
მენდერესი,მ,River,მდინარე
მენდეფერა,მ,City,ქალაქი
მენდი,მ,City,ქალაქი
მენდოსა,მ,City,ქალაქი
მენემენი,მ,City,ქალაქი
მენენი,მ,City,ქალაქი
მენეუ,მ,City,ქალაქი
მენზელ-აბდერჰამანი,მ,City,ქალაქი
მენზელ-ბურგიბა,მ,City,ქალაქი
მენზელ-ჯემილი,მ,City,ქალაქი
მენიკო,მ,City,ქალაქი
მენის კუნძული,მ,Country,ქვეყანა
მენსდორფი,მ,City,ქალაქი
მენტაკაბი,მ,City,ქალაქი
მენცელა,მ,City,ქალაქი
მენხენგლადბახი,მ,City,ქალაქი
მეოთხე,მ,Film,ფილმი
მეოთხე ბრაიტონი,მ,Film,ფილმი
მეომარი,მ,Film,ფილმი
მეომრის,მ,Film,ფილმი
მეომრის ჩრდილი,მ,Film,ფილმი
მეოცე,მ,Film,ფილმი
მეოცე საუკუნე,მ,Film,ფილმი
მეოცნებენი,მ,Film,ფილმი
მეჟიცა,მ,City,ქალაქი
მერა,მ,River,მდინარე
მერაბ,მ,Name,სახელი
მერაბი,მ,Name,სახელი
მერელბეკი,მ,City,ქალაქი
მერზიფონი,მ,City,ქალაქი
მერი,მ,Name,სახელი
მერი პოპინსი,მ,Film,ფილმი
მერიბორო,მ,City,ქალაქი
მერიდა,მ,City,ქალაქი
მერინი,მ,Film,ფილმი
მერინიანი,მ,City,ქალაქი
მერისი,მ,River,მდინარე
მერკე,მ,City,ქალაქი
მერკისი,მ,River,მდინარე
მერკურია ჩუკი,მ,City,ქალაქი
მერკურია-ჩუკი,მ,City,ქალაქი
მერკურიაჩუკი,მ,City,ქალაქი
მეროუტანა,მ,City,ქალაქი
მერსედესი,მ,City,ქალაქი
მერსი,მ,City,ქალაქი
მერსინი,მ,City,ქალაქი
მერსრაგსი,მ,City,ქალაქი
მერტერტი,მ,City,ქალაქი
მერუ,მ,City,ქალაქი
მერში,მ,City,ქალაქი
მერშტა,მ,City,ქალაქი
მერციგი,მ,City,ქალაქი
მესა,მ,City,ქალაქი
მესაათე,მ,Film,ფილმი
მესად,მ,City,ქალაქი
მესამე,მ,Film,ფილმი
მესამე პლანეტის საიდუმლო,მ,Film,ფილმი
მესამე ხარისხის ახლო,მ,Film,ფილმი
მესამე ხარისხის ახლო კონტაქტები,მ,Film,ფილმი
მესი,მ,Film,ფილმი
მესინა,მ,City,ქალაქი
მესოი,მ,City,ქალაქი
მესტა,მ,River,მდინარე
მესტია,მ,City,ქალაქი
მესტიაჭალა,მ,River,მდინარე
მესტრე,მ,City,ქალაქი
მეტა,მ,River,მდინარე
მეტაკსა,მ,Food,საკვები
მეტაპანი,მ,City,ქალაქი
მეტაჯი,მ,City,ქალაქი
მეტაჰარა,მ,City,ქალაქი
მეტეგოლი,მ,Film,ფილმი
მეტეოიდიოტი,მ,Film,ფილმი
მეტეპეკი,მ,City,ქალაქი
მეტეხი,მ,River,მდინარე
მეტი,მ,City,ქალაქი
მეტია,მ,Film,ფილმი
მეტკოვიჩი,მ,City,ქალაქი
მეტლახი,მ,City,ქალაქი
მეტლიკა,მ,City,ქალაქი
მეტრო,მ,City,ქალაქი
მეტროპოლისი,მ,Film,ფილმი
მეფე,მ,Film,ფილმი
მეფე ლომი,მ,Film,ფილმი
მეფის,მ,Film,ფილმი
მეფის მთელი მხედრიონი,მ,Film,ფილმი
მეფის სიტყვა,მ,Film,ფილმი
მეფტა,მ,City,ქალაქი
მეფუტკრე,მ,Film,ფილმი
მექა,მ,City,ქალაქი
მექანიკური,მ,Film,ფილმი
მექანიკური ფორთოხალი,მ,Film,ფილმი
მექანიკური ყასაბი,მ,Film,ფილმი
მექი,მ,Name,სახელი
მექნესი,მ,City,ქალაქი
მექსიკა,მ,Country,ქვეყანა
მექსიკის შეერთებული შტატები,მ,Country,ქვეყანა
მეღრი,მ,City,ქალაქი
მეშვიდე,მ,Film,ფილმი
მეშვიდე ბეჭედი,მ,Film,ფილმი
მეშრა-ბელქსირი,მ,City,ქალაქი
მეშჰედი,მ,City,ქალაქი
მეჩი,მ,River,მდინარე
მეცავანი,მ,City,ქალაქი
მეცამორი,მ,City,ქალაქი
მეცი,მ,City,ქალაქი
მეცხრე,მ,Film,ფილმი
მეცხრე კარიბჭე,მ,Film,ფილმი
მეცხრე ლეგიონის არწივი,მ,Film,ფილმი
მეწამორი,მ,City,ქალაქი
მეხადირი,მ,River,მდინარე
მეხე,მ,City,ქალაქი
მეხელენი,მ,City,ქალაქი
მეხენდიგანი,მ,City,ქალაქი
მეხთარ ლამი,მ,City,ქალაქი
მეხიკალი,მ,City,ქალაქი
მეხიკანოსი,მ,City,ქალაქი
მეხიკო,მ,City,ქალაქი
მეხუთე,მ,Film,ფილმი
მეხუთე ბეჭედი,მ,Film,ფილმი
მეხუთე ელემენტი,მ,Film,ფილმი
მეჯუგორიე,მ,City,ქალაქი
მეჯუდა,მ,River,მდინარე
მვანზა,მ,City,ქალაქი
მვეკა,მ,City,ქალაქი
მვენსე,მ,City,ქალაქი
მვინგი,მ,City,ქალაქი
მვინილუნგა,მ,City,ქალაქი
მვოუნი,მ,City,ქალაქი
მვუმა,მ,City,ქალაქი
მვურვი,მ,City,ქალაქი
მზარდი,მ,Film,ფილმი
მზარდი ცოცხალი,მ,Film,ფილმი
მზარეულები,მ,Film,ფილმი
მზაღო,მ,Name,სახელი
მზევინარი,მ,Name,სახელი
მზეთუნახავი,მ,Film,ფილმი
მზეთუნახავი და მხეცი,მ,Film,ფილმი
მზეთუნახავი და ურჩხული,მ,Film,ფილმი
მზეონა,მ,Name,სახელი
მზესუმზირა,მ,Plant,მცენარე
მზეჭაბუკ,მ,Name,სახელი
მზეხათუნ,მ,Name,სახელი
მზია,მ,Name,სახელი
მზიანა,მ,Name,სახელი
მზიმბა,მ,City,ქალაქი
მზიმთა,მ,River,მდინარე
მზის,მ,Film,ფილმი
მზის ამოსვლამდე,მ,Film,ფილმი
მზის შთამომავლები,მ,Film,ფილმი
მზისადარ,მ,Name,სახელი
მზიულა,მ,Name,სახელი
მზუზუ,მ,City,ქალაქი
მთავარი,მ,Film,ფილმი
მთავარი ჭკვიანი,მ,Film,ფილმი
მთვარის,მ,Film,ფილმი
მთვარის მოტაცება,მ,Film,ფილმი
მთვარის შუქი,მ,Film,ფილმი
მთვარისა,მ,Name,სახელი
მთვლემარე,მ,Film,ფილმი
მთვლემარე ხეობა,მ,Film,ფილმი
მთვრალი,მ,Film,ფილმი
მთვრალი ანგელოზი,მ,Film,ფილმი
მთიელი,მ,Film,ფილმი
მთიულეთის არაგვი,მ,River,მდინარე
მია,მ,Name,სახელი
მიაიდო,მ,City,ქალაქი
მიან-ჩანუნი,მ,City,ქალაქი
მიანაუნგი,მ,City,ქალაქი
მიანდრივაზო,მ,City,ქალაქი
მიანვალი,მ,City,ქალაქი
მიანმარი,მ,Country,ქვეყანა
მიანმარის კავშირის რესპუბლიკა,მ,Country,ქვეყანა
მიანტია ვილპულა,მ,City,ქალაქი
მიანტია-ვილპულა,მ,City,ქალაქი
მიანტიავილპულა,მ,City,ქალაქი
მიასი,მ,River,მდინარე
მიასნიკიანი,მ,City,ქალაქი
მიაძაკი,მ,City,ქალაქი
მიაדזელი,მ,City,ქალაქი
მიგდალ ჰაემეკი,მ,City,ქალაქი
მიგდალ-ჰაემეკი,მ,City,ქალაქი
მიგდალჰაემეკი,მ,City,ქალაქი
მიგესი,მ,City,ქალაქი
მიგორი,მ,City,ქალაქი
მიდელბურგი,მ,City,ქალაქი
მიდელტი,მ,City,ქალაქი
მიდელფართი,მ,City,ქალაქი
მიდიათი,მ,City,ქალაქი
მიდიოდა,მ,Film,ფილმი
მიდიოდა მატარებელი,მ,Film,ფილმი
მიდლანდი,მ,City,ქალაქი
მიდლენდსი,მ,City,ქალაქი
მიდლტონი,მ,City,ქალაქი
მიდრანდი,მ,City,ქალაქი
მიდუ,მ,City,ქალაქი
მიდუნი,მ,City,ქალაქი
მიეიკი,მ,City,ქალაქი
მიერკატი,მ,Animal,ცხოველი
მიერკურია-ჩუკი,მ,City,ქალაქი
მიზანი,მ,Film,ფილმი
მიზანი თეფერი,მ,City,ქალაქი
მიზდა,მ,City,ქალაქი
მიზეზი,მ,Film,ფილმი
მიზეზი რატომ,მ,Film,ფილმი
მით გამრი,მ,City,ქალაქი
მით-გამრი,მ,City,ქალაქი
მითგამრი,მ,City,ქალაქი
მითი,მ,Film,ფილმი
მიიზაკიულა,მ,City,ქალაქი
მიინგიანი,მ,City,ქალაქი
მიიჩინა,მ,City,ქალაქი
მიკელი,მ,City,ქალაქი
მიკლავჟ-ნა-დრავსკემ-პოლიუ,მ,City,ქალაქი
მიკოლაივი,მ,City,ქალაქი
მიკომესენგი,მ,City,ქალაქი
მიკონოსი,მ,City,ქალაქი
მიკრონეზია,მ,Country,ქვეყანა
მიკრონეზიის ფედერალური შტატები,მ,Country,ქვეყანა
მიკრონეზიის ფედერაციული შტატები,მ,Country,ქვეყანა
მილა,მ,City,ქალაქი
მილაგრო,მ,City,ქალაქი
მილანი,მ,City,ქალაქი
მილასი,მ,City,ქალაქი
მილაცო,მ,City,ქალაქი
მილდურა,მ,City,ქალაქი
მილევანი,მ,City,ქალაქი
მილემბენი,მ,City,ქალაქი
მილენა,მ,Name,სახელი
მილერის,მ,Film,ფილმი
მილერის გზაჯვარედინი,მ,Film,ფილმი
მილიონი,მ,Film,ფილმი
მილიონი შობისთვის,მ,Film,ფილმი
მილიტელო ინ ვალ დი კატანია,მ,City,ქალაქი
მილიტელო-ინ-ვალ-დი-კატანია,მ,City,ქალაქი
მილიტელოინვალდიკატანია,მ,City,ქალაქი
მილიცი,მ,City,ქალაქი
მილკი,მ,Film,ფილმი
მილოტი,მ,City,ქალაქი
მილტონი,მ,City,ქალაქი
მიმინო,მ,Animal,ცხოველი
მიმოზა,მ,Name,სახელი
მიმონგო,მ,City,ქალაქი
მინა გუასუ,მ,City,ქალაქი
მინა-გუასუ,მ,City,ქალაქი
მინაგო,მ,Name,სახელი
მინაგუასუ,მ,City,ქალაქი
მინადორა,მ,Name,სახელი
მინამირინკანი,მ,City,ქალაქი
მინას,მ,City,ქალაქი
მინას დე მატაამბრე,მ,City,ქალაქი
მინას დე ორო,მ,City,ქალაქი
მინას-დე-კორალესი,მ,City,ქალაქი
მინას-დე-მატაამბრე,მ,City,ქალაქი
მინასდემატაამბრე,მ,City,ქალაქი
მინასი,მ,City,ქალაქი
მინატიტლანი,მ,City,ქალაქი
მინბუ,მ,City,ქალაქი
მინგაორა,მ,City,ქალაქი
მინგეჩაური,მ,City,ქალაქი
მინდენი,მ,City,ქალაქი
მინდია,მ,Name,სახელი
მინდიფი,მ,City,ქალაქი
მინე ბეგი,მ,City,ქალაქი
მინე-ბეგი,მ,City,ქალაქი
მინეაპოლისი,მ,City,ქალაქი
მინებეგი,მ,City,ქალაქი
მინერალური,მ,Food,საკვები
მინერალური წყალი,მ,Food,საკვები
მინიონები,მ,Film,ფილმი
მინნა,მ,City,ქალაქი
მინსკი,მ,City,ქალაქი
მინუვანგოდა,მ,City,ქალაქი
მინუს,მ,Film,ფილმი
მინუს 22 გრადუსი ცელსიუსით,მ,Film,ფილმი
მინჩო,მ,River,მდინარე
მინცივანი,მ,City,ქალაქი
მიო,მ,Film,ფილმი
მიოვენი,მ,City,ქალაქი
მიონიცა,მ,City,ქალაქი
მიორი,მ,City,ქალაქი
მირ ბაჩჩეჰ ქოუტი,მ,City,ქალაქი
მირა,მ,River,მდინარე
მირაბადი,მ,City,ქალაქი
მირაგოანი,მ,City,ქალაქი
მირამარი,მ,City,ქალაქი
მირანდა,მ,Name,სახელი
მირანდა დუ დორუ,მ,City,ქალაქი
მირანდა-დუ-დორუ,მ,City,ქალაქი
მირანდადუდორუ,მ,City,ქალაქი
მირანდელა,მ,City,ქალაქი
მირებალე,მ,City,ქალაქი
მირზა,მ,Name,სახელი
მირზაპური,მ,City,ქალაქი
მირი,მ,City,ქალაქი
მირია,მ,City,ქალაქი
მირიან,მ,Name,სახელი
მირიანი,მ,Name,სახელი
მირინგონი,მ,City,ქალაქი
მირინდა,მ,Food,საკვები
მირონ,მ,Name,სახელი
მირონგანი,მ,City,ქალაქი
მირონცი,მ,City,ქალაქი
მირპურ-ხასი,მ,City,ქალაქი
მირპურქასი,მ,City,ქალაქი
მირუტი,მ,City,ქალაქი
მის,მ,Film,ფილმი
მის 139,მ,Film,ფილმი
მის პერეგრინის სახლი,მ,Film,ფილმი
მის პერეგრინის სახლი უჩვეულო ბავშვებისათვის,მ,Film,ფილმი
მისი,მ,Film,ფილმი
მისი აღმატებულების საიდუმლო,მ,Film,ფილმი
მისი აღმატებულების საიდუმლო სამსახურში,მ,Film,ფილმი
მისია,მ,Film,ფილმი
მისის,მ,Film,ფილმი
მისის დაუტფაირი,მ,Film,ფილმი
მისის დელოუეი,მ,Film,ფილმი
მისისიპი,მ,River,მდინარე
მისისიპის,მ,Film,ფილმი
მისისიპის ქალთევზა,მ,Film,ფილმი
მისლოვიცე,მ,City,ქალაქი
მისრათა,მ,City,ქალაქი
მისს,მ,Film,ფილმი
მისს ჯინ ბროდის,მ,Film,ფილმი
მისს ჯინ ბროდის გაფურჩქვნის ხანა,მ,Film,ფილმი
მისტელბახი,მ,City,ქალაქი
მისტერ,მ,Film,ფილმი
მისტერ არავინ,მ,Film,ფილმი
მისტერ ბინი,მ,Film,ფილმი
მისტერ მაგორიუმის ჯადოსნური,მ,Film,ფილმი
მისტერ მაგორიუმის ჯადოსნური მაღაზია,მ,Film,ფილმი
მისტერ რობოტი,მ,Film,ფილმი
მისტერ ხოჭო მიემგზავრება,მ,Film,ფილმი
მისტერ ხოჭო მიემგზავრება ქალაქში,მ,Film,ფილმი
მისტრა,მ,City,ქალაქი
მისური,მ,River,მდინარე
მიტარბულა,მ,River,მდინარე
მიტერზილი,მ,City,ქალაქი
მიტიანა,მ,City,ქალაქი
მიტილინი,მ,City,ქალაქი
მიტო,მ,City,ქალაქი
მიტროფანე,მ,Name,სახელი
მიულენდორფი,მ,City,ქალაქი
მიულუზი,მ,City,ქალაქი
მიულჰაიმი რურზე,მ,City,ქალაქი
მიულჰაუზენი,მ,City,ქალაქი
მიუმენსინგი,მ,City,ქალაქი
მიუნსტერი,მ,City,ქალაქი
მიუნხენი,მ,City,ქალაქი
მიუსერა,მ,City,ქალაქი
მიუტევებელი,მ,Film,ფილმი
მიფრინავენ,მ,Film,ფილმი
მიფრინავენ წეროები,მ,Film,ფილმი
მიქელა,მ,Name,სახელი
მიქსო,მ,City,ქალაქი
მიშა,მ,Name,სახელი
მიშველე,მ,Film,ფილმი
მიშკა,მ,Name,სახელი
მიშკოლცი,მ,City,ქალაქი
მიშო,მ,Name,სახელი
მიჩელსთაუნი,მ,City,ქალაქი
მიცამიოული,მ,City,ქალაქი
მიცერო,მ,City,ქალაქი
მიცვალებულები,მ,Film,ფილმი
მიცვალებული,მ,Film,ფილმი
მიცვალებული მოდის,მ,Film,ფილმი
მიციკი,მ,City,ქალაქი
მიცპე-რამონი,მ,City,ქალაქი
მიწას,მ,Film,ფილმი
მიწობელა,მ,River,მდინარე
მიხა,მ,Film,ფილმი
მიხაკა,მ,Plant,მცენარე
მიხაკი,მ,Plant,მცენარე
მიხარესი,მ,River,მდინარე
მიხეილ,მ,Name,სახელი
მიხეილი,მ,Name,სახელი
მიხო,მ,Name,სახელი
მიჯაჭვული,მ,Film,ფილმი
მიჯაჭვული რაინდები,მ,Film,ფილმი
მკვდარი,მ,Film,ფილმი
მკვდარი ზონა,მ,Film,ფილმი
მკვდარი პოეტების საზოგადოება,მ,Film,ფილმი
მკვლელობა,მ,Film,ფილმი
მკვლელობის,მ,Film,ფილმი
მკვლელობის ლიცენზია,მ,Film,ფილმი
მკვლელობის სახელმძღვანელო კარგი,მ,Film,ფილმი
მკვლელობის სახელმძღვანელო კარგი გოგონასთვის,მ,Film,ფილმი
მკვლელობის უფლება,მ,Film,ფილმი
მკითხველი,მ,Film,ფილმი
მკუში,მ,City,ქალაქი
მმაბათო,მ,City,ქალაქი
მმე-ბაფუმენი,მ,City,ქალაქი
მნოუნგუ,მ,City,ქალაქი
მო,მ,City,ქალაქი
მოა,მ,City,ქალაქი
მოანა,მ,Film,ფილმი
მოანდა,მ,City,ქალაქი
მოასწრო,მ,Film,ფილმი
მოასწრო შუაღამემდე,მ,Film,ფილმი
მოატიზე,მ,City,ქალაქი
მოახლის,მ,Film,ფილმი
მოახლის დღიური,მ,Film,ფილმი
მოახლოებული,მ,Film,ფილმი
მოახლოებული ვეფხვი ჩასაფრებული,მ,Film,ფილმი
"მოახლოებული ვეფხვი, ჩასაფრებული დრაკონი",მ,Film,ფილმი
მობა,მ,City,ქალაქი
მობაიე,მ,City,ქალაქი
მობაიი მბონგო,მ,City,ქალაქი
მობაიი-მბონგო,მ,City,ქალაქი
მობაიიმბონგო,მ,City,ქალაქი
მობილი,მ,City,ქალაქი
მოგადიშო,მ,City,ქალაქი
მოგზაურობა,მ,Film,ფილმი
მოგზაურობა მთვარეზე,მ,Film,ფილმი
მოგილიოვი,მ,City,ქალაქი
მოგოკი,მ,City,ქალაქი
მოდაკეკე,მ,City,ქალაქი
მოდენა,მ,City,ქალაქი
მოდი,მ,Film,ფილმი
მოდი ადრე დილით,მ,Film,ფილმი
მოდიკა,მ,City,ქალაქი
მოდილიანი,მ,Film,ფილმი
მოდლინგი,მ,City,ქალაქი
მოდრა,მ,City,ქალაქი
მოე,მ,City,ქალაქი
მოენგო,მ,City,ქალაქი
მოერევა,მ,City,ქალაქი
მოზამბიკი,მ,Country,ქვეყანა
მოზამბიკის რესპუბლიკა,მ,Country,ქვეყანა
მოზელი,მ,River,მდინარე
მოზირი,მ,City,ქალაქი
მოზირიე,მ,City,ქალაქი
მოია,მ,City,ქალაქი
მოიალე,მ,City,ქალაქი
მოიინყუმი,მ,City,ქალაქი
მოიკა,მ,River,მდინარე
მოიკოვაცი,მ,City,ქალაქი
მოინეშტი,მ,City,ქალაქი
მოიობამბა,მ,City,ქალაქი
მოიოგალპა,მ,City,ქალაქი
მოირა,მ,Film,ფილმი
მოისაკულა,მ,City,ქალაქი
მოისალა,მ,City,ქალაქი
მოიტა,მ,City,ქალაქი
მოიტაცეს,მ,Film,ფილმი
მოიტაცეს თამარ ქალი,მ,Film,ფილმი
მოკა,მ,City,ქალაქი
მოკალი,მ,Film,ფილმი
მოკალი ბილი ტომი,მ,Film,ფილმი
"მოკალი ბილი, ტომი",მ,Film,ფილმი
"მოკალი ბილი, ტომი 1",მ,Film,ფილმი
"მოკალი ბილი, ტომი 2",მ,Film,ფილმი
მოკეგუა,მ,City,ქალაქი
მოკვდი,მ,Film,ფილმი
მოკვდი სხვა დღეს,მ,Film,ფილმი
მოკლავ,მ,Film,ფილმი
მოკლავ ჯაფარას,მ,Film,ფილმი
მოკოლო,მ,City,ქალაქი
მოკონა,მ,Name,სახელი
მოკუბა,მ,City,ქალაქი
მოლდავეთი,მ,Country,ქვეყანა
მოლდოვა,მ,Country,ქვეყანა
მოლდოვის რესპუბლიკა,მ,Country,ქვეყანა
მოლე სენ-ნიკოლას,მ,City,ქალაქი
მოლეპოლოლე,მ,City,ქალაქი
მოლეტაი,მ,City,ქალაქი
მოლი,მ,City,ქალაქი
მოლიენდო,მ,City,ქალაქი
მოლინა,მ,City,ქალაქი
მოლო,მ,City,ქალაქი
მოლოგა,მ,River,მდინარე
მოლოდეჩნო,მ,City,ქალაქი
მოლომა,მ,River,მდინარე
მოლოპო,მ,River,მდინარე
მოლფეტა,მ,City,ქალაქი
მომა,მ,River,მდინარე
მომავლის,მ,Film,ფილმი
მომავლის ადამიანები,მ,Film,ფილმი
მომბასა,მ,City,ქალაქი
მომოსტენანგო,მ,City,ქალაქი
მონ დე მარსანი,მ,City,ქალაქი
მონ-დე-მარსანი,მ,City,ქალაქი
მონა,მ,Film,ფილმი
მონა ლიზას ღიმილი,მ,Film,ფილმი
მონა ჰაიტსი,მ,City,ქალაქი
მონადირე,მ,Film,ფილმი
მონადირე ზამთრის ომი,მ,Film,ფილმი
მონადირე: ზამთრის ომი,მ,Film,ფილმი
მონაზონი,მ,Film,ფილმი
მონაზონი ii,მ,Film,ფილმი
მონაკო,მ,Country,ქვეყანა
მონაკოს სამთავრო,მ,Country,ქვეყანა
მონანიება,მ,Film,ფილმი
მონაპუ,მ,City,ქალაქი
მონარაგალა,მ,City,ქალაქი
მონასტირი,მ,City,ქალაქი
მონაჰანი,მ,City,ქალაქი
მონგარი,მ,City,ქალაქი
მონგო,მ,City,ქალაქი
მონგომო,მ,City,ქალაქი
მონგუ,მ,City,ქალაქი
მონგუმბა,მ,City,ქალაქი
მონდეგილი,მ,Food,საკვები
მონდემარსანი,მ,City,ქალაქი
მონდერკანჟი,მ,City,ქალაქი
მონდლო,მ,City,ქალაქი
მონდორფ-ლე-ბენი,მ,City,ქალაქი
მონების მდინარე,მ,River,მდინარე
მონეიგი,მ,City,ქალაქი
მონემვასია,მ,City,ქალაქი
მონზე,მ,City,ქალაქი
მონთეი,მ,City,ქალაქი
მონივა,მ,City,ქალაქი
მონკაგუა,მ,City,ქალაქი
მონკლოვა,მ,City,ქალაქი
მონო,მ,River,მდინარე
მონობის,მ,Film,ფილმი
მონობის 12 წელი,მ,Film,ფილმი
მონორი,მ,City,ქალაქი
მონპარნასი,მ,Film,ფილმი
"მონპარნასი, 19",მ,Film,ფილმი
მონპელიე,მ,City,ქალაქი
მონრეალი,მ,City,ქალაქი
მონროვია,მ,City,ქალაქი
მონსანტუ,მ,City,ქალაქი
მონსაუ,მ,City,ქალაქი
მონსერატი,მ,Country,ქვეყანა
მონსეფუ,მ,City,ქალაქი
მონსი,მ,City,ქალაქი
მონსტერა,მ,Plant,მცენარე
მონსტრების,მ,Film,ფილმი
მონსტრების კორპორაცია,მ,Film,ფილმი
მონსტრების უნივერსიტეტი,მ,Film,ფილმი
მონსტრი,მ,Film,ფილმი
მონტ ორგანიზი,მ,City,ქალაქი
მონტალვო,მ,City,ქალაქი
მონტან ბლანში,მ,City,ქალაქი
მონტანა,მ,City,ქალაქი
მონტე კარლო,მ,City,ქალაქი
მონტე ლირიო,მ,City,ქალაქი
მონტე პატრია,მ,City,ქალაქი
მონტე-ეშტორილი,მ,City,ქალაქი
მონტე-კარლო,მ,City,ქალაქი
მონტე-ლირიო,მ,City,ქალაქი
მონტეგო ბეი,მ,City,ქალაქი
მონტევიდეო,მ,City,ქალაქი
მონტეკარლო,მ,City,ქალაქი
მონტეკრისტი,მ,City,ქალაქი
მონტეკრისტო,მ,Film,ფილმი
მონტელირიო,მ,City,ქალაქი
მონტემორ უ ველიუ,მ,City,ქალაქი
მონტემორ უ ნოვუ,მ,City,ქალაქი
მონტემორ-უ-ველიუ,მ,City,ქალაქი
მონტემორ-უ-ნოვუ,მ,City,ქალაქი
მონტემორუველიუ,მ,City,ქალაქი
მონტემორუნოვუ,მ,City,ქალაქი
მონტენეგრო,მ,Country,ქვეყანა
მონტენეგროს რესპუბლიკა,მ,Country,ქვეყანა
მონტეპუეზი,მ,City,ქალაქი
მონტერეი,მ,City,ქალაქი
მონტერო,მ,City,ქალაქი
მონტეს კლაროსი,მ,City,ქალაქი
მონტესი,მ,City,ქალაქი
მონტიჟუ,მ,City,ქალაქი
მონტიხო,მ,City,ქალაქი
მონტრე,მ,City,ქალაქი
მონტრეალი,მ,City,ქალაქი
მონტრეი სუ ბუა,მ,City,ქალაქი
მონტრეი-სუ-ბუა,მ,City,ქალაქი
მონტრეისუბუა,მ,City,ქალაქი
მონტროი,მ,City,ქალაქი
მონქტონი,მ,City,ქალაქი
მონღოლეთი,მ,Country,ქვეყანა
მონცა,მ,City,ქალაქი
მონხარასი,მ,City,ქალაქი
მოპარული,მ,Film,ფილმი
მოპარული კოცნები,მ,Film,ფილმი
მოპტი,მ,City,ქალაქი
მორა,მ,City,ქალაქი
მორადაბადი,მ,City,ქალაქი
მორავა,მ,River,მდინარე
მორაზანი,მ,City,ქალაქი
მორალესი,მ,City,ქალაქი
მორამანგა,მ,City,ქალაქი
მორანტ ბეი,მ,City,ქალაქი
მორატუვა,მ,City,ქალაქი
მორელგანჯი,მ,City,ქალაქი
მორელია,მ,City,ქალაქი
მორენი,მ,City,ქალაქი
მორი,მ,City,ქალაქი
მორიელი,მ,Animal,ცხოველი
მორიოკა,მ,City,ქალაქი
მორისი,მ,Name,სახელი
მორნინგტონი,მ,City,ქალაქი
მორნოსი,მ,River,მდინარე
მორო,მ,City,ქალაქი
მორონგა,მ,Food,საკვები
მორონდავა,მ,City,ქალაქი
მორონი,მ,City,ქალაქი
მორჟი,მ,City,ქალაქი
მორსელმონ სენ-ანდრე,მ,City,ქალაქი
მორსილა,მ,Food,საკვები
მორტსელი,მ,City,ქალაქი
მორფუ,მ,City,ქალაქი
მორჰედი,მ,City,ქალაქი
მოსამსახურე,მ,Film,ფილმი
მოსე,მ,Name,სახელი
მოსთარი,მ,City,ქალაქი
მოსთაღანემი,მ,City,ქალაქი
მოსი,მ,City,ქალაქი
მოსიარულე,მ,Film,ფილმი
მოსიარულე მკვდრები,მ,Film,ფილმი
მოსიმბოა,მ,City,ქალაქი
მოსიმბოა და პრაია,მ,City,ქალაქი
მოსიმბოა-და-პრაია,მ,City,ქალაქი
მოსიმბოადაპრაია,მ,City,ქალაქი
მოსკოვი,მ,City,ქალაქი
მოსკოვის ისტორია,მ,City,ქალაქი
მოსკოვს,მ,Film,ფილმი
მოსკოვს ცრემლების,მ,Film,ფილმი
მოსკოვს ცრემლების არ სჯერა,მ,Film,ფილმი
მოსონტე,მ,City,ქალაქი
მოსტაგანემი,მ,City,ქალაქი
მოსტარი,მ,City,ქალაქი
მოსტოლესი,მ,City,ქალაქი
მოსული,მ,City,ქალაქი
მოსფილოტი,მ,City,ქალაქი
მოსხათონი,მ,City,ქალაქი
მოტლავა,მ,River,მდინარე
მოტოციკლისტის,მ,Film,ფილმი
მოტოციკლისტის დღიურები,მ,Film,ფილმი
მოტრუ,მ,City,ქალაქი
მოტუეკა,მ,City,ქალაქი
მოულვი ბაზარი,მ,City,ქალაქი
მოუტაიაკა,მ,City,ქალაქი
მოუცამუდუ,მ,City,ქალაქი
მოქალაქე,მ,Film,ფილმი
მოქალაქე კეინი,მ,Film,ფილმი
მოქალაქე რუთი,მ,Film,ფილმი
მოქვი,მ,River,მდინარე
მოქცევითი,მ,Film,ფილმი
მოღრუბლულობა,მ,Film,ფილმი
მოღრუბლულობა შესაძლებელია ნალექი,მ,Film,ფილმი
"მოღრუბლულობა, შესაძლებელია ნალექი ფრიკადელების სახით",მ,Film,ფილმი
მოშონმადიაროვარი,მ,City,ქალაქი
მოჩე,მ,City,ქალაქი
მოჩვენებებზე,მ,Film,ფილმი
მოჩვენებებზე მონადირეები,მ,Film,ფილმი
მოცარელას,მ,Food,საკვები
მოცარელას ჩხირები,მ,Food,საკვები
მოცარტკუგელი,მ,Food,საკვები
მოცვი,მ,Plant,მცენარე
მოცხარი,მ,Plant,მცენარე
მოძრაობა,მ,Film,ფილმი
მოძრაობა ზემოთ,მ,Film,ფილმი
მოძღვარი,მ,Film,ფილმი
მოწმე,მ,Film,ფილმი
მოჭიდავე,მ,Film,ფილმი
მოხეტიალე,მ,Film,ფილმი
მოხეტიალე რაინდები,მ,Film,ფილმი
მოხორო,მ,City,ქალაქი
მოხუცებისთვის,მ,Film,ფილმი
მოხუცებისთვის ადგილი,მ,Film,ფილმი
მოხუცებისთვის ადგილი არ არის,მ,Film,ფილმი
მოჯადოება,მ,Film,ფილმი
მოჯადოებული,მ,Film,ფილმი
მოჯი დასი კრუზესი,მ,City,ქალაქი
მოჯო,მ,City,ქალაქი
მოჰამედ ბულაიშ ელ ჰაბატე ქსარ სგირი,მ,City,ქალაქი
მოჰაჩი,მ,City,ქალაქი
მოჰილი,მ,City,ქალაქი
მოჰილიოვი,მ,City,ქალაქი
მოჰმანდ დარაჰი,მ,City,ქალაქი
მპიგი,მ,City,ქალაქი
მპიკა,მ,City,ქალაქი
მპონგვე,მ,City,ქალაქი
მპონელა,მ,City,ქალაქი
მპოროკოსო,მ,City,ქალაქი
მპრაესო,მ,City,ქალაქი
მპულუნგუ,მ,City,ქალაქი
მპუმალანგა,მ,City,ქალაქი
მჟავა,მ,Film,ფილმი
მჟავე,მ,Food,საკვები
მჟავე ალუბლის სუპი,მ,Food,საკვები
მჟაუნა,მ,Food,საკვები
მრავალძარღვა,მ,Plant,მცენარე
მრამანი,მ,City,ქალაქი
მრამბა,მ,River,მდინარე
მრგაშათი,მ,City,ქალაქი
მრემანი,მ,City,ქალაქი
მრისხანების,მ,Film,ფილმი
მრისხანების მტევნები,მ,Film,ფილმი
მრკონიცა გრადი,მ,City,ქალაქი
მრუდე,მ,Film,ფილმი
მრუდე სახლი,მ,Film,ფილმი
მრჩეველი,მ,Film,ფილმი
მსაბაჰა,მ,Food,საკვები
მსახურთუფროსი,მ,Film,ფილმი
მსესხებელი,მ,Film,ფილმი
მსესხებელი არიეტი,მ,Film,ფილმი
მსოფლიო,მ,Film,ფილმი
მსოფლიო ომი,მ,Film,ფილმი
მსოფლიო ომი z,მ,Film,ფილმი
მსოფლიოს,მ,Film,ფილმი
მსოფლიოს გარშემო ოთხმოცი,მ,Film,ფილმი
მსოფლიოს გარშემო ოთხმოცი საოცრებისთვის,მ,Film,ფილმი
მსოფლიოს უსწრაფესი ინდიანი,მ,Film,ფილმი
მსოფლიოც,მ,Film,ფილმი
მსოფლიოც არ არის საკმარისი,მ,Film,ფილმი
მსუბუქი,მ,Film,ფილმი
მსუბუქი ყოფაქცევის ფრიადოსანი,მ,Film,ფილმი
მსურს,მ,Film,ფილმი
მსურს გავერკვე,მ,Film,ფილმი
მსუქანი,მ,Film,ფილმი
მსუქანი წლები წარსულს,მ,Film,ფილმი
მსუქანი წლები წარსულს ჩაბარდა,მ,Film,ფილმი
მსხალი,მ,Plant,მცენარე
მსხლის,მ,Food,საკვები
მსხლის სიდრი,მ,Food,საკვები
მტაკოუჯა,მ,City,ქალაქი
მტიტო ანდეი,მ,City,ქალაქი
მტკვარი,მ,River,მდინარე
მტრედი,მ,Animal,ცხოველი
მუარი,მ,City,ქალაქი
მუბენდე,მ,City,ქალაქი
მუბი,მ,City,ქალაქი
მუდანჯიანი,მ,City,ქალაქი
მუდონი,მ,City,ქალაქი
მუელე-დე-ლოს-ბუეიესი,მ,City,ქალაქი
მუზაფარგარჰი,მ,City,ქალაქი
მუზეირა,მ,City,ქალაქი
მუზეირიბი,მ,City,ქალაქი
მუი-მუი,მ,City,ქალაქი
მუილა,მ,City,ქალაქი
მუისნე,მ,City,ქალაქი
მუიუკა,მ,City,ქალაქი
მუკაჩევო,მ,City,ქალაქი
მუკდაჰანი,მ,City,ქალაქი
მუკთაგაჩა,მ,City,ქალაქი
მუკონო,მ,City,ქალაქი
მულანი,მ,Film,ფილმი
მულანჯე,მ,City,ქალაქი
მულატუპო,მ,City,ქალაქი
მულერიავა,მ,City,ქალაქი
მული,მ,City,ქალაქი
მულივაი,მ,City,ქალაქი
მულტანი,მ,City,ქალაქი
მულუზი,მ,City,ქალაქი
მულულაბა,მ,City,ქალაქი
მულქანაჰი,მ,City,ქალაქი
მულჩენი,მ,City,ქალაქი
მულხრა,მ,River,მდინარე
მუმბაი,მ,City,ქალაქი
მუმბვა,მ,City,ქალაქი
მუმია,მ,Film,ფილმი
მუმია ბრუნდება,მ,Film,ფილმი
მუმია დრაკონების იმპერატორის,მ,Film,ფილმი
მუმია დრაკონების იმპერატორის სამარხი,მ,Film,ფილმი
მუმია: დრაკონების იმპერატორის სამარხი,მ,Film,ფილმი
მუმიასი,მ,City,ქალაქი
მუმფორდი,მ,City,ქალაქი
მუნაი,მ,City,ქალაქი
მუნანა,მ,City,ქალაქი
მუნგვი,მ,City,ქალაქი
მუნდემბა,მ,City,ქალაქი
მუნდუ,მ,City,ქალაქი
მუნრეიკერი,მ,Film,ფილმი
მურ თაუნი,მ,City,ქალაქი
მურა,მ,River,მდინარე
მურაბა,მ,Food,საკვები
მურად,მ,Name,სახელი
მურანგა,მ,City,ქალაქი
მურატური,მ,Food,საკვები
მურევა,მ,City,ქალაქი
მურეი,მ,River,მდინარე
მურეი ბრიჯი,მ,City,ქალაქი
მურეში,მ,River,მდინარე
მურზაყან,მ,Name,სახელი
მურზუყი,მ,City,ქალაქი
მურთაზ,მ,Name,სახელი
მურიდკე,მ,City,ქალაქი
მურივაი-ბიჩი,მ,City,ქალაქი
მურიკაი,მ,City,ქალაქი
მურმან,მ,Name,სახელი
მურსია,მ,City,ქალაქი
მურსკა სობოტა,მ,City,ქალაქი
მურსკა-სობოტა,მ,City,ქალაქი
მურსკასობოტა,მ,City,ქალაქი
მურუპარა,მ,City,ქალაქი
მურღაბი,მ,River,მდინარე
მურღობი,მ,City,ქალაქი
მურღული,მ,City,ქალაქი
მურცუშლაგი,მ,City,ქალაქი
მურჯახეთისწყალი,მ,River,მდინარე
მუს ჯო,მ,City,ქალაქი
მუსაიდი,მ,City,ქალაქი
მუსან-იუპი,მ,City,ქალაქი
მუსასინო,მ,City,ქალაქი
მუსიკის,მ,Film,ფილმი
მუსიკის ჰანგები,მ,Film,ფილმი
მუსორო,მ,City,ქალაქი
მუსტასაარი,მ,City,ქალაქი
მუსტვეე,მ,City,ქალაქი
მუტა,მ,City,ქალაქი
მუტალა,მ,City,ქალაქი
მუტარე,მ,City,ქალაქი
მუტენგენე,მ,City,ქალაქი
მუტენცი,მ,City,ქალაქი
მუტიატელე,მ,City,ქალაქი
მუტოკო,მ,City,ქალაქი
მუტუალი,მ,City,ქალაქი
მუტფორტი,მ,City,ქალაქი
მუფულირა,მ,City,ქალაქი
მუფუმბვე,მ,City,ქალაქი
მუღანი,მ,City,ქალაქი
მუღლა,მ,City,ქალაქი
მუღობი,მ,River,მდინარე
მუშა,მ,River,მდინარე
მუში,მ,City,ქალაქი
მუშმალა,მ,Plant,მცენარე
მუშნი,მ,Name,სახელი
მუცამუდუ,მ,City,ქალაქი
მუხა,მ,Plant,მცენარე
მუხავეცი,მ,River,მდინარე
მუხლუხო,მ,Animal,ცხოველი
მუხრან,მ,Name,სახელი
მუჰამარა,მ,Food,საკვები
მუჰორონი,მ,City,ქალაქი
მუჰორორო,მ,City,ქალაქი
მფატრავები,მ,Film,ფილმი
მფრინავი,მ,Film,ფილმი
მფრინავი გემი-მოჩვენება,მ,Film,ფილმი
მფრინავი სახლი,მ,Film,ფილმი
მყოფი,მ,Film,ფილმი
მშვენიერი,მ,Film,ფილმი
მშვენიერი ცხოვრება,მ,Film,ფილმი
მშვიდობა,მ,Film,ფილმი
მშვიდობისა,მ,Film,ფილმი
მშობლიურო,მ,Film,ფილმი
მშობლიურო ჩემო მიწავ,მ,Film,ფილმი
მშოში,მ,Food,საკვები
მჩინჯი,მ,City,ქალაქი
მცველები,მ,Film,ფილმი
მცველი,მ,Film,ფილმი
მცველი დორა,მ,Film,ფილმი
მცხეთა,მ,City,ქალაქი
მძევალი,მ,Film,ფილმი
მძევლები,მ,Film,ფილმი
მძიმე,მ,Film,ფილმი
მძიმე დღის ღამე,მ,Film,ფილმი
მძიმე მეტალი,მ,Film,ფილმი
მძინარე,მ,Film,ფილმი
მძინარე მზეთუნახავი,მ,Film,ფილმი
მძინარენი,მ,Film,ფილმი
მძოვრეთი,მ,City,ქალაქი
მწამდო,მ,City,ქალაქი
მწარე,მ,Film,ფილმი
მწარე ბრინჯი,მ,Film,ფილმი
მწარე მთვარე,მ,Film,ფილმი
მწერი,მ,Animal,ცხოველი
მწერის,მ,Film,ფილმი
მწერის ცხოვრება,მ,Film,ფილმი
მწვანე,მ,Food,საკვები
მწვანე კოლა,მ,Food,საკვები
მწვანე მილი,მ,Film,ფილმი
მწვანე წიგნი,მ,Film,ფილმი
მჭიშთა,მ,River,მდინარე
მხატვარი,მ,Film,ფილმი
მხევლის,მ,Film,ფილმი
მხევლის წიგნი,მ,Film,ფილმი
მხიარულები,მ,Film,ფილმი
მხიარულები და უდარდელები,მ,Film,ფილმი
მხიარული,მ,Film,ფილმი
მხიარული თამაშები,მ,Film,ფილმი
მხიარული კვირა დღე,მ,Film,ფილმი
მხიარული რომანი,მ,Film,ფილმი
მხოლოდ,მ,Film,ფილმი
მხოლოდ თქვენი თვალებისათვის,მ,Film,ფილმი
მხოლოდ ორჯერ ცოცხლობ,მ,Film,ფილმი
მხოლოდ ყველა,მ,Film,ფილმი
მხოლოდ შეყვარებულები გადარჩებიან,მ,Film,ფილმი
მხსნელი,მ,Film,ფილმი
მჯამაუე,მ,City,ქალაქი
მჯიმანდრა,მ,City,ქალაქი
მჯოიეზი,მ,City,ქალაქი
მჰანგურა,მ,City,ქალაქი
ნёйი-სიურსენი,ნ,City,ქალაქი
ნაბინაგარი,ნ,City,ქალაქი
ნაგა,ნ,City,ქალაქი
ნაგანო,ნ,City,ქალაქი
ნაგაოკა,ნ,City,ქალაქი
ნაგაროტე,ნ,City,ქალაქი
ნაგასაკი,ნ,City,ქალაქი
ნაგესვარი,ნ,City,ქალაქი
ნაგოია,ნ,City,ქალაქი
ნაგპური,ნ,City,ქალაქი
ნადეჟდა,ნ,Name,სახელი
ნადირ,ნ,Food,საკვები
ნადირ მონჯი,ნ,Food,საკვები
ნადირობა,ნ,Film,ფილმი
ნადირობა გოლუმზე,ნ,Film,ფილმი
ნადირობის,ნ,Film,ფილმი
ნადირობის სეზონი,ნ,Film,ფილმი
ნადკანიჟა,ნ,City,ქალაქი
ნადკოროში,ნ,City,ქალაქი
ნადორი,ნ,City,ქალაქი
ნავა,ნ,City,ქალაქი
ნავაბ სითი,ნ,City,ქალაქი
ნავაბგანჯი,ნ,City,ქალაქი
ნავაბშაჰი,ნ,City,ქალაქი
ნავანი,ნ,City,ქალაქი
ნავაპოლაცკი,ნ,City,ქალაქი
ნავახრუდაკი,ნ,City,ქალაქი
ნავთობისა,ნ,Film,ფილმი
ნავთობისა და მილიონების სამეფოში,ნ,Film,ფილმი
ნავიგატორის,ნ,Film,ფილმი
ნავიგატორის გაფრენა,ნ,Film,ფილმი
ნავრონგო,ნ,City,ქალაქი
ნაზარეველი,ნ,Film,ფილმი
ნაზარეთ ილითი,ნ,City,ქალაქი
ნაზარეთ-ილითი,ნ,City,ქალაქი
ნაზარეთი,ნ,City,ქალაქი
ნაზარეთილითი,ნ,City,ქალაქი
ნაზი,ნ,Name,სახელი
ნაზი კანი,ნ,Film,ფილმი
ნაზიბროლა,ნ,Name,სახელი
ნაზილი,ნ,City,ქალაქი
ნაზრეთი,ნ,City,ქალაქი
ნათანზი,ნ,City,ქალაქი
ნათება,ნ,Film,ფილმი
ნათელა,ნ,Name,სახელი
ნათია,ნ,Name,სახელი
ნათია და ნათია,ნ,Film,ფილმი
ნათლია,ნ,Film,ფილმი
ნათლიმამა,ნ,Film,ფილმი
ნათლიმამა ii,ნ,Film,ფილმი
ნათლიმამა iii,ნ,Film,ფილმი
ნაია,ნ,Name,სახელი
ნაიარევი,ნ,Film,ფილმი
ნაიარევი სახე,ნ,Film,ფილმი
ნაივაშა,ნ,City,ქალაქი
ნაილი,ნ,Name,სახელი
ნაინი,ნ,City,ქალაქი
ნაირა,ნ,Name,სახელი
ნაირობი,ნ,City,ქალაქი
ნაიფარუ,ნ,City,ქალაქი
ნაიფიიდო,ნ,City,ქალაქი
ნაიჯელი,ნ,City,ქალაქი
ნაკა,ნ,City,ქალაქი
ნაკალა,ნ,City,ქალაქი
ნაკამბალა,ნ,City,ქალაქი
ნაკაომე,ნ,City,ქალაქი
ნაკასონგოლა,ნ,City,ქალაქი
ნაკო,ნ,City,ქალაქი
ნაკონდე,ნ,City,ქალაქი
ნაკრა,ნ,River,მდინარე
ნაკსკოვი,ნ,City,ქალაქი
ნაკურუ,ნ,City,ქალაქი
ნაკფა,ნ,City,ქალაქი
ნალბანდიანი,ნ,City,ქალაქი
ნალევკა,ნ,Food,საკვები
ნალივკა,ნ,Food,საკვები
ნალუთი,ნ,City,ქალაქი
ნალჩითი,ნ,City,ქალაქი
ნამანგა,ნ,City,ქალაქი
ნამასუბა,ნ,City,ქალაქი
ნამატანაი,ნ,City,ქალაქი
ნამბური,ნ,City,ქალაქი
ნამდვილი,ნ,Film,ფილმი
ნამდვილი კავკასიელი,ნ,Film,ფილმი
ნამდვილი სისხლი,ნ,Film,ფილმი
ნამვალა,ნ,City,ქალაქი
ნამიალუ,ნ,City,ქალაქი
ნამიანგ-დონგი,ნ,City,ქალაქი
ნამიანჯუ,ნ,City,ქალაქი
ნამიბე,ნ,City,ქალაქი
ნამიბია,ნ,Country,ქვეყანა
ნამიბიის რესპუბლიკა,ნ,Country,ქვეყანა
ნამპულა,ნ,City,ქალაქი
ნამსხვრევები,ნ,Film,ფილმი
ნამური,ნ,City,ქალაქი
ნამუშევარი,ნ,Film,ფილმი
ნამუშევარი ავტორის გარეშე,ნ,Film,ფილმი
ნან,ნ,City,ქალაქი
ნანა,ნ,Name,სახელი
ნანავა,ნ,City,ქალაქი
ნანაიმო,ნ,City,ქალაქი
ნანამზე,ნ,Name,სახელი
ნანამი,ნ,City,ქალაქი
ნანგა ებოკო,ნ,City,ქალაქი
ნანგი,ნ,City,ქალაქი
ნანდაიმე,ნ,City,ქალაქი
ნანდასმო,ნ,City,ქალაქი
ნანდი,ნ,City,ქალაქი
ნანდი ჰილსი,ნ,City,ქალაქი
ნანე,ნ,Name,სახელი
ნანი,ნ,Name,სახელი
ნანიკო,ნ,Name,სახელი
ნანინგი,ნ,City,ქალაქი
ნანიუკი,ნ,City,ქალაქი
ნანკა,ნ,Name,სახელი
ნანკინი,ნ,City,ქალაქი
ნანნინგი,ნ,City,ქალაქი
ნანო,ნ,Name,სახელი
ნანორტალიკი,ნ,City,ქალაქი
ნანსანა,ნ,City,ქალაქი
ნანსი,ნ,City,ქალაქი
ნანტალი,ნ,City,ქალაქი
ნანტერი,ნ,City,ქალაქი
ნანტი,ნ,City,ქალაქი
ნანტუნგი,ნ,City,ქალაქი
ნანული,ნ,Name,სახელი
ნანჩანი,ნ,City,ქალაქი
ნანჩონგი,ნ,City,ქალაქი
ნანჯინგი,ნ,City,ქალაქი
ნაოუსა,ნ,City,ქალაქი
ნაპატა,ნ,City,ქალაქი
ნაპერწკლები,ნ,Film,ფილმი
ნაპერწკლები თვალებიდან,ნ,Film,ფილმი
ნაპო,ნ,River,მდინარე
ნაპოლეონი,ნ,Food,საკვები
ნაპოლი,ნ,City,ქალაქი
ნარა,ნ,City,ქალაქი
ნარათივატი,ნ,City,ქალაქი
ნარაიანგანჯი,ნ,City,ქალაქი
ნარაილი,ნ,City,ქალაქი
ნარანხალი,ნ,City,ქალაქი
ნარანხიტო,ნ,City,ქალაქი
ნარანხო,ნ,City,ქალაქი
ნარანჯალი,ნ,City,ქალაქი
ნარგიზა,ნ,Name,სახელი
ნარგული,ნ,Name,სახელი
ნარდარანი,ნ,City,ქალაქი
ნარეკვავი,ნ,River,მდინარე
ნარვა,ნ,City,ქალაქი
ნარვა იიესუუ,ნ,City,ქალაქი
ნარვა-იიესუუ,ნ,City,ქალაქი
ნარვა-ჯოესუ,ნ,City,ქალაქი
ნარვაიიესუუ,ნ,City,ქალაქი
ნარვალი,ნ,Animal,ცხოველი
ნარიმან,ნ,Name,სახელი
ნარინჯი,ნ,Food,საკვები
ნარმადი,ნ,River,მდინარე
ნარო მორუ,ნ,City,ქალაქი
ნარო-მორუ,ნ,City,ქალაქი
ნაროვალი,ნ,City,ქალაქი
ნაროკი,ნ,City,ქალაქი
ნარომორუ,ნ,City,ქალაქი
ნარსაკი,ნ,City,ქალაქი
ნარსინგდი,ნ,City,ქალაქი
ნარუჯა,ნ,City,ქალაქი
ნარჩიტა,ნ,Film,ფილმი
ნარჩიტა მომღერალი ჩიტია,ნ,Film,ფილმი
ნარცისი,ნ,Plant,მცენარე
ნასაუ,ნ,City,ქალაქი
ნასიკი,ნ,City,ქალაქი
ნასიმიენტო,ნ,City,ქალაქი
ნასირია,ნ,City,ქალაქი
ნასიცე,ნ,City,ქალაქი
ნასკა,ნ,City,ქალაქი
ნასტოლა,ნ,City,ქალაქი
ნატა,ნ,City,ქალაქი
ნატალი,ნ,City,ქალაქი
ნატალია,ნ,Name,სახელი
ნატალიო,ნ,City,ქალაქი
ნატანები,ნ,River,მდინარე
ნატვრის,ნ,Film,ფილმი
ნატვრის ხე,ნ,Film,ფილმი
ნატიტინგუ,ნ,City,ქალაქი
ნატო,ნ,Name,სახელი
ნაუგარზანი,ნ,City,ქალაქი
ნაუიოიი აკმენე,ნ,City,ქალაქი
ნაუიოიი აკმიანე,ნ,City,ქალაქი
ნაუიოიი-აკმიანე,ნ,City,ქალაქი
ნაუიოიიაკმიანე,ნ,City,ქალაქი
ნაუკალპან-დე-ხუარესი,ნ,City,ქალაქი
ნაუკალპანი,ნ,City,ქალაქი
ნაურუ,ნ,Country,ქვეყანა
ნაურუს რესპუბლიკა,ნ,Country,ქვეყანა
ნაუსიკაა,ნ,Film,ფილმი
ნაუსიკაა ქარების ხეობიდან,ნ,Film,ფილმი
ნაფთალანი,ნ,City,ქალაქი
ნაფოტი,ნ,Film,ფილმი
ნაფპლიო,ნ,City,ქალაქი
ნაქონ-პატომი,ნ,City,ქალაქი
ნაქონ-რაჩასიმა,ნ,City,ქალაქი
ნაქონ-სი-თამარატი,ნ,City,ქალაქი
ნაქონ-ფანომი,ნ,City,ქალაქი
ნაქულბაქევი,ნ,City,ქალაქი
ნაღვარევი,ნ,City,ქალაქი
ნაცრისფერი,ნ,Food,საკვები
ნაცრისფერი სიდამპლე,ნ,Food,საკვები
ნაძვი,ნ,Plant,მცენარე
ნაჭერი,ნ,Film,ფილმი
ნახასა,ნ,City,ქალაქი
ნახევარქათამა,ნ,Film,ფილმი
ნახვამდის,ნ,Film,ფილმი
ნახვამდის ბავშვებო,ნ,Film,ფილმი
"ნახვამდის, ბავშვებო",ნ,Film,ფილმი
ნახიჩევანი,ნ,City,ქალაქი
ნახიჩევანის,ნ,Food,საკვები
ნახიჩევანის მინერალური წყლები,ნ,Food,საკვები
ნახიჩევანჩაი,ნ,River,მდინარე
ნაჯაფი,ნ,City,ქალაქი
ნაჯინი,ნ,City,ქალაქი
ნაჰა,ნ,City,ქალაქი
ნაჰარია,ნ,City,ქალაქი
ნაჰიათ ალ-ფუჰუდი,ნ,City,ქალაქი
ნაჰრინი,ნ,City,ქალაქი
ნაჰუალა,ნ,City,ქალაქი
ნაჰუიზალკო,ნ,City,ქალაქი
ნაჰფი,ნ,City,ქალაქი
ნგამა,ნ,City,ქალაქი
ნგამბე,ნ,City,ქალაქი
ნგანგლამი,ნ,City,ქალაქი
ნგარამაში,ნ,City,ქალაქი
ნგატეა,ნ,City,ქალაქი
ნგაუნდერე,ნ,City,ქალაქი
ნგეკოხი,ნ,City,ქალაქი
ნგერმექაუ,ნ,City,ქალაქი
ნგერულმუდი,ნ,City,ქალაქი
ნგეტკიბი,ნ,City,ქალაქი
ნგიგმი,ნ,City,ქალაქი
ნგონგი,ნ,City,ქალაქი
ნგუნგურუ,ნ,City,ქალაქი
ნგურუ,ნ,City,ქალაქი
ნგუტი,ნ,City,ქალაქი
ნდელე,ნ,City,ქალაქი
ნდენდე,ნ,City,ქალაქი
ნდიბენე-დარა,ნ,City,ქალაქი
ნდიკინიმეკი,ნ,City,ქალაქი
ნდიუმი,ნ,City,ქალაქი
ნდოლა,ნ,City,ქალაქი
ნდომი,ნ,City,ქალაქი
ნდოფანე,ნ,City,ქალაქი
ნეა ერიტრია,ნ,City,ქალაქი
ნეა იონია,ნ,City,ქალაქი
ნეა ლიოსია,ნ,City,ქალაქი
ნეა მაკრი,ნ,City,ქალაქი
ნეა სმირნი,ნ,City,ქალაქი
ნეა ფილადელფია,ნ,City,ქალაქი
ნეამორი,ნ,Animal,ცხოველი
ნეაპოლი,ნ,City,ქალაქი
ნეაპოლის,ნ,Film,ფილმი
ნეაპოლის ოქრო,ნ,Film,ფილმი
ნებახი,ნ,City,ქალაქი
ნები,ნ,City,ქალაქი
ნების,ნ,Film,ფილმი
ნების ტრიუმფი,ნ,Film,ფილმი
ნებრასკა,ნ,Film,ფილმი
ნეგ ჰამადანი,ნ,City,ქალაქი
ნეგ-ჰამადანი,ნ,City,ქალაქი
ნეგომბო,ნ,City,ქალაქი
ნეგოტინი,ნ,City,ქალაქი
ნეგოტინო,ნ,City,ქალაქი
ნეგრონი,ნ,Food,საკვები
ნეგრუ,ნ,River,მდინარე
ნეგჰამადანი,ნ,City,ქალაქი
ნედ კელი,ნ,Film,ფილმი
ნედა,ნ,River,მდინარე
ნედელიცე,ნ,City,ქალაქი
ნევა,ნ,River,მდინარე
ნევა–სვირი–სუნა,ნ,River,მდინარე
ნევეჟისი,ნ,River,მდინარე
ნევეშინე,ნ,City,ქალაქი
ნევკა,ნ,River,მდინარე
ნევოდარი,ნ,City,ქალაქი
ნევშატელი,ნ,City,ქალაქი
ნევშეჰირი,ნ,City,ქალაქი
ნეთანია,ნ,City,ქალაქი
ნეთივოთი,ნ,City,ქალაქი
ნეიაფუ,ნ,City,ქალაქი
ნეიკერკი,ნ,City,ქალაქი
ნეიმეგენი,ნ,City,ქალაქი
ნეიპირი,ნ,City,ქალაქი
ნეისი,ნ,City,ქალაქი
ნეკარი,ნ,River,მდინარე
ნეკერჩხალი,ნ,Plant,მცენარე
ნეკოჩეა,ნ,City,ქალაქი
ნელი,ნ,Name,სახელი
ნელორი,ნ,City,ქალაქი
ნელსონი,ნ,River,მდინარე
ნელსპრუიტი,ნ,City,ქალაქი
ნემანი,ნ,River,მდინარე
ნემბი,ნ,City,ქალაქი
ნემენჩინე,ნ,City,ქალაქი
ნემოს,ნ,Film,ფილმი
ნემოს ძიებაში,ნ,Film,ფილმი
ნემსიყლაპია,ნ,Animal,ცხოველი
ნენე,ნ,Name,სახელი
ნენსკრა,ნ,River,მდინარე
ნეონის,ნ,Film,ფილმი
ნეონის ღმერთის ამბოხებულები,ნ,Film,ფილმი
ნეპალი,ნ,Country,ქვეყანა
ნეპალის ფედერაციული დემოკრატიული რესპუბლიკა,ნ,Country,ქვეყანა
ნერა,ნ,River,მდინარე
ნერანგი,ნ,City,ქალაქი
ნერგები,ნ,Film,ფილმი
ნერესუნბიუ,ნ,City,ქალაქი
ნერიმა,ნ,City,ქალაქი
ნერინგა,ნ,City,ქალაქი
ნერსე,ნ,Name,სახელი
ნესაუალკოიოტლი,ნ,City,ქალაქი
ნესებირი,ნ,City,ქალაქი
ნესვი,ნ,Plant,მცენარე
ნესვის,ნ,Food,საკვები
ნესვის ხე,ნ,Food,საკვები
ნესკაუპსტადური,ნ,City,ქალაქი
ნესტან,ნ,Name,სახელი
ნესტან-დარეჯან,ნ,Name,სახელი
ნესტანი,ნ,Name,სახელი
ნესტვედი,ნ,City,ქალაქი
ნესტორ,ნ,Name,სახელი
ნესშე,ნ,City,ქალაქი
ნეტრაკონა,ნ,City,ქალაქი
ნეუგუნტრამსდორფი,ნ,City,ქალაქი
ნეუკენი,ნ,City,ქალაქი
ნეფთჩალა,ნ,City,ქალაქი
ნეფტა,ნ,City,ქალაქი
ნეფტეობოდი,ნ,City,ქალაქი
ნეშერი,ნ,City,ქალაქი
ნეძვისწყალი,ნ,River,მდინარე
ნეჯო,ნ,City,ქალაქი
ნეჰალიმი,ნ,City,ქალაქი
ნზოია,ნ,River,მდინარე
ნია,ნ,Name,სახელი
ნიაგარა,ნ,River,მდინარე
ნიაზ,ნ,Name,სახელი
ნიაზვიში,ნ,City,ქალაქი
ნიაზურა,ნ,City,ქალაქი
ნიაკო,ნ,Name,სახელი
ნიამეი,ნ,City,ქალაქი
ნიამორი,ნ,Animal,ცხოველი
ნიამტუგუ,ნ,City,ქალაქი
ნიანგა,ნ,City,ქალაქი
ნიანგი,ნ,Animal,ცხოველი
ნიანგი დანდი,ნ,Film,ფილმი
ნიანგი დანდი ii,ნ,Film,ფილმი
ნიანგი დანდი ლოს-ანჯელესში,ნ,Film,ფილმი
ნიანია,ნ,Name,სახელი
ნიარდვიკი,ნ,City,ქალაქი
ნიაუნგდონი,ნ,City,ქალაქი
ნიაუნგლებინი,ნ,City,ქალაქი
ნიახური,ნ,Plant,მცენარე
ნიაჰურურუ,ნ,City,ქალაქი
ნიბელუნგების,ნ,Film,ფილმი
ნიბელუნგების ბეჭედი,ნ,Film,ფილმი
ნიბონგ ტებალი,ნ,City,ქალაქი
ნიბორგი,ნ,City,ქალაქი
ნიგერი,ნ,Country,ქვეყანა
ნიგერია,ნ,Country,ქვეყანა
ნიგერიის ფედერაციული რესპუბლიკა,ნ,Country,ქვეყანა
ნიგერის რესპუბლიკა,ნ,Country,ქვეყანა
ნიგოზი,ნ,Plant,მცენარე
ნიდა,ნ,City,ქალაქი
ნიდერ-რაინი,ნ,River,მდინარე
ნიდერანვენი,ნ,City,ქალაქი
ნიდერკორნი,ნ,City,ქალაქი
ნიდერლანდები,ნ,Country,ქვეყანა
ნიდერლანდი,ნ,Country,ქვეყანა
ნიდერფოილენი,ნ,City,ქალაქი
ნიეივე-მაასი,ნ,River,მდინარე
ნიეივე-მერვედე,ნ,River,მდინარე
ნიემბი,ნ,City,ქალაქი
ნიერი,ნ,City,ქალაქი
ნივალა,ნ,City,ქალაქი
ნიველესი,ნ,City,ქალაქი
ნივეხეინი,ნ,City,ქალაქი
ნივრის,ნ,Food,საკვები
ნივრის კვანძები,ნ,Food,საკვები
ნივშერა,ნ,River,მდინარე
ნიზვა,ნ,City,ქალაქი
ნიზიპი,ნ,City,ქალაქი
ნიიგატა,ნ,City,ქალაქი
ნიიკაპუ,ნ,River,მდინარე
ნიიმბა,ნ,City,ქალაქი
ნიკა,ნ,Name,სახელი
ნიკაია,ნ,City,ქალაქი
ნიკარაგუა,ნ,Country,ქვეყანა
ნიკარაგუის რესპუბლიკა,ნ,Country,ქვეყანა
ნიკარგუა,ნ,Country,ქვეყანა
ნიკასტრო,ნ,City,ქალაქი
ნიკეა,ნ,City,ქალაქი
ნიკერო,ნ,City,ქალაქი
ნიკი,ნ,City,ქალაქი
ნიკინოჰომო,ნ,City,ქალაქი
ნიკიტა,ნ,Film,ფილმი
ნიკო,ნ,Name,სახელი
ნიკობინგ მორსი,ნ,City,ქალაქი
ნიკობინგ ფალსტერი,ნ,City,ქალაქი
ნიკოზია,ნ,City,ქალაქი
ნიკოია,ნ,City,ქალაქი
ნიკოლას-რომერო,ნ,City,ქალაქი
ნიკოლოზ,ნ,Name,სახელი
ნიკოლოზი,ნ,Name,სახელი
ნიკომედია,ნ,City,ქალაქი
ნიკოპოლი,ნ,City,ქალაქი
ნიკოფსი,ნ,City,ქალაქი
ნიკუშა,ნ,Name,სახელი
ნიკშიჩი,ნ,City,ქალაქი
ნილოსი,ნ,River,მდინარე
ნილოსიი,ნ,River,მდინარე
ნიმი,ნ,City,ქალაქი
ნიმულე,ნ,City,ქალაქი
ნინა,ნ,City,ქალაქი
ნინა-ბრიჯი,ნ,City,ქალაქი
ნინგბო,ნ,City,ქალაქი
ნინდირი,ნ,City,ქალაქი
ნინელი,ნ,Name,სახელი
ნინესჰამნი,ნ,City,ქალაქი
ნინი,ნ,Name,სახელი
ნინია,ნ,Name,სახელი
ნინო,ნ,Name,სახელი
ნინოვე,ნ,City,ქალაქი
ნინოსხევი,ნ,River,მდინარე
ნინოჩკა,ნ,Film,ფილმი
ნინოწმინდა,ნ,City,ქალაქი
ნინძები,ნ,Film,ფილმი
ნიონი,ნ,City,ქალაქი
ნიორი,ნ,City,ქალაქი
ნიორო-დუ-რიპი,ნ,City,ქალაქი
ნიოუმამილიმა,ნ,City,ქალაქი
ნიოუმაჩუა,ნ,City,ქალაქი
ნიჟინი,ნ,City,ქალაქი
ნირბატორი,ნ,City,ქალაქი
ნირედჰაზა,ნ,City,ქალაქი
ნირსი,ნ,River,მდინარე
ნისა,ნ,Name,სახელი
ნისა-ზამლმიე,ნ,City,ქალაქი
ნისა-ლუჟიცკა,ნ,River,მდინარე
ნისანი,ნ,River,მდინარე
ნისეტო პერესი,ნ,City,ქალაქი
ნისეტო-პერესი,ნ,City,ქალაქი
ნისეტოპერესი,ნ,City,ქალაქი
ნისვა,ნ,City,ქალაქი
ნისი,ნ,City,ქალაქი
ნისიმე,ნ,Name,სახელი
ნისლიანი,ნ,Film,ფილმი
ნისლიანი მთვარე წვიმის,ნ,Film,ფილმი
ნისლიანი მთვარე წვიმის შემდეგ,ნ,Film,ფილმი
ნიტა,ნ,Name,სახელი
ნიტეროი,ნ,City,ქალაქი
ნიტრა,ნ,River,მდინარე
ნიუ ამსტერდამი,ნ,City,ქალაქი
ნიუ გლასგო,ნ,City,ქალაქი
ნიუ გროვი,ნ,City,ქალაქი
ნიუ დელი,ნ,City,ქალაქი
ნიუ ვესტმინსტერი,ნ,City,ქალაქი
ნიუ იორკი,ნ,City,ქალაქი
ნიუ იუორკი,ნ,City,ქალაქი
ნიუ კინგსტონი,ნ,City,ქალაქი
ნიუ ორლეანი,ნ,City,ქალაქი
ნიუ პლიმუთი,ნ,City,ქალაქი
ნიუ ჰეივენი,ნ,City,ქალაქი
ნიუ-ამსტერდამი,ნ,City,ქალაქი
ნიუ-დელი,ნ,City,ქალაქი
ნიუ-იეკეპა,ნ,City,ქალაქი
ნიუ-იორკი,ნ,City,ქალაქი
ნიუ-იორკის,ნ,Film,ფილმი
ნიუ-იორკის ბანდები,ნ,Film,ფილმი
ნიუ-ნიკერი,ნ,City,ქალაქი
ნიუ-პლიმუთი,ნ,City,ქალაქი
ნიუ-როსი,ნ,City,ქალაქი
ნიუ-ჰეივენი,ნ,City,ქალაქი
ნიუარკი,ნ,City,ქალაქი
ნიუბრიჯი,ნ,City,ქალაქი
ნიუდელი,ნ,City,ქალაქი
ნიუე,ნ,Country,ქვეყანა
ნიუთაუნ-ტრიმი,ნ,City,ქალაქი
ნიუიორკი,ნ,City,ქალაქი
ნიუკასლ აპონ ტაინი,ნ,City,ქალაქი
ნიუკასლ-აპონ-ტაინი,ნ,City,ქალაქი
ნიუკასლაპონტაინი,ნ,City,ქალაქი
ნიუკასლი,ნ,City,ქალაქი
ნიუმბერგი,ნ,City,ქალაქი
ნიუორკი,ნ,City,ქალაქი
ნიუპლიმუთი,ნ,City,ქალაქი
ნიუპორტ ნიუსი,ნ,City,ქალაქი
ნიუპორტ-ნიუსი,ნ,City,ქალაქი
ნიუპორტი,ნ,City,ქალაქი
ნიუპორტნიუსი,ნ,City,ქალაქი
ნიურნბერგი,ნ,City,ქალაქი
ნიუტი,ნ,Animal,ცხოველი
ნიუჩეპინგი,ნ,City,ქალაქი
ნიუჰეივენი,ნ,City,ქალაქი
ნიქოზია,ნ,City,ქალაქი
ნიქსონი,ნ,Film,ფილმი
ნიღაბი,ნ,Film,ფილმი
ნიღაბჩამოხსნილი,ნ,Film,ფილმი
ნიღაბჩამოხსნილი სახე,ნ,Film,ფილმი
ნიღდე,ნ,City,ქალაქი
ნიშაბური,ნ,City,ქალაქი
ნიში,ნ,City,ქალაქი
ნიშინომია,ნ,City,ქალაქი
ნიშნავს,ნ,Film,ფილმი
ნიშნავს ვენდეტას,ნ,Film,ფილმი
ნიჩბისისწყალი,ნ,River,მდინარე
ნიცა,ნ,Name,სახელი
ნიჭიერი,ნ,Film,ფილმი
ნიჭიერი უილ ჰანტინგი,ნ,Film,ფილმი
ნკაკაო,ნ,City,ქალაქი
ნკონსამბა,ნ,City,ქალაქი
ნკოტენგი,ნ,City,ქალაქი
ნკპორი,ნ,City,ქალაქი
ნნევი,ნ,City,ქალაქი
ნოა,ნ,Name,სახელი
ნოგერა-რიბაგორსანა,ნ,River,მდინარე
ნოდარ,ნ,Name,სახელი
ნოდარი,ნ,Name,სახელი
ნოდო,ნ,Name,სახელი
ნოე,ნ,Name,სახელი
ნოემბერიანი,ნ,City,ქალაქი
ნოერცანჟი,ნ,City,ქალაქი
ნოვა გორიცა,ნ,City,ქალაქი
ნოვა გრადიშკა,ნ,City,ქალაქი
ნოვა ზაგორა,ნ,City,ქალაქი
ნოვა იგუასუ,ნ,City,ქალაქი
ნოვა იგუაცუ,ნ,City,ქალაქი
ნოვა-გორიცა,ნ,City,ქალაქი
ნოვა-იგუასუ,ნ,City,ქალაქი
ნოვა-კახოვკა,ნ,City,ქალაქი
ნოვაგორიცა,ნ,City,ქალაქი
ნოვაიგუასუ,ნ,City,ქალაქი
ნოვარა,ნ,City,ქალაქი
ნოვგოროდი,ნ,City,ქალაქი
ნოვე-ტიხი,ნ,City,ქალაქი
ნოვი,ნ,City,ქალაქი
ნოვი პაზარი,ნ,City,ქალაქი
ნოვი სონჩი,ნ,City,ქალაქი
ნოვი ტარგი,ნ,City,ქალაქი
ნოვი ტრავნიკი,ნ,City,ქალაქი
ნოვი-სონჩი,ნ,City,ქალაქი
ნოვი-ტარგი,ნ,City,ქალაქი
ნოვისონჩი,ნ,City,ქალაქი
ნოვიტარგი,ნ,City,ქალაქი
ნოვო მესტო,ნ,City,ქალაქი
ნოვო ჰამბურგო,ნ,City,ქალაქი
ნოვო-მესტო,ნ,City,ქალაქი
ნოვობოდი,ნ,City,ქალაქი
ნოვომესტო,ნ,City,ქალაქი
ნოვოსიბირსკი,ნ,City,ქალაქი
ნოვსკა,ნ,City,ქალაქი
ნოვშერა-კანტონმენტი,ნ,City,ქალაქი
ნოიემბერიანი,ნ,City,ქალაქი
ნოიზი-ლე-გრანი,ნ,City,ქალაქი
ნოინკირხენი,ნ,City,ქალაქი
ნოისი,ნ,City,ქალაქი
ნოიშტადტი,ნ,City,ქალაქი
ნოკია,ნ,City,ქალაქი
ნოკული,ნ,Food,საკვები
ნოლა,ნ,City,ქალაქი
ნოლჰივარანფარუ,ნ,City,ქალაქი
ნონა,ნ,Name,სახელი
ნონგ-ხაე,ნ,City,ქალაქი
ნონგ-ხაი,ნ,City,ქალაქი
ნოო,ნ,City,ქალაქი
ნორ გეხი,ნ,City,ქალაქი
ნორ ჰაჭენი,ნ,City,ქალაქი
ნორ-ჰაჭენი,ნ,City,ქალაქი
ნორა,ნ,Name,სახელი
ნორაკი,ნ,City,ქალაქი
ნორატუსი,ნ,City,ქალაქი
ნორაშენი,ნ,City,ქალაქი
ნორდბორგი,ნ,City,ქალაქი
ნორდი,ნ,River,მდინარე
ნორდია,ნ,City,ქალაქი
ნორვეგია,ნ,Country,ქვეყანა
ნორვეგიის სამეფო,ნ,Country,ქვეყანა
ნორთ ბატელფორდი,ნ,City,ქალაქი
ნორთ ბეი,ნ,City,ქალაქი
ნორთ ვანკუვერი,ნ,City,ქალაქი
ნორთ კოუვიჩანი,ნ,City,ქალაქი
ნორთ-ესკი,ნ,River,მდინარე
ნორთ-შორი,ნ,City,ქალაქი
ნორი,ნ,Plant,მცენარე
ნორსაგარაი,ნ,City,ქალაქი
ნორტელიე,ნ,City,ქალაქი
ნორტონი,ნ,City,ქალაქი
ნორფოლკი,ნ,City,ქალაქი
ნორფოლკის კუნძული,ნ,Country,ქვეყანა
ნორჩეპინგი,ნ,City,ქალაქი
ნორჰაჭენი,ნ,City,ქალაქი
ნოსი ვარიკა,ნ,City,ქალაქი
ნოსობი,ნ,River,მდინარე
ნოსტალგია,ნ,Film,ფილმი
ნოსფერატუ-საშინელებათა,ნ,Film,ფილმი
ნოსფერატუ-საშინელებათა სიმფონია,ნ,Film,ფილმი
ნოტეცი,ნ,River,მდინარე
ნოტინგემი,ნ,City,ქალაქი
ნოტო,ნ,City,ქალაქი
ნოტრ-დამი,ნ,City,ქალაქი
ნოუ ბარისი,ნ,City,ქალაქი
ნოუარა,ნ,City,ქალაქი
ნოუბარია,ნ,City,ქალაქი
ნოფოალი,ნ,City,ქალაქი
ნოქალაქევი,ნ,City,ქალაქი
ნოღელა,ნ,River,მდინარე
ნოშრევან,ნ,Name,სახელი
ნოშრევანი,ნ,Name,სახელი
ნოცე,ნ,City,ქალაქი
ნოწარულა,ნ,River,მდინარე
ნსავამი,ნ,City,ქალაქი
ნსანგი,ნ,City,ქალაქი
ნსანჯე,ნ,City,ქალაქი
ნსოკი,ნ,City,ქალაქი
ნსუკა,ნ,City,ქალაქი
ნტუი,ნ,City,ქალაქი
ნტუმი,ნ,City,ქალაქი
ნტუნგამო,ნ,City,ქალაქი
ნუ მოკლავ ჯაფარას,ნ,Film,ფილმი
ნუ შეწყვეტ ოცნებას,ნ,Film,ფილმი
ნუადიბუ,ნ,City,ქალაქი
ნუაქშოტი,ნ,City,ქალაქი
ნუგეშა,ნ,Name,სახელი
ნუგზარ,ნ,Name,სახელი
ნუგზარი,ნ,Name,სახელი
ნუგუში,ნ,River,მდინარე
ნუევა გუადალუპე,ნ,City,ქალაქი
ნუევა ესპარტა,ნ,City,ქალაქი
ნუევა იმპერიალი,ნ,City,ქალაქი
ნუევა კონსეპსიონი,ნ,City,ქალაქი
ნუევა ლოჯა,ნ,City,ქალაქი
ნუევა ოკოტეპეკე,ნ,City,ქალაქი
ნუევა პასი,ნ,City,ქალაქი
ნუევა სან სალვადორი,ნ,City,ქალაქი
ნუევა ხერონა,ნ,City,ქალაქი
ნუევა ჰერონა,ნ,City,ქალაქი
ნუევა-გინეა,ნ,City,ქალაქი
ნუევა-ელვესია,ნ,City,ქალაქი
ნუევა-იტალია,ნ,City,ქალაქი
ნუევა-პალმირა,ნ,City,ქალაქი
ნუევა-პასი,ნ,City,ქალაქი
ნუევა-ხერონა,ნ,City,ქალაქი
ნუევაპასი,ნ,City,ქალაქი
ნუევახერონა,ნ,City,ქალაქი
ნუევე დე ხულიო,ნ,City,ქალაქი
ნუევიტასი,ნ,City,ქალაქი
ნუევო არაიხანი,ნ,City,ქალაქი
ნუევო კუსკატლანი,ნ,City,ქალაქი
ნუევო ლარედო,ნ,City,ქალაქი
ნუევო სან კარლოსი,ნ,City,ქალაქი
ნუევო-არაიხანი,ნ,City,ქალაქი
ნუევო-ბერლინი,ნ,City,ქალაქი
ნუევო-ემპერადორი,ნ,City,ქალაქი
ნუევო-ვიხია,ნ,City,ქალაქი
ნუევო-იმპერიალი,ნ,City,ქალაქი
ნუევო-ლარედო,ნ,City,ქალაქი
ნუევოარაიხანი,ნ,City,ქალაქი
ნუევოლარედო,ნ,City,ქალაქი
ნუვაიბა,ნ,City,ქალაქი
ნუვარა-ელია,ნ,City,ქალაქი
ნუველ ფრანსი,ნ,City,ქალაქი
ნუკრი,ნ,Name,სახელი
ნუკუალოფა,ნ,City,ქალაქი
ნული,ნ,Film,ფილმი
ნული ყოფაქცევაში,ნ,Film,ფილმი
ნუმეა,ნ,City,ქალაქი
ნუნგუა,ნ,City,ქალაქი
ნუნუ,ნ,Name,სახელი
ნურდერ-პაარლი,ნ,City,ქალაქი
ნური,ნ,Name,სახელი
ნურმიარვი,ნ,City,ქალაქი
ნურმო,ნ,City,ქალაქი
ნუსაიბინი,ნ,City,ქალაქი
ნუსანტარა,ნ,City,ქალაქი
ნუტრია,ნ,Animal,ცხოველი
ნუუკი,ნ,City,ქალაქი
ნუუსუატია,ნ,City,ქალაქი
ნუში,ნ,Plant,მცენარე
ნუშია,ნ,Name,სახელი
ნუშტარი,ნ,City,ქალაქი
ნუცა,ნ,Name,სახელი
ნუცას,ნ,Film,ფილმი
ნუცას სკოლა,ნ,Film,ფილმი
ნქუე,ნ,City,ქალაქი
ნჩელენგე,ნ,City,ქალაქი
ნჩეუ,ნ,City,ქალაქი
ნცაოუნი,ნ,City,ქალაქი
ნცუდჯინი,ნ,City,ქალაქი
ნხატა-ბეი,ნ,City,ქალაქი
ნხოტაკოტა,ნ,City,ქალაქი
ნჯამენა,ნ,City,ქალაქი
ნჯერუ,ნ,City,ქალაქი
ნჯინიკომი,ნ,City,ქალაქი
ნჯოლე,ნ,City,ქალაქი
ო,ო,Film,ფილმი
"ო, ძმაო, სად ხარ",ო,Film,ფილმი
ოა,ო,Film,ფილმი
ოამარუ,ო,City,ქალაქი
ოახაკა დე ხუარესი,ო,City,ქალაქი
ოახაკა-დე-ხუარესი,ო,City,ქალაქი
ოახაკადეხუარესი,ო,City,ქალაქი
ობალა,ო,City,ქალაქი
ობელიაი,ო,City,ქალაქი
ობერა,ო,City,ქალაქი
ობერვილიე,ო,City,ქალაქი
ობერვინტერტური (კრაის 2),ო,City,ქალაქი
ობერკორნი,ო,City,ქალაქი
ობერჰაუზენი,ო,City,ქალაქი
ობი,ო,River,მდინარე
ობიგარმი,ო,City,ქალაქი
ობლიგადო,ო,City,ქალაქი
ობო,ო,City,ქალაქი
ობობა,ო,Animal,ცხოველი
ობოკი,ო,City,ქალაქი
ობოლი,ო,Film,ფილმი
ობოლი ბრუკლინი,ო,Film,ფილმი
ობრა,ო,River,მდინარე
ობუასი,ო,City,ქალაქი
ოგარიოვის,ო,Film,ფილმი
ოგარიოვის 6,ო,Film,ფილმი
ოგემბო,ო,City,ქალაქი
ოგოუე,ო,River,მდინარე
ოგრე,ო,City,ქალაქი
ოგულინი,ო,City,ქალაქი
ოგუსტ,ო,Film,ფილმი
ოგუსტ რაში,ო,Film,ფილმი
ოდა,ო,City,ქალაქი
ოდენსე,ო,City,ქალაქი
ოდენსი,ო,City,ქალაქი
ოდერი,ო,City,ქალაქი
ოდესა,ო,City,ქალაქი
ოდზი,ო,City,ქალაქი
ოდზუნი,ო,City,ქალაქი
ოდიველაში,ო,City,ქალაქი
ოდორჰეიუ-სეკუიესკი,ო,City,ქალაქი
ოდჟაკი,ო,City,ქალაქი
ოდრა,ო,River,მდინარე
ოდუპონკპეჰე,ო,City,ქალაქი
ოეთპა,ო,City,ქალაქი
ოემი,ო,City,ქალაქი
ოვალიე,ო,City,ქალაქი
ოვარი,ო,City,ქალაქი
ოვერაიზი,ო,City,ქალაქი
ოვერი,ო,City,ქალაქი
ოვიედო,ო,City,ქალაქი
ოვო,ო,City,ქალაქი
ოზასკუ,ო,City,ქალაქი
ოზატლანი,ო,City,ქალაქი
ოზდი,ო,City,ქალაქი
ოზი,ო,Film,ფილმი
ოზი დიადი,ო,Film,ფილმი
ოზი დიადი და ძლევამოსილი,ო,Film,ფილმი
ოზი: დიადი,ო,Film,ფილმი
ოზი: დიადი და ძლევამოსილი,ო,Film,ფილმი
ოზიეკი,ო,City,ქალაქი
ოზის,ო,Film,ფილმი
ოზის ჯადოქარი,ო,Film,ფილმი
ოზოლნიეკი,ო,City,ქალაქი
ოზურგეთი,ო,City,ქალაქი
ოთა,ო,River,მდინარე
ოთაია,ო,City,ქალაქი
ოთარ,ო,Name,სახელი
ოთარაანთ,ო,Film,ფილმი
ოთარაანთ ქვრივი,ო,Film,ფილმი
ოთარი,ო,Name,სახელი
ოთახი,ო,Film,ფილმი
ოთია,ო,Name,სახელი
ოთო,ო,Name,სახელი
ოთხასი,ო,Film,ფილმი
ოთხასი დარტყმა,ო,Film,ფილმი
ოთხი,ო,Film,ფილმი
ოთხი ოთახი,ო,Film,ფილმი
ოთხი ფურცელი,ო,Film,ფილმი
ოთხმოცი,ო,Film,ფილმი
ოთხმოცი დღე დედამიწის,ო,Film,ფილმი
ოთხმოცი დღე დედამიწის გარშემო,ო,Film,ფილმი
ოიემი,ო,City,ქალაქი
ოიკული,ო,City,ქალაქი
ოიო,ო,City,ქალაქი
ოისტინსი,ო,City,ქალაქი
ოიტა,ო,City,ქალაქი
ოიუგისი,ო,City,ქალაქი
ოკა,ო,River,მდინარე
ოკავანგო,ო,River,მდინარე
ოკაიამა,ო,City,ქალაქი
ოკალმახე,ო,River,მდინარე
ოკარა,ო,City,ქალაქი
ოკაცე,ო,River,მდინარე
ოკაძაკი,ო,City,ქალაქი
ოკენე,ო,City,ქალაქი
ოკიგვი,ო,City,ქალაქი
ოკლენდი,ო,City,ქალაქი
ოკნიცა,ო,City,ქალაქი
ოკონდჟა,ო,City,ქალაქი
ოკოპე,ო,City,ქალაქი
ოკოტალი,ო,City,ქალაქი
ოკრიკა,ო,City,ქალაქი
ოკუ,ო,City,ქალაქი
ოკუმარე დელ ტუი,ო,City,ქალაქი
ოკუმარე-დელ-ტუი,ო,City,ქალაქი
ოკუმარედელტუი,ო,City,ქალაქი
ოლა,ო,City,ქალაქი
ოლავარია,ო,City,ქალაქი
ოლაინე,ო,City,ქალაქი
ოლანი,ო,City,ქალაქი
ოლანჩიტო,ო,City,ქალაქი
ოლაფის,ო,Film,ფილმი
ოლაფის გაყინული თავგადასავალი,ო,Film,ფილმი
ოლაფსვიკი,ო,City,ქალაქი
ოლაფსფიორდური,ო,City,ქალაქი
ოლბორგი,ო,City,ქალაქი
ოლგა,ო,Name,სახელი
ოლგი,ო,City,ქალაქი
ოლგინი,ო,City,ქალაქი
ოლდ ჰარბორ ბეი,ო,City,ქალაქი
ოლდ ჰარბორი,ო,City,ქალაქი
ოლდბოი,ო,Film,ფილმი
ოლდენბურგი,ო,City,ქალაქი
ოლეანდრა,ო,Plant,მცენარე
ოლეგ,ო,Name,სახელი
ოლეგი,ო,Name,სახელი
ოლეი,ო,City,ქალაქი
ოლექსანდრია,ო,City,ქალაქი
ოლთისი,ო,City,ქალაქი
ოლთისისწყალი,ო,River,მდინარე
ოლია,ო,Name,სახელი
ოლიანი,ო,City,ქალაქი
ოლიანტაიტამბო,ო,City,ქალაქი
ოლივეირა დი აზემეიში,ო,City,ქალაქი
ოლივეირა დუ ბაირუ,ო,City,ქალაქი
ოლივეირა დუ ოშპიტალი,ო,City,ქალაქი
ოლივეირა-დი-აზემეიში,ო,City,ქალაქი
ოლივეირა-დუ-ბაირუ,ო,City,ქალაქი
ოლივეირა-დუ-დორუ,ო,City,ქალაქი
ოლივეირა-დუ-ოშპიტალი,ო,City,ქალაქი
ოლივეირადიაზემეიში,ო,City,ქალაქი
ოლივეირადუბაირუ,ო,City,ქალაქი
ოლივეირადუოშპიტალი,ო,City,ქალაქი
ოლივერი,ო,Film,ფილმი
ოლივერი და კომპანია,ო,Film,ფილმი
ოლივია,ო,City,ქალაქი
ოლიმპია,ო,City,ქალაქი
ოლინდა,ო,City,ქალაქი
ოლიოკმა,ო,River,მდინარე
ოლიოკმინსკი,ო,City,ქალაქი
ოლმი,ო,City,ქალაქი
ოლნე-სუ-ბუა,ო,City,ქალაქი
ოლო,ო,River,მდინარე
ოლოი,ო,River,მდინარე
ოლოკუილტა,ო,City,ქალაქი
ოლონგაპო,ო,City,ქალაქი
ოლორი,ო,River,მდინარე
ოლოტიკე,ო,City,ქალაქი
ოლტენი,ო,City,ქალაქი
ოლტენიცა,ო,City,ქალაქი
ოლტი,ო,River,მდინარე
ოლტინტოპკანი,ო,City,ქალაქი
ოლუპონა,ო,City,ქალაქი
ოლღა,ო,Name,სახელი
ოლშტინი,ო,City,ქალაქი
ომანი,ო,Country,ქვეყანა
ომანის სასულთნო,ო,Country,ქვეყანა
ომარ,ო,Name,სახელი
ომარი,ო,Animal,ცხოველი
ომარიკო,ო,Name,სახელი
ომარსკა,ო,City,ქალაქი
ომარურუ,ო,City,ქალაქი
ომაჰა,ო,City,ქალაქი
ომბალო,ო,Plant,მცენარე
ომბუე,ო,City,ქალაქი
ომბუეს-დე-ლავალე,ო,City,ქალაქი
ომბუსი,ო,City,ქალაქი
ომდურმანი,ო,City,ქალაქი
ომეგა,ო,Film,ფილმი
ომი,ო,Film,ფილმი
ომი და მშვიდობა,ო,Film,ფილმი
ომი ყველასთვის ომია,ო,Film,ფილმი
ომია,ო,Name,სახელი
ომიკო,ო,Name,სახელი
ომის,ო,Film,ფილმი
ომის დანაკარგები,ო,Film,ფილმი
ომისი,ო,City,ქალაქი
ომოა,ო,City,ქალაქი
ომსკი,ო,City,ქალაქი
ომუ,ო,City,ქალაქი
ომურტაგი,ო,City,ქალაქი
ონგონი,ო,City,ქალაქი
ონგჯინი,ო,City,ქალაქი
ონდავა,ო,River,მდინარე
ონდო,ო,City,ქალაქი
ონდორხაანი,ო,City,ქალაქი
ონდჯივა,ო,City,ქალაქი
ონექსი,ო,City,ქალაქი
ონვერვახტი,ო,City,ქალაქი
ონი,ო,City,ქალაქი
ონისე,ო,Name,სახელი
ონისიმე,ო,Name,სახელი
ონიტშა,ო,City,ქალაქი
ონიქსი,ო,River,მდინარე
ონონი,ო,River,მდინარე
ონსონგი,ო,City,ქალაქი
ოოდვეინე,ო,City,ქალაქი
ოომა,ო,City,ქალაქი
ოოსტერჰაუტი,ო,City,ქალაქი
ოპატია,ო,City,ქალაქი
ოპენჰაიმერი,ო,Film,ფილმი
ოპერაცია,ო,Film,ფილმი
ოპერაცია „ы“,ო,Film,ფილმი
ოპერაცია „ы“ და შურიკის სხვა თავგადასავლები,ო,Film,ფილმი
ოპერაცია „ვუნდერლანდი“,ო,Film,ფილმი
ოპერაცია ვუნდერლანდი“,ო,Film,ფილმი
ოპოლე,ო,City,ქალაქი
ოპოსუმი,ო,Animal,ცხოველი
ოპოტიკი,ო,City,ქალაქი
ოპუნაკე,ო,City,ქალაქი
ორ აკივა,ო,City,ქალაქი
ორ იეჰუდა,ო,City,ქალაქი
ორ-აკივა,ო,City,ქალაქი
ორ-იეჰუდა,ო,City,ქალაქი
ორა,ო,Name,სახელი
ორაგუტანგი,ო,Animal,ცხოველი
ორადია,ო,City,ქალაქი
ორაიოკასტრონი,ო,City,ქალაქი
ორაკივა,ო,City,ქალაქი
ორალი,ო,City,ქალაქი
ორანგუტანგი,ო,Animal,ცხოველი
ორანგუტანი,ო,Animal,ცხოველი
ორანესტადი,ო,City,ქალაქი
ორანი,ო,City,ქალაქი
ორანჟი,ო,River,მდინარე
ორაშტიე,ო,City,ქალაქი
ორახოვიცა,ო,City,ქალაქი
ორბი,ო,Animal,ცხოველი
ორდი,ო,River,მდინარე
ორდუ,ო,City,ქალაქი
ორდუბადი,ო,City,ქალაქი
ორენჯვილი,ო,City,ქალაქი
ორერა,ო,Film,ფილმი
ორერა სრული სვლით,ო,Film,ფილმი
"ორერა, სრული სვლით",ო,Film,ფილმი
ორესტიასი,ო,City,ქალაქი
ორვიეტო,ო,City,ქალაქი
ორვილი,ო,Film,ფილმი
ორზუ,ო,City,ქალაქი
ორი დღე,ო,Film,ფილმი
ორი მეფე,ო,Film,ფილმი
ორი მონადირე,ო,Film,ფილმი
ორიგინალები,ო,Film,ფილმი
ორიეჰუდა,ო,City,ქალაქი
ორივესი,ო,City,ქალაქი
ორიკუმი,ო,City,ქალაქი
ორილი,ო,River,მდინარე
ორილია,ო,City,ქალაქი
ორიმატტილა,ო,City,ქალაქი
ორინოკო,ო,River,მდინარე
ორისაარე,ო,City,ქალაქი
ორისაბა,ო,City,ქალაქი
ორიუელა,ო,City,ქალაქი
ორკბილა,ო,Plant,მცენარე
ორკესტრის,ო,Film,ფილმი
ორკესტრის რეპეტიცია,ო,Film,ფილმი
ორკეტა,ო,City,ქალაქი
ორკნი,ო,City,ქალაქი
ორკონსიტოსი,ო,City,ქალაქი
ორლანდო,ო,City,ქალაქი
ორლეანი,ო,City,ქალაქი
ორმაგი,ო,Film,ფილმი
ორმაგი გათვლა,ო,Film,ფილმი
ორმაგი სახე,ო,Film,ფილმი
ორმაგი ფორსაჟი,ო,Film,ფილმი
ორმაგი ცხოვრება,ო,Film,ფილმი
ორმო,ო,Film,ფილმი
ორმოკი,ო,City,ქალაქი
ორმოჟი,ო,City,ქალაქი
ორნი,ო,Film,ფილმი
ორნი გზაზე,ო,Film,ფილმი
ორნი ქალაქში,ო,Film,ფილმი
ოროვანდი,ო,Plant,მცენარე
ოროსი,ო,City,ქალაქი
ოროსლანი,ო,City,ქალაქი
ოროტინა,ო,City,ქალაქი
ოროუნდა,ო,City,ქალაქი
ოროშჰაზა,ო,City,ქალაქი
ორტა,ო,City,ქალაქი
ორურო,ო,City,ქალაქი
ორფეოსის,ო,Film,ფილმი
ორფეოსის სიკვდილი,ო,Film,ფილმი
ორქიდეა,ო,Plant,მცენარე
ორშა,ო,City,ქალაქი
ორშაბათები,ო,Film,ფილმი
ორშაბათები მზეზე,ო,Film,ფილმი
ორშაბათი,ო,Film,ფილმი
ორშაბათი დილა,ო,Film,ფილმი
ორწყალი,ო,River,მდინარე
ორხევი,ო,River,მდინარე
ორხონი,ო,River,მდინარე
ორჯინ უოკი,ო,City,ქალაქი
ორჯინჯი,ო,City,ქალაქი
ორჰეი,ო,City,ქალაქი
ორჰუსი,ო,City,ქალაქი
ოსაკა,ო,City,ქალაქი
ოსამა,ო,Film,ფილმი
ოსამისი,ო,City,ქალაქი
ოსანი,ო,City,ქალაქი
ოსასკო,ო,City,ქალაქი
ოსერი,ო,City,ქალაქი
ოსვენციმი,ო,City,ქალაქი
ოსი,ო,City,ქალაქი
ოსიეკი,ო,City,ქალაქი
ოსიპოვიჩი,ო,City,ქალაქი
ოსკარის,ო,Film,ფილმი
ოსკარის 90-ე დაჯილდოება,ო,Film,ფილმი
ოსკარსჰამნი,ო,City,ქალაქი
ოსკოლი,ო,River,მდინარე
ოსლო,ო,City,ქალაქი
ოსმანიე,ო,City,ქალაქი
ოსნაბრიუკი,ო,City,ქალაქი
ოსნაბრუკი,ო,City,ქალაქი
ოსორნო,ო,City,ქალაქი
ოსპი,ო,Plant,მცენარე
ოსტატი,ო,Film,ფილმი
ოსტატი და მარგარიტა,ო,Film,ფილმი
ოსტატი ჰაროლდი,ო,Film,ფილმი
ოსტატი ჰაროლდი... და ბიჭები,ო,Film,ფილმი
ოსტენდი,ო,City,ქალაქი
ოსტრავიცე,ო,River,მდინარე
ოსტრი,ო,Food,საკვები
ოსტროვეც-სვენტოკშისკი,ო,City,ქალაქი
ოსტროლენკა,ო,City,ქალაქი
ოსტრუვ-ველიკოპოლსკი,ო,City,ქალაქი
ოსტუნკალკო,ო,City,ქალაქი
ოტავა,ო,City,ქალაქი
ოტავალო,ო,City,ქალაქი
ოტაკი,ო,City,ქალაქი
ოტაჩი,ო,City,ქალაქი
ოტელო,ო,Film,ფილმი
ოტეპია,ო,City,ქალაქი
ოტი,ო,River,მდინარე
ოტია,ო,Name,სახელი
ოტოკა,ო,City,ქალაქი
ოტოკი,ო,City,ქალაქი
ოტოროჰანგა,ო,City,ქალაქი
ოტოცაჩი,ო,City,ქალაქი
ოტრარი,ო,City,ქალაქი
ოუდსჰორნი,ო,City,ქალაქი
ოუენ საუნდი,ო,City,ქალაქი
ოუენდო,ო,City,ქალაქი
ოუკ რიჯი,ო,City,ქალაქი
ოუკ-რიჯი,ო,City,ქალაქი
ოუკრიჯი,ო,City,ქალაქი
ოულაფსვიკი,ო,City,ქალაქი
ოულაფსფიორდური,ო,City,ქალაქი
ოულუ,ო,City,ქალაქი
ოუმ ელ ბუაღი,ო,City,ქალაქი
ოუმ ჰაჯერი,ო,City,ქალაქი
ოუპი,ო,City,ქალაქი
ოურენი,ო,City,ქალაქი
ოურენსე,ო,City,ქალაქი
ოუროვენი,ო,City,ქალაქი
ოუსივო,ო,City,ქალაქი
ოუსინი,ო,City,ქალაქი
ოუშენის,ო,Film,ფილმი
ოუშენის რვა მეგობარი,ო,Film,ფილმი
ოუჩო,ო,City,ქალაქი
ოფა,ო,City,ქალაქი
ოფაკიმი,ო,City,ქალაქი
ოფენბახი,ო,City,ქალაქი
ოფოფი,ო,Animal,ცხოველი
ოქროპირ,ო,Name,სახელი
ოქროს,ო,Film,ფილმი
ოქროს ნაღმი,ო,Film,ფილმი
ოქროს ობობა,ო,Film,ფილმი
ოქროს ტბორზე,ო,Film,ფილმი
ოქროს ციებცხელება,ო,Film,ფილმი
ოქროსთვალი,ო,Film,ფილმი
ოქს-ბოუს,ო,Film,ფილმი
ოქს-ბოუს ინციდენტი,ო,Film,ფილმი
ოქსინო,ო,City,ქალაქი
ოქსირინჰუსი,ო,City,ქალაქი
ოქსფორდი,ო,City,ქალაქი
ოქტობერფესტი,ო,Food,საკვები
ოქუმი,ო,River,მდინარე
ოღასკურა,ო,River,მდინარე
ოშავა,ო,City,ქალაქი
ოშარაჟი,ო,City,ქალაქი
ოშაყანი,ო,City,ქალაქი
ოში,ო,City,ქალაქი
ოშკოში,ო,City,ქალაქი
ოშორა,ო,River,მდინარე
ოჩამჩირე,ო,City,ქალაქი
ოჩო რიოსი,ო,City,ქალაქი
ოჩხამური,ო,River,მდინარე
ოჩხომური,ო,River,მდინარე
ოცნებების,ო,Film,ფილმი
ოცნებების ველი,ო,Film,ფილმი
ოცნების,ო,Film,ფილმი
ოცნების რეკვიემი,ო,Film,ფილმი
ოცნების სანაპირო,ო,Film,ფილმი
ოცნების ქალაქი,ო,Film,ფილმი
ოცუ,ო,City,ქალაქი
ოცხე,ო,River,მდინარე
ოხოკტენანგო,ო,City,ქალაქი
ოხრახუში,ო,Plant,მცენარე
ოხტირკა,ო,City,ქალაქი
ოხურეი,ო,River,მდინარე
ოჯახი,ო,Film,ფილმი
ოჯახი შერჩევით,ო,Film,ფილმი
ოჯახის,ო,Film,ფილმი
ოჯახის ბიზნესი,ო,Film,ფილმი
ოჯახური,ო,Film,ფილმი
ოჯახური კერა,ო,Film,ფილმი
ოჯახური პორტრეტი ინტერიერში,ო,Film,ფილმი
ოჰაიო,ო,River,მდინარე
ოჰონუა,ო,City,ქალაქი
ოჰრიდი,ო,City,ქალაქი
ოჰურა,ო,City,ქალაქი
პაამიუტი,პ,City,ქალაქი
პაატა,პ,Name,სახელი
პაბიანიცე,პ,City,ქალაქი
პაბნა,პ,City,ქალაქი
პაბრადე,პ,City,ქალაქი
პაგანი,პ,City,ქალაქი
პაგეგიაი,პ,City,ქალაქი
პაგო პაგო,პ,City,ქალაქი
პაგო-პაგო,პ,City,ქალაქი
პაგოპაგო,პ,City,ქალაქი
პაგუდა,პ,City,ქალაქი
პადალარანგი,პ,City,ქალაქი
პადანგი,პ,City,ქალაქი
პადერ-პალვო,პ,City,ქალაქი
პადერბორნი,პ,City,ქალაქი
პადინგტონი,პ,Film,ფილმი
პადინგტონი 2,პ,Film,ფილმი
პადმა,პ,River,მდინარე
პადუა,პ,City,ქალაქი
პაეროა,პ,City,ქალაქი
პავია,პ,City,ქალაქი
პავილოსტა,პ,City,ქალაქი
პავლე,პ,Name,სახელი
პავლიკენი,პ,City,ქალაქი
პავლოგრადი,პ,City,ქალაქი
პავლოდარი,პ,City,ქალაქი
პაზარდჟიკი,პ,City,ქალაქი
პაზარი,პ,City,ქალაქი
პაზინი,პ,City,ქალაქი
პათეინი,პ,City,ქალაქი
პაი,პ,City,ქალაქი
პაია,პ,City,ქალაქი
პაიანია,პ,City,ქალაქი
პაიდა,პ,City,ქალაქი
პაიდე,პ,City,ქალაქი
პაიკუსე,პ,City,ქალაქი
პაილინი,პ,City,ქალაქი
პაიმენი,პ,River,მდინარე
პაიმიო,პ,City,ქალაქი
პაინე,პ,City,ქალაქი
პაიპერსი,პ,River,მდინარე
პაისანდუ,პ,City,ქალაქი
პაიტა,პ,City,ქალაქი
პაიხანი,პ,City,ქალაქი
პაიჰია,პ,City,ქალაქი
პაკ-კრეტი,პ,City,ქალაქი
პაკ-ჩონგი,პ,City,ქალაქი
პაკასმაიო,პ,City,ქალაქი
პაკელონგანი,პ,City,ქალაქი
პაკისტანი,პ,Country,ქვეყანა
პაკისტანის ისლამური რესპუბლიკა,პ,Country,ქვეყანა
პაკოკუ,პ,City,ქალაქი
პაკორა,პ,City,ქალაქი
პაკპატანი,პ,City,ქალაქი
პაკრაცი,პ,City,ქალაქი
პაკრუოისი,პ,City,ქალაქი
პაკში,პ,City,ქალაქი
პალა,პ,City,ქალაქი
პალაიონ ფალირონი,პ,City,ქალაქი
პალაკაგუინა,პ,City,ქალაქი
პალანგა,პ,City,ქალაქი
პალანგი,პ,City,ქალაქი
პალანგკა რაია,პ,City,ქალაქი
პალანგკა-რაია,პ,City,ქალაქი
პალანგკარაია,პ,City,ქალაქი
პალასი,პ,City,ქალაქი
პალაუ,პ,Country,ქვეყანა
პალაუს რესპუბლიკა,პ,Country,ქვეყანა
პალაცოლო აკრეიდე,პ,City,ქალაქი
პალაცოლო-აკრეიდე,პ,City,ქალაქი
პალაცოლოაკრეიდე,პ,City,ქალაქი
პალდისკი,პ,City,ქალაქი
პალე,პ,City,ქალაქი
პალემბანგი,პ,City,ქალაქი
პალენკე,პ,City,ქალაქი
პალენსია,პ,City,ქალაქი
პალერმო,პ,City,ქალაქი
პალესტინა,პ,City,ქალაქი
პალესტინის სახელმწიფო,პ,Country,ქვეყანა
პალიასტომი,პ,Film,ფილმი
პალივერე,პ,City,ქალაქი
პალიკირი,პ,City,ქალაქი
პალიკო,პ,Name,სახელი
პალინი,პ,City,ქალაქი
პალინკა,პ,Food,საკვები
პალისა,პ,City,ქალაქი
პალმა,პ,City,ქალაქი
პალმა სორიანო,პ,City,ქალაქი
პალმა-სორიანო,პ,City,ქალაქი
პალმასი,პ,City,ქალაქი
პალმასორიანო,პ,City,ქალაქი
პალმერსტონ ნორთი,პ,City,ქალაქი
პალმერსტონ-ნორთი,პ,City,ქალაქი
პალმერსტონი,პ,City,ქალაქი
პალმერსტონნორთი,პ,City,ქალაქი
პალმირა,პ,City,ქალაქი
პალმიტასი,პ,City,ქალაქი
პალო ნეგრო,პ,City,ქალაქი
პალო-ნეგრო,პ,City,ქალაქი
პალოდია,პ,City,ქალაქი
პალონეგრო,პ,City,ქალაქი
პალორა,პ,City,ქალაქი
პალუ,პ,City,ქალაქი
პამიდორი,პ,Plant,მცენარე
პამისოსი,პ,River,მდინარე
პამპლემუსი,პ,City,ქალაქი
პამპლონა,პ,City,ქალაქი
პამულანგი,პ,City,ქალაქი
პან-დე-ასუკარი,პ,City,ქალაქი
პანაბო,პ,City,ქალაქი
პანაგიურიშტე,პ,City,ქალაქი
პანადურა,პ,City,ქალაქი
პანაკამი,პ,Food,საკვები
პანალანოი,პ,City,ქალაქი
პანამა,პ,City,ქალაქი
პანამის რესპუბლიკა,პ,Country,ქვეყანა
პანარო,პ,River,მდინარე
პანახჩელი,პ,City,ქალაქი
პანაჯი,პ,City,ქალაქი
პანბანგი,პ,City,ქალაქი
პანგაი,პ,City,ქალაქი
პანგიპული,პ,City,ქალაქი
პანგკალპინანგი,პ,City,ქალაქი
პანგუნა,პ,City,ქალაქი
პანდა,პ,City,ქალაქი
პანდანუსი,პ,Plant,მცენარე
პანდო,პ,City,ქალაქი
პანევეჟისი,პ,City,ქალაქი
პანეცი,პ,City,ქალაქი
პანიჰატი,პ,City,ქალაქი
პანო დეფტერა,პ,City,ქალაქი
პანო კივიდჰეს,პ,City,ქალაქი
პანო ლეფკარა,პ,City,ქალაქი
პანო პოლემიდია,პ,City,ქალაქი
პანო-აკილი,პ,City,ქალაქი
პანორამა,პ,City,ქალაქი
პანსიონი,პ,Film,ფილმი
პანსიონი ჯერიკო,პ,Film,ფილმი
პანტა,პ,Plant,მცენარე
პანტელეიმონ,პ,Name,სახელი
პანტელეიმონი,პ,Name,სახელი
პანტელერია,პ,City,ქალაქი
პანტერა,პ,Animal,ცხოველი
პანშანი,პ,City,ქალაქი
პანჩაგარხი,პ,City,ქალაქი
პანჩევო,პ,City,ქალაქი
პანჩიმალკო,პ,City,ქალაქი
პანცოსი,პ,City,ქალაქი
პანჯაბი,პ,City,ქალაქი
პანჯეტი,პ,City,ქალაქი
პაოუა,პ,City,ქალაქი
პაპა,პ,City,ქალაქი
პაპა ა ლა ხუანკაინა,პ,Food,საკვები
პაპაია,პ,Plant,მცენარე
პაპეეტე,პ,City,ქალაქი
პაპირუსი,პ,Plant,მცენარე
პაპუა ახალი გვინეა,პ,Country,ქვეყანა
პაპუა-ახალი გვინეა,პ,Country,ქვეყანა
პაპუა-ახალი გვინეის დამოუკიდებელი შტატები,პ,Country,ქვეყანა
პაპუნა,პ,Name,სახელი
პაჟე,პ,City,ქალაქი
პარ ნაოგაუ,პ,City,ქალაქი
პარაგვაი,პ,Country,ქვეყანა
პარაგვაის რესპუბლიკა,პ,Country,ქვეყანა
პარაგუაი,პ,Country,ქვეყანა
პარაგუარი,პ,City,ქალაქი
პარადშაშვარი,პ,City,ქალაქი
პარაზიტი,პ,Film,ფილმი
პარაისო,პ,City,ქალაქი
პარაკაი,პ,City,ქალაქი
პარაკუ,პ,City,ქალაქი
პარალი,პ,City,ქალაქი
პარალიმნი,პ,City,ქალაქი
პარამარიბო,პ,City,ქალაქი
პარამონგა,პ,City,ქალაქი
პარანა,პ,City,ქალაქი
პარანა,პ,City,ქალაქი
პარანორმალური,პ,Film,ფილმი
პარანორმალური მოვლენა,პ,Film,ფილმი
პარბატიპური,პ,City,ქალაქი
პარგასი,პ,City,ქალაქი
პარდესია,პ,City,ქალაქი
პარედე,პ,City,ქალაქი
პარედიში,პ,City,ქალაქი
პარეკკლიშა,პ,City,ქალაქი
პარვა,პ,Food,საკვები
პართენ,პ,Name,სახელი
პარიზი,პ,City,ქალაქი
პარიზის,პ,Film,ფილმი
პარიზის ღვთისმშობლის ტაძარი,პ,Film,ფილმი
პარისი,პ,City,ქალაქი
პარიტ ბუნტარი,პ,City,ქალაქი
პარიტა,პ,City,ქალაქი
პარკანო,პ,City,ქალაქი
პარკები,პ,Film,ფილმი
პარკები და რეკრეაცია,პ,Film,ფილმი
პარკსვილი,პ,City,ქალაქი
პარლა,პ,City,ქალაქი
პარმა,პ,City,ქალაქი
პარმენ,პ,Name,სახელი
პარმენი,პ,Name,სახელი
პარმის,პ,Film,ფილმი
პარმის სავანე,პ,Film,ფილმი
პარნუ,პ,City,ქალაქი
პარნუ-იაგუპი,პ,City,ქალაქი
პარო,პ,City,ქალაქი
პარტილე,პ,City,ქალაქი
პარუნგი,პ,City,ქალაქი
პას დე ლა კასა,პ,City,ქალაქი
პასაკინა,პ,City,ქალაქი
პასაჟ-უესტი,პ,City,ქალაქი
პასარკემისი,პ,City,ქალაქი
პასახე,პ,City,ქალაქი
პასეჰი,პ,City,ქალაქი
პასვალისი,პ,City,ქალაქი
პასი,პ,City,ქალაქი
პასლეკა,პ,River,მდინარე
პასო კანოასი,პ,City,ქალაქი
პასო-ბლანკო,პ,City,ქალაქი
პასო-დე-კარასკო,პ,City,ქალაქი
პასო-დე-ლოს-ტოროსი,პ,City,ქალაქი
პასო-კანოასი,პ,City,ქალაქი
პასოკანოასი,პ,City,ქალაქი
პასპორტი,პ,Film,ფილმი
პასტავი,პ,City,ქალაქი
პასტორალი,პ,Film,ფილმი
პასუ-დე-არკუში,პ,City,ქალაქი
პასურუანი,პ,City,ქალაქი
პასუშ დი ფერეირა,პ,City,ქალაქი
პასუშ-დი-ფერეირა,პ,City,ქალაქი
პასუშდიფერეირა,პ,City,ქალაქი
პატა,პ,City,ქალაქი
პატამეა,პ,City,ქალაქი
პატარა,პ,City,ქალაქი
პატარა ანიუი,პ,River,მდინარე
პატარა ბოსი,პ,Film,ფილმი
პატარა დიდი კაცი,პ,Film,ფილმი
პატარა ვერა,პ,Film,ფილმი
პატარა ვუკი,პ,Film,ფილმი
პატარა ინგლისი,პ,Film,ფილმი
პატარა ლიახვი,პ,River,მდინარე
პატარა ნევა,პ,River,მდინარე
პატარა ნევკა,პ,River,მდინარე
პატარა საიდუმლოებები,პ,Film,ფილმი
პატარა საყვარელი მატყუარები,პ,Film,ფილმი
პატარა ქალთევზა,პ,Film,ფილმი
პატარა-ხარაგაული,პ,City,ქალაქი
პატარძალი,პ,Film,ფილმი
პატარძალი იყო შავებში,პ,Film,ფილმი
პატეა,პ,City,ქალაქი
პატერსონი,პ,Film,ფილმი
პატი,პ,City,ქალაქი
პატია,პ,City,ქალაქი
პატნა,პ,City,ქალაქი
პატნოსი,პ,City,ქალაქი
პატოკი,პ,City,ქალაქი
პატოს ფშატი,პ,City,ქალაქი
პატრა,პ,City,ქალაქი
პატრაი,პ,City,ქალაქი
პატრექსფიორდური,პ,City,ქალაქი
პატსი,პ,City,ქალაქი
პატულული,პ,City,ქალაქი
პაულისტა,პ,City,ქალაქი
პაუნგდე,პ,City,ქალაქი
პაფოსი,პ,City,ქალაქი
პაქსანი,პ,City,ქალაქი
პაქსე,პ,City,ქალაქი
პაღმანი,პ,City,ქალაქი
პაშა,პ,Name,სახელი
პაშკანი,პ,City,ქალაქი
პაჩუკა,პ,City,ქალაქი
პაჩუკა-დე-სოტო,პ,City,ქალაქი
პაციცია,პ,City,ქალაქი
პაცუნი,პ,City,ქალაქი
პაწაწინა,პ,Film,ფილმი
პაწაწინა დედოფალი,პ,Film,ფილმი
პახანი,პ,City,ქალაქი
პახას-ბლანკასი,პ,City,ქალაქი
პახნა,პ,City,ქალაქი
პახტაკორონი,პ,City,ქალაქი
პაჯეონი,პ,Food,საკვები
პაჯო,პ,City,ქალაქი
პეგუ,პ,City,ქალაქი
პედერნალესი,პ,City,ქალაქი
პედერსორენის კუნტა,პ,City,ქალაქი
პედეძე,პ,River,მდინარე
პედია,პ,River,მდინარე
პედრეგალი,პ,City,ქალაქი
პედრო,პ,Name,სახელი
პედრო ბეტანკური,პ,City,ქალაქი
პედრო ბეტანკურტი,პ,City,ქალაქი
პედრო კარბო,პ,City,ქალაქი
პედრო ხუან კაბალიერო,პ,City,ქალაქი
პედრო-ბეტანკური,პ,City,ქალაქი
პედრო-ხუან-კაბალიერო,პ,City,ქალაქი
პედრობეტანკური,პ,City,ქალაქი
პედროზუ,პ,City,ქალაქი
პედროხუანკაბალიერო,პ,City,ქალაქი
პეზარო,პ,City,ქალაქი
პეზუ და რეგუა,პ,City,ქალაქი
პეზუ-და-რეგუა,პ,City,ქალაქი
პეზუდარეგუა,პ,City,ქალაქი
პეია,პ,City,ქალაქი
პეიროსი,პ,River,მდინარე
პეკალონგანი,პ,City,ქალაქი
პეკან ნანასი,პ,City,ქალაქი
პეკანი,პ,City,ქალაქი
პეკარი-სლასკე,პ,City,ქალაქი
პეკინი,პ,City,ქალაქი
პეკინის მეტროპოლიტენი,პ,City,ქალაქი
პეკინის უნივერსიტეტი,პ,City,ქალაქი
პელაგია,პ,Name,სახელი
პელენდრია,პ,City,ქალაქი
პელიაგოდა,პ,City,ქალაქი
პელიკანი,პ,Animal,ცხოველი
პელილეო,პ,City,ქალაქი
პელოტასი,პ,City,ქალაქი
პემალანგი,პ,City,ქალაქი
პემატანგსიატარი,პ,City,ქალაქი
პემბა,პ,City,ქალაქი
პენა ბლანკა,პ,City,ქალაქი
პენაფიელი,პ,City,ქალაქი
პენაფლორი,პ,City,ქალაქი
პენგკალან კუნდანგი,პ,City,ქალაქი
პენიალოლენი,პ,City,ქალაქი
პენიში,პ,City,ქალაქი
პენკო,პ,City,ქალაქი
პენონომე,პ,City,ქალაქი
პენჟინა,პ,River,მდინარე
პენტიქტონი,პ,City,ქალაქი
პენჯა,პ,City,ქალაქი
პენჰალონგა,პ,City,ქალაქი
პეონია,პ,Plant,მცენარე
პეპელა,პ,Name,სახელი
პეპერომია,პ,Plant,მცენარე
პეპი,პ,Name,სახელი
პეპლის,პ,Film,ფილმი
პეპლის ეფექტი,პ,Film,ფილმი
პეპსი,პ,Food,საკვები
პერა,პ,City,ქალაქი
პერაი,პ,City,ქალაქი
პერაია,პ,City,ქალაქი
პერამა,პ,City,ქალაქი
პერბაუნგანი,პ,City,ქალაქი
პერგამინო,პ,City,ქალაქი
პერგი,პ,City,ქალაქი
პერეგრინის,პ,Film,ფილმი
პერენჯასი-ფშატი,პ,City,ქალაქი
პერესლავ ზალესკი,პ,City,ქალაქი
პერესლავ-ზალესკი,პ,City,ქალაქი
პერესლავზალესკი,პ,City,ქალაქი
პერიარი,პ,River,მდინარე
პერიგე,პ,City,ქალაქი
პერივოლია,პ,City,ქალაქი
პერიკო,პ,City,ქალაქი
პერისტერიონი,პ,City,ქალაქი
პერისტერონა,პ,City,ქალაქი
პერკედელი,პ,Food,საკვები
პერმატანგ კუჩინგი,პ,City,ქალაქი
პერმეტი,პ,City,ქალაქი
პერნიკი,პ,City,ქალაქი
პერპინიანი,პ,City,ქალაქი
პერსეპოლისი,პ,Film,ფილმი
პერსი,პ,Film,ფილმი
პერსი ჯექსონი,პ,Film,ფილმი
პერსი ჯექსონი და ოლიმპოელები,პ,Film,ფილმი
პერსონა,პ,Film,ფილმი
პერსონაჟი,პ,Film,ფილმი
პერტი,პ,City,ქალაქი
პერუ,პ,Country,ქვეყანა
პერუს რესპუბლიკა,პ,Country,ქვეყანა
პერუჯა,პ,City,ქალაქი
პერჩე,პ,City,ქალაქი
პერჩუტი,პ,City,ქალაქი
პერხტოლდსდორფი,პ,City,ქალაქი
პესაკი,პ,City,ქალაქი
პესე,პ,City,ქალაქი
პესკარა,პ,City,ქალაქი
პეტალინგ ჯაია,პ,City,ქალაქი
პეტანჟი,პ,City,ქალაქი
პეტაპა,პ,City,ქალაქი
პეტარე,პ,City,ქალაქი
პეტაუკე,პ,City,ქალაქი
პეტერბურგი,პ,City,ქალაქი
პეტი გოვი,პ,City,ქალაქი
პეტი რაფრე,პ,City,ქალაქი
პეტი ტრიუ დე ნიპესი,პ,City,ქალაქი
პეტინია,პ,City,ქალაქი
პეტიონვილი,პ,City,ქალაქი
პეტიტ ანსე,პ,City,ქალაქი
პეტიტ კაზ ნოიალი,პ,City,ქალაქი
პეტიტ რივიერ დე ნიპესი,პ,City,ქალაქი
პეტიტ რივიერი,პ,City,ქალაქი
პეტრე,პ,Name,სახელი
პეტრიკავი,პ,City,ქალაქი
პეტრილა,პ,City,ქალაქი
პეტრიჩი,პ,City,ქალაქი
პეტრკუვ-ტრიბუნალსკი,პ,City,ქალაქი
პეტროვაცი,პ,City,ქალაქი
პეტროპავლოვსკი,პ,City,ქალაქი
პეტროპოლისი,პ,City,ქალაქი
პეტროშანი,პ,City,ქალაქი
პეშავარი,პ,City,ქალაქი
პეშკი,პ,City,ქალაქი
პეშკოპი,პ,City,ქალაქი
პეშკოპია,პ,City,ქალაქი
პეშტერა,პ,City,ქალაქი
პეჩი,პ,City,ქალაქი
პეჩორა,პ,River,მდინარე
პეციგრადი,პ,City,ქალაქი
პეხჩევო,პ,City,ქალაქი
პი,პ,Film,ფილმი
პიავე,პ,River,მდინარე
პიანინო,პ,Film,ფილმი
პიანისტი,პ,Film,ფილმი
პიაპონი,პ,City,ქალაქი
პიარნუ,პ,River,მდინარე
პიატრა ნიამცი,პ,City,ქალაქი
პიატრა-ნიამცი,პ,City,ქალაქი
პიატრანიამცი,პ,City,ქალაქი
პიაჩენცა,პ,City,ქალაქი
პიედრას-ნეგრასი,პ,City,ქალაქი
პიეკსამäki,პ,City,ქალაქი
პიერი,პ,Film,ფილმი
პიერი მილიციის თანამშრომელი,პ,Film,ფილმი
პიეტ-რეტიფი,პ,City,ქალაქი
პიეტარსაარი,პ,City,ქალაქი
პიეტერმარიცბურგი,პ,City,ქალაქი
პივკა,პ,City,ქალაქი
პიზა,პ,City,ქალაქი
პიზი,პ,Food,საკვები
პიინმანა,პ,City,ქალაქი
პიკი,პ,Food,საკვები
პიკსი,პ,City,ქალაქი
პიკტონი,პ,City,ქალაქი
პილა,პ,City,ქალაქი
პილაია,პ,City,ქალაქი
პილარი,პ,City,ქალაქი
პილარო,პ,City,ქალაქი
პილატე,პ,City,ქალაქი
პილვა,პ,City,ქალაქი
პილიცა,პ,River,მდინარე
პილკომაიო,პ,River,მდინარე
პილონი,პ,City,ქალაქი
პილოსი,პ,City,ქალაქი
პილპილი,პ,Plant,მცენარე
პილტენე,პ,City,ქალაქი
პილტსამაა,პ,River,მდინარე
პიმამპირო,პ,City,ქალაქი
პიმენ,პ,Name,სახელი
პიმენტელი,პ,City,ქალაქი
პიმიენტა ვიეხა,პ,City,ქალაქი
პიმპრი,პ,City,ქალაქი
პინა,პ,Film,ფილმი
პინალეჰო,პ,City,ქალაქი
პინარ დელ რიო,პ,City,ქალაქი
პინარ-დელ-რიო,პ,City,ქალაქი
პინარდელრიო,პ,City,ქალაქი
პინარი დელ რიო,პ,City,ქალაქი
პინასი,პ,City,ქალაქი
პინგვინი,პ,Animal,ცხოველი
პინგი,პ,River,მდინარე
პინდიგა,პ,City,ქალაქი
პინდინშანი,პ,City,ქალაქი
პინეგა,პ,River,მდინარე
პინელი,პ,City,ქალაქი
პინიალ-ნოვუ,პ,City,ქალაქი
პინიაო,პ,City,ქალაქი
პინიონი,პ,City,ქალაქი
პინიოსი,პ,River,მდინარე
პინკ,პ,Film,ფილმი
პინკ ფლოიდი,პ,Film,ფილმი
პინკ ფლოიდი კედელი,პ,Film,ფილმი
პინკ ფლოიდი: კედელი,პ,Film,ფილმი
პინოკიო-დი-ანკონა,პ,City,ქალაქი
პინოქიო,პ,Film,ფილმი
პინსკი,პ,City,ქალაქი
პიონი,პ,Plant,მცენარე
პირაიუ,პ,City,ქალაქი
პირანი,პ,City,ქალაქი
პირასიკაბა,პ,City,ქალაქი
პირატის,პ,Film,ფილმი
პირატის ჩანაწერები,პ,Film,ფილმი
პირგანჯი,პ,City,ქალაქი
პირგოსი,პ,City,ქალაქი
პირდოპი,პ,City,ქალაქი
პირეოსი,პ,City,ქალაქი
პირეუმი,პ,City,ქალაქი
პირველი,პ,Film,ფილმი
პირველი მერცხალი,პ,Film,ფილმი
პირველი სისხლი,პ,Film,ფილმი
პირველყოფილი,პ,Film,ფილმი
პირველყოფილი შიში,პ,Film,ფილმი
პირიაპოლისი,პ,City,ქალაქი
პირიბებუი,პ,City,ქალაქი
პირიმზე,პ,Name,სახელი
პირიტა,პ,River,მდინარე
პირიქითი ალაზანი,პ,River,მდინარე
პირკკალა,პ,City,ქალაქი
პიროჯპური,პ,City,ქალაქი
პირშუშხა,პ,Food,საკვები
პის ცხოვრება,პ,Film,ფილმი
პისალადიერი,პ,Food,საკვები
პისაური,პ,City,ქალაქი
პისის ხეობა,პ,City,ქალაქი
პისკო,პ,City,ქალაქი
პისტი,პ,Name,სახელი
პისტოია,პ,City,ქალაქი
პიტა-კოტე,პ,City,ქალაქი
პიტეე,პ,River,მდინარე
პიტეო,პ,City,ქალაქი
პიტერ,პ,Film,ფილმი
პიტერ პენი,პ,Film,ფილმი
პიტერბორო,პ,City,ქალაქი
პიტერმარიცბურგი,პ,City,ქალაქი
პიტერსფილდი,პ,City,ქალაქი
პიტეშტი,პ,City,ქალაქი
პიტკარინი,პ,Country,ქვეყანა
პიტნა,პ,Plant,მცენარე
პიტო,პ,Food,საკვები
პიტოა,პ,City,ქალაქი
პიტომაჩა,პ,City,ქალაქი
პიტონი,პ,City,ქალაქი
პიტრუფკენი,პ,City,ქალაქი
პიუ,პ,City,ქალაქი
პიუზა,პ,River,მდინარე
პიურა,პ,City,ქალაქი
პიუსი,პ,City,ქალაქი
პიშმა,პ,River,მდინარე
პლაგეტასი,პ,City,ქალაქი
პლავი,პ,City,ქალაქი
პლაია,პ,City,ქალაქი
პლაიასი,პ,City,ქალაქი
პლაიონ-ჩიკო,პ,City,ქალაქი
პლამტრი,პ,City,ქალაქი
პლანეტა,პ,Film,ფილმი
პლანეტა 51,პ,Film,ფილმი
პლანკენი,პ,City,ქალაქი
პლასა დე კაისანი,პ,City,ქალაქი
პლასა დე ლა რევოლუსიონი,პ,City,ქალაქი
პლასა-დე-კაისანი,პ,City,ქალაქი
პლასა-დე-ლა-რევოლუსიონი,პ,City,ქალაქი
პლასადეკაისანი,პ,City,ქალაქი
პლასადელარევოლუსიონი,პ,City,ქალაქი
პლასეტასი,პ,City,ქალაქი
პლატიპუსი,პ,Animal,ცხოველი
პლატონ,პ,Name,სახელი
პლევენი,პ,City,ქალაქი
პლევლია,პ,City,ქალაქი
პლეზანტ-პოინტი,პ,City,ქალაქი
პლეიზანსი,პ,City,ქალაქი
პლეინი დუ ნორდი,პ,City,ქალაქი
პლენ დე პაპაი,პ,City,ქალაქი
პლენ დე როში,პ,City,ქალაქი
პლენ მანიენი,პ,City,ქალაქი
პლესური,პ,River,მდინარე
პლეტერნიცა,პ,City,ქალაქი
პლიავინიასი,პ,City,ქალაქი
პლიენციემსი,პ,City,ქალაქი
პლიმუთი,პ,City,ქალაქი
პლისკა,პ,City,ქალაქი
პლოეშტი,პ,City,ქალაქი
პლოვდივი,პ,City,ქალაქი
პლოიეშტი,პ,City,ქალაქი
პლოცკი,პ,City,ქალაქი
პლუმბონი,პ,City,ქალაქი
პლუნგე,პ,City,ქალაქი
პლუჟინე,პ,City,ქალაქი
პნომპენი,პ,City,ქალაქი
პო,პ,City,ქალაქი
პობე,პ,City,ქალაქი
პოდგორიცა,პ,City,ქალაქი
პოდვინჯე,პ,City,ქალაქი
პოდზვიზდი,პ,City,ქალაქი
პოდკამენაია-ტუნგუსკა,პ,River,მდინარე
პოდსტრანა,პ,City,ქალაქი
პოდხუმი,პ,City,ქალაქი
პოდჰომი,პ,City,ქალაქი
პოვუა დე სანტა ირია,პ,City,ქალაქი
პოვუა დი ვარზინი,პ,City,ქალაქი
პოვუა-დე-ვარზინი,პ,City,ქალაქი
პოვუა-დე-სანტა-ირია,პ,City,ქალაქი
პოვუა-დი-ვარზინი,პ,City,ქალაქი
პოვუადესანტაირია,პ,City,ქალაქი
პოვუადივარზინი,პ,City,ქალაქი
პოზიტანო,პ,City,ქალაქი
პოზნანი,პ,City,ქალაქი
პოინტ ფორტინი,პ,City,ქალაქი
პოინტ ჰილი,პ,City,ქალაქი
პოინტ-პედრო,პ,City,ქალაქი
პოინტ-ფორტინი,პ,City,ქალაქი
პოინტფორტინი,პ,City,ქალაქი
პოკაჰონტასი,პ,Film,ფილმი
პოკერი,პ,Film,ფილმი
პოკერი სიყვარულის წესებით,პ,Film,ფილმი
პოკო,პ,City,ქალაქი
პოკორა,პ,City,ქალაქი
პოკოსოლი,პ,City,ქალაქი
პოკრი,პ,City,ქალაქი
პოლ-ე ხომრი,პ,City,ქალაქი
პოლათლი,პ,City,ქალაქი
პოლაცკი,პ,City,ქალაქი
პოლელ-დიაუბე,პ,City,ქალაქი
პოლემი,პ,City,ქალაქი
პოლვა,პ,City,ქალაქი
პოლზელა,პ,City,ქალაქი
პოლი,პ,City,ქალაქი
პოლიკარპე,პ,Name,სახელი
პოლინა,პ,Name,სახელი
პოლინე,პ,Name,სახელი
პოლისი,პ,City,ქალაქი
პოლიცანი,პ,City,ქალაქი
პოლიციელის,პ,Film,ფილმი
პოლიციელის ისტორია,პ,Film,ფილმი
პოლიციის,პ,Film,ფილმი
პოლიციის კომისრის აღსარება,პ,Film,ფილმი
პოლიციის კომისრის აღსარება რესპუბლიკის პროკურორის წინაშე,პ,Film,ფილმი
პოლიხნი,პ,City,ქალაქი
პოლო,პ,Food,საკვები
პოლო კოქტა,პ,Food,საკვები
პოლოკვანე,პ,City,ქალაქი
პოლონეთი,პ,Country,ქვეყანა
პოლონეთის რესპუბლიკა,პ,Country,ქვეყანა
პოლტავა,პ,City,ქალაქი
პოლტსამა,პ,City,ქალაქი
პომაზი,პ,City,ქალაქი
პომბალი,პ,City,ქალაქი
პომიდორი,პ,Plant,მცენარე
პომორიე,პ,City,ქალაქი
პონი,პ,Animal,ცხოველი
პონიო,პ,Film,ფილმი
პონიო კლდეზე,პ,Film,ფილმი
პონტა გროსა,პ,City,ქალაქი
პონტა დელგადა,პ,City,ქალაქი
პონტა-დელგადა,პ,City,ქალაქი
პონტადელგადა,პ,City,ქალაქი
პონტე დი სორი,პ,City,ქალაქი
პონტე-დე-ლიმა,პ,City,ქალაქი
პონტე-დი-სორი,პ,City,ქალაქი
პონტედისორი,პ,City,ქალაქი
პონტევედრა,პ,City,ქალაქი
პონტიან კეჩილი,პ,City,ქალაქი
პონტიანაკი,პ,City,ქალაქი
პონტინია,პ,City,ქალაქი
პონტპიერი,პ,City,ქალაქი
პონტრეზინა,პ,City,ქალაქი
პონფერადა,პ,City,ქალაქი
პოპი,პ,Food,საკვები
პოპოვაცა,პ,City,ქალაქი
პოპოვო,პ,City,ქალაქი
პოპონდეტა,პ,City,ქალაქი
პოპრადი,პ,River,მდინარე
პოპტუნი,პ,City,ქალაქი
პოჟეგა,პ,City,ქალაქი
პორგერა,პ,City,ქალაქი
პორეცი,პ,City,ქალაქი
პორვოო,პ,City,ქალაქი
პორი,პ,City,ქალაქი
პორირუა,პ,City,ქალაქი
პორკუპინი,პ,Animal,ცხოველი
პორლამარი,პ,City,ქალაქი
პორონგოსი,პ,River,მდინარე
პორტ ალბერნი,პ,City,ქალაქი
პორტ ბუნიალა,პ,City,ქალაქი
პორტ დიქსონი,პ,City,ქალაქი
პორტ ვილა,პ,City,ქალაქი
პორტ ლიში,პ,City,ქალაქი
პორტ ლუი,პ,City,ქალაქი
პორტ მარგო,პ,City,ქალაქი
პორტ მარია,პ,City,ქალაქი
პორტ მორზბი,პ,City,ქალაქი
პორტ ო პრენსი,პ,City,ქალაქი
პორტ ოვ სპეინი,პ,City,ქალაქი
პორტ ჟანტილი,პ,City,ქალაქი
პორტ როიალი,პ,City,ქალაქი
პორტ საიდი,პ,City,ქალაქი
პორტ ჰარკორტი,პ,City,ქალაქი
პორტ-ა-პიმენტი,პ,City,ქალაქი
პორტ-ელისაბედი,პ,City,ქალაქი
პორტ-ვილა,პ,City,ქალაქი
პორტ-ლიში,პ,City,ქალაქი
პორტ-ლუი,პ,City,ქალაქი
პორტ-მორზბი,პ,City,ქალაქი
პორტ-ო-პრენსი,პ,City,ქალაქი
პორტ-ო-პრინსი,პ,City,ქალაქი
პორტ-ოვ-სპეინი,პ,City,ქალაქი
პორტ-ჟანტი,პ,City,ქალაქი
პორტ-ჟანტილი,პ,City,ქალაქი
პორტ-საიდი,პ,City,ქალაქი
პორტ-სუდანი,პ,City,ქალაქი
პორტ-შეპსტონი,პ,City,ქალაქი
პორტ-ჰარკორტი,პ,City,ქალაქი
პორტ-ჰარკურტი,პ,City,ქალაქი
პორტალეგრი,პ,City,ქალაქი
პორტარლინგტონი,პ,City,ქალაქი
პორტერი,პ,Food,საკვები
პორტვილა,პ,City,ქალაქი
პორტიმანი,პ,City,ქალაქი
პორტიმაუ,პ,City,ქალაქი
პორტლენდი,პ,City,ქალაქი
პორტლიში,პ,City,ქალაქი
პორტლუი,პ,City,ქალაქი
პორტმარნოკი,პ,City,ქალაქი
პორტმორზბი,პ,City,ქალაქი
პორტმორი,პ,City,ქალაქი
პორტო ალეგრე,პ,City,ქალაქი
პორტო ვეხო,პ,City,ქალაქი
პორტო მაკუარი,პ,City,ქალაქი
პორტო ნოვო,პ,City,ქალაქი
პორტო ოგოსტა,პ,City,ქალაქი
პორტო ჰედლანდი,პ,City,ქალაქი
პორტო-ნოვო,პ,City,ქალაქი
პორტობელო,პ,City,ქალაქი
პორტოველო,პ,City,ქალაქი
პორტოვენერე,პ,City,ქალაქი
პორტოვიეხო,პ,City,ქალაქი
პორტოვსპეინი,პ,City,ქალაქი
პორტონოვო,პ,City,ქალაქი
პორტოპრენსი,პ,City,ქალაქი
პორტოროჟი,პ,City,ქალაქი
პორტჟანტილი,პ,City,ქალაქი
პორტრეტი,პ,Film,ფილმი
პორტრეტი ბინდში,პ,Film,ფილმი
პორტსაიდი,პ,City,ქალაქი
პორტუ,პ,City,ქალაქი
პორტუ ალეგრი,პ,City,ქალაქი
პორტუ ველიუ,პ,City,ქალაქი
პორტუ-ალეგრი,პ,City,ქალაქი
პორტუ-ველიუ,პ,City,ქალაქი
პორტუალეგრი,პ,City,ქალაქი
პორტუგალია,პ,Country,ქვეყანა
პორტუგალიის რესპუბლიკა,პ,Country,ქვეყანა
პორტუგალკა,პ,Country,ქვეყანა
პორტუგესა,პ,River,მდინარე
პორტუველიუ,პ,City,ქალაქი
პორტჰარკორტი,პ,City,ქალაქი
პორუსი,პ,City,ქალაქი
პორფირე,პ,Name,სახელი
პოსა-რიკა-დე-იდალგო,პ,City,ქალაქი
პოსადასი,პ,City,ქალაქი
პოსოლტეგა,პ,City,ქალაქი
პოსოფი,პ,City,ქალაქი
პოსტ დე ფლაკი,პ,City,ქალაქი
პოსტოინა,პ,City,ქალაქი
პოსუელო დე ალარკონი,პ,City,ქალაქი
პოტგიტერსრუსი,პ,City,ქალაქი
პოტენცა,პ,City,ქალაქი
პოტისკუმი,პ,City,ქალაქი
პოტოკი,პ,City,ქალაქი
პოტოსი,პ,City,ქალაქი
პოტრერილიოს,პ,City,ქალაქი
პოტრერილიოს აბახო,პ,City,ქალაქი
პოტრერილიოს არიბა,პ,City,ქალაქი
პოტრერილიოს-აბახო,პ,City,ქალაქი
პოტრერილიოს-არიბა,პ,City,ქალაქი
პოტრერილიოსაბახო,პ,City,ქალაქი
პოტრერილიოსარიბა,პ,City,ქალაქი
პოტრერო-გრანდე,პ,City,ქალაქი
პოტსდამი,პ,City,ქალაქი
პოტჩეფსტრუმი,პ,City,ქალაქი
პოუთისათი,პ,City,ქალაქი
პოუტასი,პ,City,ქალაქი
პოცუოლი,პ,City,ქალაქი
პრњаავორი,პ,City,ქალაქი
პრაია,პ,City,ქალაქი
პრაია გრანდე,პ,City,ქალაქი
პრაია და ვიტორია,პ,City,ქალაქი
პრაია-და-ვიტორია,პ,City,ქალაქი
პრაიადავიტორია,პ,City,ქალაქი
პრან-ბური,პ,City,ქალაქი
პრასი,პ,Plant,მცენარე
პრატელნი,პ,City,ქალაქი
პრატო,პ,City,ქალაქი
პრაღა,პ,City,ქალაქი
პრაჩინ-ბური,პ,City,ქალაქი
პრაჩუაპ-ხირი-ხანი,პ,City,ქალაქი
პრაჰოვა,პ,River,მდინარე
პრევალიე,პ,City,ქალაქი
პრევეზა,პ,City,ქალაქი
პრეზიდენტის,პ,Film,ფილმი
პრეზიდენტის მთელი გარემოცვა,პ,Film,ფილმი
პრეილი,პ,City,ქალაქი
პრეკო,პ,City,ქალაქი
პრელოგი,პ,City,ქალაქი
პრერი ლეიკი,პ,City,ქალაქი
პრერი-ლეიკი,პ,City,ქალაქი
პრერილეიკი,პ,City,ქალაქი
პრესიდენსია როკე საენს პენია,პ,City,ქალაქი
პრესიდენტე ფრანკო,პ,City,ქალაქი
პრესიდენტე-ფრანკო,პ,City,ქალაქი
პრესიდენტეფრანკო,პ,City,ქალაქი
პრესტეა,პ,City,ქალაქი
პრესტიჟი,პ,Film,ფილმი
პრეტორია,პ,City,ქალაქი
პრეშოვი,პ,City,ქალაქი
პრიედორი,პ,City,ქალაქი
პრიეკულე,პ,City,ქალაქი
პრიენაი,პ,City,ქალაქი
პრივლაკა,პ,City,ქალაქი
პრილეპი,პ,City,ქალაქი
პრილუკი,პ,City,ქალაქი
პრიმერო დე ენერო,პ,City,ქალაქი
პრიმერო-დე-ენერო,პ,City,ქალაქი
პრიმეროდეენერო,პ,City,ქალაქი
პრიმორსკო,პ,City,ქალაქი
პრინს ალბერტი,პ,City,ქალაქი
პრინს ჯორჯი,პ,City,ქალაქი
პრინსტონი,პ,City,ქალაქი
პრინცესა,პ,Film,ფილმი
პრინცესა და ბაყაყი,პ,Film,ფილმი
პრინცესა კაგუიას ამბავი,პ,Film,ფილმი
პრინცესა მონონოკე,პ,Film,ფილმი
პრინცესების,პ,Film,ფილმი
პრინცესების დაცვის პროგრამა,პ,Film,ფილმი
პრიპიატი,პ,River,მდინარე
პრიშტინა,პ,City,ქალაქი
პრიჯედორი,პ,City,ქალაქი
პრობიშტიპი,პ,City,ქალაქი
პრობოლინგო,პ,City,ქალაქი
პროგრესო,პ,City,ქალაქი
პროვადია,პ,City,ქალაქი
პროვენი,პ,City,ქალაქი
პროვიდენსი,პ,City,ქალაქი
პროზორი,პ,City,ქალაქი
პროლეტარსკი,პ,City,ქალაქი
პრომეთე,პ,Film,ფილმი
პრომი,პ,City,ქალაქი
პროპულცია,პ,City,ქალაქი
პროსნა,პ,River,მდინარე
პროტარასი,პ,City,ქალაქი
პროფესია,პ,Film,ფილმი
პროფესია რეპორტიორი,პ,Film,ფილმი
პროფესია: რეპორტიორი,პ,Film,ფილმი
პროფილი,პ,Film,ფილმი
პროშიანი,პ,City,ქალაქი
პრუდნიკი,პ,City,ქალაქი
პრუზჰანი,პ,City,ქალაქი
პრუტი,პ,River,მდინარე
პრუშკუვი,პ,City,ქალაქი
პტოლემაისი,პ,City,ქალაქი
პტუი,პ,City,ქალაქი
პუატიე,პ,City,ქალაქი
პუდელი,პ,Animal,ცხოველი
პუებლა,პ,City,ქალაქი
პუებლა-დე-სარაგოსა,პ,City,ქალაქი
პუებლო ნუვო,პ,City,ქალაქი
პუებლო ნუვო ტიკისატე,პ,City,ქალაქი
პუებლო-ნუევო,პ,City,ქალაქი
პუენტ ნუარი,პ,City,ქალაქი
პუენტ-ნუარი,პ,City,ქალაქი
პუენტე ალტო,პ,City,ქალაქი
პუენტე-ალტო,პ,City,ქალაქი
პუენტეალტო,პ,City,ქალაქი
პუენტნუარი,პ,City,ქალაქი
პუერტო აიაკუჩო,პ,City,ქალაქი
პუერტო აიორა,პ,City,ქალაქი
პუერტო არმუელიესი,პ,City,ქალაქი
პუერტო ბაკერისო მორენო,პ,City,ქალაქი
პუერტო ბარიოსი,პ,City,ქალაქი
პუერტო ბოლივარი,პ,City,ქალაქი
პუერტო ელ ტრიუნფო,პ,City,ქალაქი
პუერტო ვარასი,პ,City,ქალაქი
პუერტო ვილამილი,პ,City,ქალაქი
პუერტო იგუასუ,პ,City,ქალაქი
პუერტო კაბელიო,პ,City,ქალაქი
პუერტო კორტეზი,პ,City,ქალაქი
პუერტო ლა კრუსი,პ,City,ქალაქი
პუერტო ლემპირა,პ,City,ქალაქი
პუერტო ლიმონი,პ,City,ქალაქი
პუერტო ლოპესი,პ,City,ქალაქი
პუერტო მადრინი,პ,City,ქალაქი
პუერტო მალდონადო,პ,City,ქალაქი
პუერტო მონტი,პ,City,ქალაქი
პუერტო ნატალესი,პ,City,ქალაქი
პუერტო პადრე,პ,City,ქალაქი
პუერტო სან ხოსე,პ,City,ქალაქი
პუერტო-აიაკუჩო,პ,City,ქალაქი
პუერტო-აიორა,პ,City,ქალაქი
პუერტო-არმუელესი,პ,City,ქალაქი
პუერტო-არმუელიესი,პ,City,ქალაქი
პუერტო-ბაკერისო-მორენო,პ,City,ქალაქი
პუერტო-ესკონდიდო,პ,City,ქალაქი
პუერტო-ვალიარტა,პ,City,ქალაქი
პუერტო-ვილამილი,პ,City,ქალაქი
პუერტო-კაბელიო,პ,City,ქალაქი
პუერტო-კაბესასი,პ,City,ქალაქი
პუერტო-ლა-კრუსი,პ,City,ქალაქი
პუერტო-ლოპესი,პ,City,ქალაქი
პუერტო-მაიორ-ოტანიო,პ,City,ქალაქი
პუერტო-მალდონადო,პ,City,ქალაქი
პუერტო-მონტი,პ,City,ქალაქი
პუერტო-მორასანი,პ,City,ქალაქი
პუერტო-პადრე,პ,City,ქალაქი
პუერტო-პილონი,პ,City,ქალაქი
პუერტო-პრინსესა,პ,City,ქალაქი
პუერტო-რიკო,პ,Country,ქვეყანა
პუერტო-როსარიო,პ,City,ქალაქი
პუერტოაიაკუჩო,პ,City,ქალაქი
პუერტოაიორა,პ,City,ქალაქი
პუერტოარმუელიესი,პ,City,ქალაქი
პუერტობაკერისომორენო,პ,City,ქალაქი
პუერტოვილამილი,პ,City,ქალაქი
პუერტოკაბელიო,პ,City,ქალაქი
პუერტოლაკრუსი,პ,City,ქალაქი
პუერტოლოპესი,პ,City,ქალაქი
პუერტომალდონადო,პ,City,ქალაქი
პუერტომონტი,პ,City,ქალაქი
პუერტოპადრე,პ,City,ქალაქი
პუიანგი,პ,City,ქალაქი
პუიო,პ,City,ქალაქი
პუკალიპა,პ,City,ქალაქი
პუკე,პ,City,ქალაქი
პუკეკოჰე-ისტ,პ,City,ქალაქი
პულ-ი-ალამი,პ,City,ქალაქი
პულა,პ,City,ქალაქი
პულავი,პ,City,ქალაქი
პული,პ,City,ქალაქი
პულილანი,პ,City,ქალაქი
პულკე,პ,Food,საკვები
პულსი,პ,Film,ფილმი
პუმა,პ,Animal,ცხოველი
პუნა,პ,City,ქალაქი
პუნატა,პ,City,ქალაქი
პუნაქა,პ,City,ქალაქი
პუნო,პ,City,ქალაქი
პუნპუნი,პ,River,მდინარე
პუნტა ალტა,პ,City,ქალაქი
პუნტა არენასი,პ,City,ქალაქი
პუნტა გორდა,პ,City,ქალაქი
პუნტა ლაურელი,პ,City,ქალაქი
პუნტა პენია,პ,City,ქალაქი
პუნტა რობალო,პ,City,ქალაქი
პუნტა-არენასი,პ,City,ქალაქი
პუნტა-დელ-ესტე,პ,City,ქალაქი
პუნტა-ლაურელი,პ,City,ქალაქი
პუნტა-პენია,პ,City,ქალაქი
პუნტა-რობალო,პ,City,ქალაქი
პუნტაარენასი,პ,City,ქალაქი
პუნტალაურელი,პ,City,ქალაქი
პუნტაპენია,პ,City,ქალაქი
პუნტარენასი,პ,City,ქალაქი
პუნტარობალო,პ,City,ქალაქი
პუნტე პენია,პ,City,ქალაქი
პუნტე-პენია,პ,City,ქალაქი
პუნტეპენია,პ,City,ქალაქი
პუნტო ფიხო,პ,City,ქალაქი
პუნტო-ფიხო,პ,City,ქალაქი
პუნტოფიხო,პ,City,ქალაქი
პუნში,პ,Food,საკვები
პურალი,პ,City,ქალაქი
პურანკე,პ,City,ქალაქი
პურვაკარტა,პ,City,ქალაქი
პურვოდადი,პ,City,ქალაქი
პურვოკერტო,პ,City,ქალაქი
პური,პ,Food,საკვები
პურკერსდორფი,პ,City,ქალაქი
პურმამარკა,პ,City,ქალაქი
პურმერენდი,პ,City,ქალაქი
პურჰამი,პ,City,ქალაქი
პუსანი,პ,City,ქალაქი
პუსი,პ,City,ქალაქი
პუტალამი,პ,City,ქალაქი
პუტატანი,პ,City,ქალაქი
პუტი,პ,City,ქალაქი
პუტრაჯაია,პ,City,ქალაქი
პუტუმაიო,პ,River,მდინარე
პუშპოკლადანი,პ,City,ქალაქი
პუხილი,პ,City,ქალაქი
პუჯილი,პ,City,ქალაქი
პუჰია,პ,City,ქალაქი
პშემისლი,პ,City,ქალაქი
ჟაბინკა,ჟ,City,ქალაქი
ჟაბლიაკი,ჟ,City,ქალაქი
ჟაგარე,ჟ,City,ქალაქი
ჟაგუარანი,ჟ,River,მდინარე
ჟავარი,ჟ,River,მდინარე
ჟალაღაში,ჟ,City,ქალაქი
ჟალეთი,ჟ,City,ქალაქი
ჟალეცი,ჟ,City,ქალაქი
ჟალონი,ჟ,River,მდინარე
ჟან,ჟ,Name,სახელი
ჟან-რაბელი,ჟ,City,ქალაქი
ჟანა,ჟ,Name,სახელი
ჟანა დ’არკის ვნებანი,ჟ,Film,ფილმი
ჟანაოზენი,ჟ,City,ქალაქი
ჟანაყორღანი,ჟ,City,ქალაქი
ჟანგატასი,ჟ,City,ქალაქი
ჟანგი,ჟ,Film,ფილმი
ჟანგი და ძვალი,ჟ,Film,ფილმი
ჟანგჯიაკოუ,ჟ,City,ქალაქი
ჟანგჯოუ,ჟ,City,ქალაქი
ჟანეტა,ჟ,Name,სახელი
ჟანრი,ჟ,Name,სახელი
ჟანძიანი,ჟ,City,ქალაქი
ჟაპურა,ჟ,River,მდინარე
ჟარკენტი,ჟ,City,ქალაქი
ჟასმინი,ჟ,Plant,მცენარე
ჟდანოვკა,ჟ,River,მდინარე
ჟეზყაზღანი,ჟ,City,ქალაქი
ჟეთიბაი,ჟ,City,ქალაქი
ჟელეზნიკი,ჟ,City,ქალაქი
ჟემაიჩიუ ნაუმიესტისი,ჟ,City,ქალაქი
ჟენევა,ჟ,City,ქალაქი
ჟენია,ჟ,Name,სახელი
ჟეჟმარიაი,ჟ,City,ქალაქი
ჟერემი,ჟ,City,ქალაქი
ჟეშუვი,ჟ,City,ქალაქი
ჟიეჟმარიაი,ჟ,City,ქალაქი
ჟილინა,ჟ,City,ქალაქი
ჟინვალი,ჟ,City,ქალაქი
ჟირაფი,ჟ,Animal,ცხოველი
ჟირი,ჟ,City,ქალაქი
ჟიროვიჩი,ჟ,City,ქალაქი
ჟირონა,ჟ,City,ქალაქი
ჟიტიყარა,ჟ,City,ქალაქი
ჟიტკავიჩი,ჟ,City,ქალაქი
ჟიტომირი,ჟ,City,ქალაქი
ჟიუ,ჟ,River,მდინარე
ჟიული,ჟ,Film,ფილმი
ჟიული და ჯიმი,ჟ,Film,ფილმი
ჟლეტა,ჟ,Film,ფილმი
ჟლობინი,ჟ,City,ქალაქი
ჟოალ-ფადიუტი,ჟ,City,ქალაქი
ჟოაო პესოა,ჟ,City,ქალაქი
ჟოდზინა,ჟ,City,ქალაქი
ჟოეკვარა,ჟ,River,მდინარე
ჟოვტი-ვოდი,ჟ,City,ქალაქი
ჟოზე,ჟ,Name,სახელი
ჟოზეფინა,ჟ,Name,სახელი
ჟოიაბაჯი,ჟ,City,ქალაქი
ჟოლიეტი,ჟ,City,ქალაქი
ჟოლო,ჟ,Plant,მცენარე
ჟოჟობა,ჟ,Plant,მცენარე
ჟორა,ჟ,Name,სახელი
ჟორდანია,ჟ,Country,ქვეყანა
ჟორი,ჟ,City,ქალაქი
ჟორჟ,ჟ,Name,სახელი
ჟორჟი,ჟ,Name,სახელი
ჟოსალი,ჟ,City,ქალაქი
ჟოტია,ჟ,Name,სახელი
ჟუან პესოა,ჟ,City,ქალაქი
ჟუან-პესოა,ჟ,City,ქალაქი
ჟუანპესოა,ჟ,City,ქალაქი
ჟუჟა,ჟ,Name,სახელი
ჟუჟოუ,ჟ,City,ქალაქი
ჟუჟუნა,ჟ,Name,სახელი
ჟურუა,ჟ,River,მდინარე
რა? სად? როდის,რ,Unknown,უცნობი
რაბა,რ,River,მდინარე
რაბათი,რ,City,ქალაქი
რაბაკი,რ,City,ქალაქი
რაბატი,რ,City,ქალაქი
რაბაული,რ,City,ქალაქი
რაბია,რ,City,ქალაქი
რაგა,რ,City,ქალაქი
რაგაციემსი,რ,City,ქალაქი
რაგლანი,რ,City,ქალაქი
რაგუზა,რ,City,ქალაქი
რადენცი,რ,City,ქალაქი
რადესი,რ,City,ქალაქი
რადეჩე,რ,City,ქალაქი
რადვილიშკისი,რ,City,ქალაქი
რადიოაქტიური,რ,Film,ფილმი
რადლიე-ობ-დრავი,რ,City,ქალაქი
რადნევო,რ,City,ქალაქი
რადოვიში,რ,City,ქალაქი
რადოვლიცა,რ,City,ქალაქი
რადომი,რ,City,ქალაქი
რადომირი,რ,City,ქალაქი
რადომსკო,რ,City,ქალაქი
რავა,რ,City,ქალაქი
რავალპინდი,რ,City,ქალაქი
რავანავი,რ,City,ქალაქი
რავანგი,რ,City,ქალაქი
რავანდოზი,რ,City,ქალაქი
რავენა,რ,City,ქალაქი
რავნე,რ,City,ქალაქი
რაზგრადი,რ,City,ქალაქი
რაზდანი,რ,River,მდინარე
რაზლოგი,რ,City,ქალაქი
რათუა-ხოლა,რ,River,მდინარე
რაია,რ,Film,ფილმი
რაია და უკანასკნელი დრაკონი,რ,Film,ფილმი
რაიანის,რ,Film,ფილმი
რაიანის ქალიშვილი,რ,Film,ფილმი
რაიდაკი,რ,River,მდინარე
რაიმუნი,რ,City,ქალაქი
რაინდი,რ,Name,სახელი
რაინი,რ,River,მდინარე
რაინჰაიტსგებოტი,რ,Food,საკვები
რაიონი,რ,Film,ფილმი
რაიონი 9,რ,Film,ფილმი
რაიპური,რ,City,ქალაქი
რაისა,რ,Name,სახელი
რაისიო,რ,City,ქალაქი
რაკა,რ,City,ქალაქი
რაკე,რ,City,ქალაქი
რაკეკი,რ,City,ქალაქი
რაკვერე,რ,City,ქალაქი
რაკვერი,რ,City,ქალაქი
რაკიტოვო,რ,City,ქალაქი
რაკოვი,რ,City,ქალაქი
რაკოვსკი,რ,City,ქალაქი
რაკუნი,რ,Animal,ცხოველი
რალფი,რ,Film,ფილმი
რალფი ტეხავს ინტერნეტს,რ,Film,ფილმი
რალფი ტეხავს ინტერნეტს გამანადგურებელი რალფი,რ,Film,ფილმი
რალფი ტეხავს ინტერნეტს გამანადგურებელი რალფი 2,რ,Film,ფილმი
რალფი ტეხავს ინტერნეტს: გამანადგურებელი რალფი,რ,Film,ფილმი
რალფი ტეხავს ინტერნეტს: გამანადგურებელი რალფი 2,რ,Film,ფილმი
რამა,რ,City,ქალაქი
რამადა,რ,City,ქალაქი
რამადი,რ,City,ქალაქი
რამაზ,რ,Name,სახელი
რამაზი,რ,Name,სახელი
რამათ განი,რ,City,ქალაქი
რამათ-განი,რ,City,ქალაქი
რამათ-იშაი,რ,City,ქალაქი
რამათ-ჰაშარონი,რ,City,ქალაქი
რამათგანი,რ,City,ქალაქი
რამალა,რ,City,ქალაქი
რამანა,რ,City,ქალაქი
რამბალა,რ,City,ქალაქი
რამბუტანი,რ,Food,საკვები
რამგანჯი,რ,City,ქალაქი
რამდენიმე,რ,Film,ფილმი
რამდენიმე დოლარით მეტი,რ,Film,ფილმი
რამდენიმე ინტერვიუ პირად,რ,Film,ფილმი
რამდენიმე ინტერვიუ პირად საკითხებზე,რ,Film,ფილმი
რამიგალა,რ,City,ქალაქი
რამინ,რ,Name,სახელი
რამინი,რ,Name,სახელი
რამლა,რ,City,ქალაქი
რამპის,რ,Film,ფილმი
რამპის ჩირაღდნები,რ,Film,ფილმი
რამსარი,რ,City,ქალაქი
რამსელი,რ,City,ქალაქი
რანავეი ბეი,რ,City,ქალაქი
რანგა,რ,River,მდინარე
რანგიტი,რ,River,მდინარე
რანგკასბიტუნგი,რ,City,ქალაქი
რანგპური,რ,City,ქალაქი
რანგუნი,რ,City,ქალაქი
რანდერსი,რ,City,ქალაქი
რანდფონტეინი,რ,City,ქალაქი
რანერსი,რ,City,ქალაქი
რანერუ,რ,City,ქალაქი
რანი,რ,Film,ფილმი
რანკაგუა,რ,City,ქალაქი
რანკვაილი,რ,City,ქალაქი
რანკვეილი,რ,City,ქალაქი
რანკიტე,რ,City,ქალაქი
რანსი,რ,River,მდინარე
რანჩი,რ,City,ქალაქი
რანჩუელო,რ,City,ქალაქი
რაოჯანი,რ,City,ქალაქი
რაპალო,რ,City,ქალაქი
რაპერსვილი,რ,City,ქალაქი
რაპინა,რ,City,ქალაქი
რაპლა,რ,City,ქალაქი
რაჟდენ,რ,Name,სახელი
რას ელ აინი,რ,City,ქალაქი
რას ელ ანუფი,რ,City,ქალაქი
რას-ელ-აინი,რ,City,ქალაქი
რას-ელ-ანუფი,რ,City,ქალაქი
რასეინიაი,რ,City,ქალაქი
რასელაინი,რ,City,ქალაქი
რასელანუფი,რ,City,ქალაქი
რასი ელ უედ,რ,City,ქალაქი
რასიიკუ,რ,City,ქალაქი
რასინი,რ,City,ქალაქი
რასიომონი,რ,Film,ფილმი
რატატუი,რ,Film,ფილმი
რატი,რ,Name,სახელი
რატინგენი,რ,City,ქალაქი
რატნაპურა,რ,City,ქალაქი
რატომ,რ,Film,ფილმი
რატომ კლავენ ქალები,რ,Film,ფილმი
რატომკა,რ,City,ქალაქი
რატოუთი,რ,City,ქალაქი
რაუბი,რ,City,ქალაქი
რაუდა,რ,City,ქალაქი
რაული,რ,Name,სახელი
რაუმა,რ,City,ქალაქი
რაუსონი,რ,City,ქალაქი
რაუფარჰოფნი,რ,City,ქალაქი
რაფაელ ფრეიერე,რ,City,ქალაქი
რაფაელ-ფრეიერე,რ,City,ქალაქი
რაფაელა,რ,City,ქალაქი
რაფაელფრეიერე,რ,City,ქალაქი
რაფაი,რ,City,ქალაქი
რაფიელ,რ,Name,სახელი
რაფინგირა,რ,City,ქალაქი
რაფრაფი,რ,City,ქალაქი
რაშიდი,რ,City,ქალაქი
რაჩაბური,რ,City,ქალაქი
რაც გინახავს ვეღარ,რ,Film,ფილმი
"რაც გინახავს, ვეღარ ნახავ",რ,Film,ფილმი
რაც მეტია უფრო,რ,Film,ფილმი
რაც მეტია უფრო მხიარულია,რ,Film,ფილმი
რაც ყველაზე ძალიან,რ,Film,ფილმი
რაც ყველაზე ძალიან გიყვარს,რ,Film,ფილმი
რაც ყველაზე ძალიან გიყვარს 2,რ,Film,ფილმი
რაცე,რ,City,ქალაქი
რაციბუჟი,რ,City,ქალაქი
რაჭა,რ,Film,ფილმი
რაჭა ჩემო სიყვარულო,რ,Film,ფილმი
რახათ,რ,Food,საკვები
რახათ ლუხუმი,რ,Food,საკვები
რახათ-ლუხუმი,რ,Food,საკვები
რაჯკოტი,რ,City,ქალაქი
რაჯშაჰი,რ,City,ქალაქი
რაჰატი,რ,City,ქალაქი
რაჰე,რ,City,ქალაქი
რბოლა,რ,Film,ფილმი
რებეკა,რ,Film,ფილმი
რებოლა,რ,City,ქალაქი
რებორდოსა,რ,City,ქალაქი
რეგა,რ,River,მდინარე
რეგე,რ,River,მდინარე
რეგენგუშ დე მონსარაში,რ,City,ქალაქი
რეგენგუშ-დე-მონსარაში,რ,City,ქალაქი
რეგენგუშდემონსარაში,რ,City,ქალაქი
რეგენსბურგი,რ,City,ქალაქი
რეგინ-სატი,რ,City,ქალაქი
რეგლა,რ,City,ქალაქი
რეგუიბა,რ,City,ქალაქი
რედ დირი,რ,City,ქალაქი
რედანჟ-სურ-ატერტი,რ,City,ქალაქი
რედენი,რ,City,ქალაქი
რედეუცი,რ,City,ქალაქი
რედინგი,რ,City,ქალაქი
რედკლიფი,რ,City,ქალაქი
რედოვრე,რ,City,ქალაქი
რედუტ კალე,რ,City,ქალაქი
რედუტ-კალე,რ,City,ქალაქი
რედუტკალე,რ,City,ქალაქი
რევაზ,რ,Name,სახელი
რევაზი,რ,Name,სახელი
რევოლუცია,რ,Film,ფილმი
რევოლუციური,რ,Film,ფილმი
რევოლუციური გზა,რ,Film,ფილმი
რეზეკნე,რ,City,ქალაქი
რეზი,რ,Name,სახელი
რეზიკო,რ,Name,სახელი
რეზო,რ,Name,სახელი
რეზოვსკა,რ,River,მდინარე
რეთიმნონი,რ,City,ქალაქი
რეი ბუბა,რ,City,ქალაქი
რეიგანი,რ,Film,ფილმი
რეიდარფიორდური,რ,City,ქალაქი
რეიკიავიკი,რ,City,ქალაქი
რეიკიანესბერი,რ,City,ქალაქი
რეიკიანესი,რ,City,ქალაქი
რეიკიაჰლიდი,რ,City,ქალაქი
რეიკჰოლარი,რ,City,ქალაქი
რეიკჰოლტი,რ,City,ქალაქი
რეიმონდ,რ,Food,საკვები
რეიმონდ კარვერი,რ,Food,საკვები
რეიმონდ ტერასი,რ,City,ქალაქი
რეიმსი,რ,City,ქალაქი
რეინოსა,რ,City,ქალაქი
რეის კორსი,რ,City,ქალაქი
რეისვეიკი,რ,City,ქალაქი
რეკლინჰაუზენი,რ,City,ქალაქი
რეკონკისტა,რ,City,ქალაქი
რეკორდი,რ,Film,ფილმი
რემედიოსი,რ,City,ქალაქი
რემიხი,რ,City,ქალაქი
რემსი,რ,City,ქალაქი
რემშაიდი,რ,City,ქალაქი
რემჩი,რ,City,ქალაქი
რენანი,რ,City,ქალაქი
რენატა,რ,Name,სახელი
რენგასდენგკლოკი,რ,City,ქალაქი
რენგო,რ,City,ქალაქი
რენი,რ,City,ქალაქი
რენო,რ,River,მდინარე
რეპატრიასიონი,რ,City,ქალაქი
რეპრუა,რ,River,მდინარე
რეჟაინა,რ,City,ქალაქი
რერუსი,რ,City,ქალაქი
რესენი,რ,City,ქალაქი
რესისტენსია,რ,City,ქალაქი
რესიფე,რ,City,ქალაქი
რესიფი,რ,City,ქალაქი
რეტალჰულეუ,რ,City,ქალაქი
რეუნიონი,რ,Country,ქვეყანა
რეუსი,რ,City,ქალაქი
რეუტი,რ,River,მდინარე
რეშენი,რ,City,ქალაქი
რეშთი,რ,City,ქალაქი
რეშიცა,რ,City,ქალაქი
რეჩიცა,რ,City,ქალაქი
რეჩხი,რ,River,მდინარე
რეხაია,რ,City,ქალაქი
რეხასიმი,რ,City,ქალაქი
რეჯაინა,რ,City,ქალაქი
რეჯო დი კალაბრია,რ,City,ქალაქი
რეჯო ემილია,რ,City,ქალაქი
რეჯო-დი-კალაბრია,რ,City,ქალაქი
რეჯო-ემილია,რ,City,ქალაქი
რეჯოდიკალაბრია,რ,City,ქალაქი
რეჯოემილია,რ,City,ქალაქი
რეჰანი,რ,Plant,მცენარე
რვანახევარი,რ,Film,ფილმი
რვაფეხა,რ,Animal,ცხოველი
რიანა,რ,Name,სახელი
რიაპინა,რ,City,ქალაქი
რიბე,რ,City,ქალაქი
რიბეირა გრანდე,რ,City,ქალაქი
რიბეირა-გრანდე,რ,City,ქალაქი
რიბეირაგრანდე,რ,City,ქალაქი
რიბეირაო დასი ნევესი,რ,City,ქალაქი
რიბეირაო პრეტო,რ,City,ქალაქი
რიბერალტა,რ,City,ქალაქი
რიბნიკი,რ,City,ქალაქი
რიბნიცა,რ,City,ქალაქი
რიგა,რ,City,ქალაქი
რიგითი,რ,Film,ფილმი
რიგითი რაიანის გადასარჩენად,რ,Film,ფილმი
რიგის,რ,Food,საკვები
რიგის შავი ბალზამი,რ,Food,საკვები
რიდ იმ ინკრაისი,რ,City,ქალაქი
რიდ ინ იმკრაისი,რ,City,ქალაქი
რიდ-ინ-იმკრაისი,რ,City,ქალაქი
რიდერი,რ,City,ქალაქი
რიდერკერკი,რ,City,ქალაქი
რიდინიმკრაისი,რ,City,ქალაქი
რიეკა,რ,City,ქალაქი
რიეტავასი,რ,City,ქალაქი
რიეტი,რ,City,ქალაქი
რივას ვასიამადრიდი,რ,City,ქალაქი
რივას-ვასიამადრიდი,რ,City,ქალაქი
რივასვასიამადრიდი,რ,City,ქალაქი
რივასი,რ,City,ქალაქი
რივერა,რ,City,ქალაქი
რივერსაიდი,რ,City,ქალაქი
რივერსდეილი,რ,City,ქალაქი
რივერტონი,რ,City,ქალაქი
რივიერ დეზ ანგიი,რ,City,ქალაქი
რივიერ დიუ რემპარი,რ,City,ქალაქი
რივნე,რ,City,ქალაქი
რიზე,რ,City,ქალაქი
რიზიპერე,რ,City,ქალაქი
რიზოკარპასო,რ,City,ქალაქი
რიკოთულა,რ,River,მდინარე
რიმა,რ,Name,სახელი
რიმაკი,რ,River,მდინარე
რიმინი,რ,City,ქალაქი
რიმნიკუ ვილჩა,რ,City,ქალაქი
რიმნიკუ-ვილჩა,რ,City,ქალაქი
რიმნიკუ-სერატი,რ,City,ქალაქი
რიმნიკუვილჩა,რ,City,ქალაქი
რინასი,რ,City,ქალაქი
რინგკობინგი,რ,City,ქალაქი
რინგსტედი,რ,City,ქალაქი
რიო,რ,Film,ფილმი
რიო 2,რ,Film,ფილმი
რიო ატო,რ,City,ქალაქი
რიო ბრანკო,რ,City,ქალაქი
რიო ბუენო,რ,City,ქალაქი
რიო გალიეგოსი,რ,City,ქალაქი
რიო გუაიაბალ დე იატერასი,რ,City,ქალაქი
რიო დე ჟანეირო,რ,City,ქალაქი
რიო დეჟანეირო,რ,City,ქალაქი
რიო კამპო,რ,City,ქალაქი
რიო კაუსტო,რ,City,ქალაქი
რიო კაუტო,რ,City,ქალაქი
რიო კუარტო,რ,City,ქალაქი
რიო ლინდო,რ,City,ქალაქი
რიო მაიორი,რ,City,ქალაქი
რიო სან კარლოსი,რ,River,მდინარე
რიო სეგუნდო,რ,City,ქალაქი
რიო სერენო,რ,City,ქალაქი
რიო ტერსერო,რ,City,ქალაქი
რიო ტინტო,რ,City,ქალაქი
რიო-ალეხანდრო,რ,City,ქალაქი
რიო-ატო,რ,City,ქალაქი
რიო-ბერმეხო,რ,River,მდინარე
რიო-ბლანკო,რ,City,ქალაქი
რიო-ბრანკო,რ,City,ქალაქი
რიო-გრანდე,რ,River,მდინარე
რიო-გრანდე-დე-მატაგალპა,რ,River,მდინარე
რიო-გრანდე-დე-სანტიაგო,რ,River,მდინარე
რიო-დე-ჟანეირო,რ,City,ქალაქი
რიო-კაუტო,რ,City,ქალაქი
რიო-კოკო,რ,River,მდინარე
რიო-მაიორი,რ,City,ქალაქი
რიო-მბინი,რ,River,მდინარე
რიო-ნეგრო,რ,River,მდინარე
რიო-ონდო,რ,River,მდინარე
რიო-სერენო,რ,City,ქალაქი
რიო-ტინტო,რ,City,ქალაქი
რიოატო,რ,City,ქალაქი
რიობამბა,რ,City,ქალაქი
რიოდეჟანეირო,რ,City,ქალაქი
რიოკაუტო,რ,City,ქალაქი
რიომაიორი,რ,City,ქალაქი
რიონი,რ,River,მდინარე
რიოსერენო,რ,City,ქალაქი
რიოტინტო,რ,City,ქალაქი
რიოხა,რ,City,ქალაქი
რიპოლი,რ,River,მდინარე
რისმაგ,რ,Name,სახელი
რიტა,რ,Name,სახელი
რიუ ბრანკუ,რ,City,ქალაქი
რიუ გრანდი,რ,City,ქალაქი
რიუ-ბრანკუ,რ,City,ქალაქი
რიუ-გრანდი,რ,City,ქალაქი
რიუ-დე-მორუ,რ,City,ქალაქი
რიუ-ტინტუ,რ,City,ქალაქი
რიუბრანკუ,რ,City,ქალაქი
რიუგრანდი,რ,City,ქალაქი
რიუმელანჟი,რ,City,ქალაქი
რიფსიმე,რ,Name,სახელი
რიშარ-ტოლი,რ,City,ქალაქი
რიშონ-ლეციონი,რ,City,ქალაქი
რიჩარდ,რ,Film,ფილმი
რიჩარდ ნიქსონის მკვლელობა,რ,Film,ფილმი
რიჩარდს-ბეი,რ,City,ქალაქი
რიჩმონდი,რ,City,ქალაქი
რიცეულა,რ,River,მდინარე
რიჰიმაკი,რ,City,ქალაქი
რკინიგზის,რ,Film,ფილმი
რკინიგზის კაცი,რ,Film,ფილმი
რკინის,რ,Film,ფილმი
რკინის გიგანტი,რ,Film,ფილმი
რკინის კაცი,რ,Film,ფილმი
რკინის კაცი 2,რ,Film,ფილმი
რკინის კაცი 3,რ,Film,ფილმი
რკინის მუშტი,რ,Film,ფილმი
რკო,რ,Plant,მცენარე
როატანი,რ,City,ქალაქი
რობ როი,რ,Film,ფილმი
რობერტი,რ,Name,სახელი
რობერტსპორტი,რ,City,ქალაქი
რობიზონი,რ,Name,სახელი
რობინ,რ,Film,ფილმი
რობინ ჰუდი,რ,Film,ფილმი
რობინ ჰუდი ქურდების,რ,Film,ფილმი
რობინ ჰუდი ქურდების უფლისწული,რ,Film,ფილმი
რობინ ჰუდი: ქურდების უფლისწული,რ,Film,ფილმი
რობიტი,რ,City,ქალაქი
რობლედო დე ჩაველა,რ,City,ქალაქი
რობლედო-დე-ჩაველა,რ,City,ქალაქი
რობლედოდეჩაველა,რ,City,ქალაქი
რობოტები,რ,Film,ფილმი
რობოტი,რ,Film,ფილმი
რობოტი დაგვეხმარება,რ,Film,ფილმი
როგაშკა-სლატინა,რ,City,ქალაქი
როგორ,რ,Film,ფილმი
როგორ დავკარგოთ ბიჭი,რ,Film,ფილმი
როგორ დავკარგოთ ბიჭი 10 დღეში,რ,Film,ფილმი
როგორ ვიცხოვრო უშენოდ,რ,Film,ფილმი
როგორ მოვარჯულოთ დრაკონი,რ,Film,ფილმი
როგორ მოვიგე ომი,რ,Film,ფილმი
როგორ მოვიპაროთ მილიონი,რ,Film,ფილმი
როგორ შევხვდი დედათქვენს,რ,Film,ფილმი
როდანჟი,რ,City,ქალაქი
როდასი,რ,City,ქალაქი
როდესაც,რ,Film,ფილმი
როდესაც ქარი ქრის,რ,Film,ფილმი
როდესაც შენკენ მოვფრინავ,რ,Film,ფილმი
როდიონ,რ,Name,სახელი
როდის,რ,Film,ფილმი
როდოვრე,რ,City,ქალაქი
როდოპოლისი,რ,City,ქალაქი
როდოსი,რ,City,ქალაქი
როდრიგესი,რ,City,ქალაქი
როდტ-სურ-სირი,რ,City,ქალაქი
როებოურნი,რ,City,ქალაქი
როენა,რ,Name,სახელი
როვანემი,რ,City,ქალაქი
როვინჯი,რ,City,ქალაქი
როზ ბელი,რ,City,ქალაქი
როზა,რ,Name,სახელი
როზალიმასი,რ,City,ქალაქი
როზენდალი,რ,City,ქალაქი
როზმარინი,რ,Plant,მცენარე
როზმარის,რ,Film,ფილმი
როზმარის ბავშვი,რ,Film,ფილმი
როზო,რ,City,ქალაქი
როი-ეტი,რ,City,ქალაქი
როია,რ,City,ქალაქი
როინ,რ,Name,სახელი
როინი,რ,Name,სახელი
როისი,რ,River,მდინარე
როიტლინგენი,რ,City,ქალაქი
როკ დოგი,რ,Film,ფილმი
როკაფუერტე,რ,City,ქალაქი
როკი,რ,Film,ფილმი
როკი პოინტი,რ,City,ქალაქი
როკი საზაფხულო ბანაკში,რ,Film,ფილმი
როკისწყალი,რ,River,მდინარე
როკიშკისი,რ,City,ქალაქი
როკო,რ,Name,სახელი
როკო და მისი ძმები,რ,Film,ფილმი
როკჰემპტონი,რ,City,ქალაქი
როლანდ,რ,Name,სახელი
როლანდი,რ,Name,სახელი
როლესტონი,რ,City,ქალაქი
როლინგენი,რ,City,ქალაქი
რომა,რ,Name,სახელი
რომან,რ,Name,სახელი
რომანი,რ,City,ქალაქი
რომანი,რ,City,ქალაქი
რომანოზ,რ,Name,სახელი
რომაული,რ,Film,ფილმი
რომაული არდადეგები,რ,Film,ფილმი
რომეო,რ,Name,სახელი
რომეო და ჯულიეტა,რ,Film,ფილმი
რომი,რ,City,ქალაქი
რომნი,რ,City,ქალაქი
რონა,რ,River,მდინარე
რონალდო,რ,Name,სახელი
რონგაი,რ,City,ქალაქი
რონე,რ,City,ქალაქი
რონსი,რ,City,ქალაქი
როპოტამო,რ,River,მდინარე
როჟაიე,რ,City,ქალაქი
როსა ზარატე,რ,City,ქალაქი
როსარიო,რ,City,ქალაქი
როსარიო დე მორა,რ,City,ქალაქი
როსელარი,რ,City,ქალაქი
როსიგნოლი,რ,City,ქალაქი
როსკილდე,რ,City,ქალაქი
როსკილე,რ,City,ქალაქი
როსკოვეცი,რ,City,ქალაქი
როსკომონი,რ,City,ქალაქი
როსკრეი,რ,City,ქალაქი
როსო,რ,City,ქალაქი
როსპუდა,რ,River,მდინარე
როსტაქი,რ,City,ქალაქი
როსტევან,რ,Name,სახელი
როსტოვი,რ,City,ქალაქი
როსტოკი,რ,City,ქალაქი
როსტომ,რ,Name,სახელი
როსტომა,რ,Name,სახელი
როსტომი,რ,Name,სახელი
როტერდამი,რ,City,ქალაქი
როტორუა,რ,City,ქალაქი
როუდ ტაუნი,რ,City,ქალაქი
როუდ-ტაუნი,რ,City,ქალაქი
როუდტაუნი,რ,City,ქალაქი
როქსასი,რ,City,ქალაქი
როღუნი,რ,City,ქალაქი
როშ ნუარი,რ,City,ქალაქი
როშ ტერი,რ,City,ქალაქი
როშ-პინა,რ,City,ქალაქი
როშე-ა-ბატო,რ,City,ქალაქი
როშიორი-დე-ვედე,რ,City,ქალაქი
როშკისწყალი,რ,River,მდინარე
როჩა,რ,City,ქალაქი
როცა,რ,Film,ფილმი
როცა აყვავდა ნუში,რ,Film,ფილმი
როცა მსოფლიოს მართავდა,რ,Film,ფილმი
როცა სიყვარული მოდის,რ,Film,ფილმი
როცა ჰარი შეხვდა,რ,Film,ფილმი
როცა ჰარი შეხვდა სალის,რ,Film,ფილმი
როჭო,რ,Animal,ცხოველი
რროგოჟინე,რ,City,ქალაქი
რუა,რ,River,მდინარე
რუანდა,რ,Country,ქვეყანა
რუანდის რესპუბლიკა,რ,Country,ქვეყანა
რუანი,რ,City,ქალაქი
რუატორია,რ,City,ქალაქი
რუბე,რ,City,ქალაქი
რუბენ,რ,Name,სახელი
რუბი,რ,City,ქალაქი
რუბიკი,რ,City,ქალაქი
რუბიკი ქალაქი,რ,City,ქალაქი
რუბიჟნე,რ,City,ქალაქი
რუბო,რ,Name,სახელი
რუგელი,რ,City,ქალაქი
რუდა-სლასკა,რ,City,ქალაქი
რუდბარი,რ,City,ქალაქი
რუდიშკესი,რ,City,ქალაქი
რუდნი,რ,City,ქალაქი
რუეი-მალმეზონი,რ,City,ქალაქი
რუენ-ნორანდა,რ,City,ქალაქი
რუვუმა,რ,River,მდინარე
რუზანა,რ,Name,სახელი
რუზიზი,რ,River,მდინარე
რუიენა,რ,City,ქალაქი
რუირუ,რ,City,ქალაქი
რუისატ,რ,City,ქალაქი
რუკარარა,რ,River,მდინარე
რუმბეკი,რ,City,ქალაქი
რუმი,რ,City,ქალაქი
რუმია,რ,City,ქალაქი
რუმინეთი,რ,Country,ქვეყანა
რუმინული,რ,Food,საკვები
რუმინული ღვინო,რ,Food,საკვები
რუმუ,რ,City,ქალაქი
რუმურუტი,რ,City,ქალაქი
რუმფი,რ,City,ქალაქი
რუნგატა,რ,City,ქალაქი
რუნდალე,რ,City,ქალაქი
რუნდუ,რ,City,ქალაქი
რუპნარაიანი,რ,River,მდინარე
რური,რ,River,მდინარე
რურმონდი,რ,City,ქალაქი
რუსაპე,რ,City,ქალაქი
რუსე,რ,City,ქალაქი
რუსეთი,რ,Country,ქვეყანა
რუსეთიდან,რ,Film,ფილმი
რუსეთიდან სიყვარულით,რ,Film,ფილმი
რუსეთის ფედერაცია,რ,Country,ქვეყანა
რუსეთის ფედრაცია,რ,Country,ქვეყანა
რუსთავი,რ,City,ქალაქი
რუსიკო,რ,Name,სახელი
რუსკა,რ,Name,სახელი
რუსლანი,რ,Name,სახელი
რუსნე,რ,City,ქალაქი
რუსო,რ,Name,სახელი
რუსტაკი,რ,City,ქალაქი
რუსტენბურგი,რ,City,ქალაქი
რუსუდან,რ,Name,სახელი
რუსუდანი,რ,Name,სახელი
რუტოვუ,რ,City,ქალაქი
რუშე,რ,City,ქალაქი
რუჩაი,რ,City,ქალაქი
რუჩი,რ,City,ქალაქი
რუხა გვირილა,რ,Plant,მცენარე
რუხი,რ,City,ქალაქი
რცხილა,რ,Plant,მცენარე
რძიანი,რ,Food,საკვები
რძიანი კოქტეილი,რ,Food,საკვები
რძიანი შოკოლადი,რ,Food,საკვები
რწყავი,რ,Plant,მცენარე
რწყილი,რ,Animal,ცხოველი
საა,ს,City,ქალაქი
სააგა,ს,City,ქალაქი
საადმირალოს არხი,ს,River,მდინარე
საათები,ს,Film,ფილმი
საათი,ს,Film,ფილმი
საათსა,ს,Film,ფილმი
სააკოვი,ს,City,ქალაქი
საარიჯარვი,ს,City,ქალაქი
საასააი,ს,City,ქალაქი
საბა,ს,City,ქალაქი
საბადელი,ს,City,ქალაქი
საბავშვო,ს,Film,ფილმი
საბავშვო ევროვიზიის სიმღერის,ს,Film,ფილმი
საბავშვო ევროვიზიის სიმღერის კონკურსი,ს,Film,ფილმი
საბანეტა,ს,City,ქალაქი
საბანილია,ს,City,ქალაქი
საბანიტასი,ს,City,ქალაქი
საბაჰ ას-სალიმი,ს,City,ქალაქი
საბედისწერო,ს,Film,ფილმი
საბედისწერო ლტოლვა,ს,Film,ფილმი
საბერძნეთი,ს,Country,ქვეყანა
საბერძნეთის რესპუბლიკა,ს,Country,ქვეყანა
საბეტა,ს,City,ქალაქი
საბილე,ს,City,ქალაქი
საბიონეტა,ს,City,ქალაქი
საბირაბადი,ს,City,ქალაქი
საბრათა,ს,City,ქალაქი
საბრალონი,ს,Film,ფილმი
საბრინას,ს,Film,ფილმი
საბრინას შემაძრწუნებელი თავგადასავალი,ს,Film,ფილმი
საბუგალი,ს,City,ქალაქი
საბუდარელი,ს,Film,ფილმი
საბუდარელი ჭაბუკი,ს,Film,ფილმი
საბუნჩი,ს,City,ქალაქი
საბუნჯუ,ს,City,ქალაქი
საბჰა,ს,City,ქალაქი
საგაი,ს,City,ქალაქი
საგაინგი,ს,City,ქალაქი
საგამი,ს,River,მდინარე
საგამიჰარა,ს,City,ქალაქი
საგამოფენო,ს,Food,საკვები
საგამუ,ს,City,ქალაქი
საგანა,ს,City,ქალაქი
საგარეჯო,ს,City,ქალაქი
საგონე,ს,City,ქალაქი
საგუა დე ტანამო,ს,City,ქალაქი
საგუა ლა გრანდე,ს,City,ქალაქი
საგუა-დე-ტანამო,ს,City,ქალაქი
საგუა-ლა-გრანდე,ს,City,ქალაქი
საგუადეტანამო,ს,City,ქალაქი
საგუალაგრანდე,ს,City,ქალაქი
სად როდის,ს,Film,ფილმი
სადაა,ს,Film,ფილმი
სადაა შენი ბედნიერება,ს,Film,ფილმი
სადათ ალ-ჰინდია,ს,City,ქალაქი
სადაო,ს,City,ქალაქი
სადაც,ს,Film,ფილმი
სადაც გულია,ს,Film,ფილმი
სადგური ახალი ათონი,ს,City,ქალაქი
სადიყაბადი,ს,City,ქალაქი
სადფა,ს,City,ქალაქი
სადღაც,ს,Film,ფილმი
სავა,ს,River,მდინარე
სავა-ბოჰინკა,ს,River,მდინარე
სავა-დოლინკა,ს,River,მდინარე
სავაია,ს,City,ქალაქი
სავაკინი,ს,City,ქალაქი
სავალი,ს,City,ქალაქი
სავანაქეტი,ს,City,ქალაქი
სავასავა,ს,City,ქალაქი
სავე,ს,City,ქალაქი
საველუგუ,ს,City,ქალაქი
სავიონი,ს,City,ქალაქი
სავლე,ს,Name,სახელი
სავონა,ს,City,ქალაქი
სავონლინნა,ს,City,ქალაქი
სავსე,ს,Film,ფილმი
სავსე სახლი,ს,Film,ფილმი
საზამთრო,ს,Plant,მცენარე
საზარელი,ს,Film,ფილმი
საზარელი ზღაპრები,ს,Film,ფილმი
საზიზღარი,ს,Film,ფილმი
საზიზღარი მე,ს,Film,ფილმი
საზიზღარი მე 2,ს,Film,ფილმი
საზიზღარი მე 3,ს,Film,ფილმი
საზოგადოების,ს,Film,ფილმი
საზოგადოების მტრები,ს,Film,ფილმი
საზღვარგარეთულა,ს,River,მდინარე
საზჰალომბატა,ს,City,ქალაქი
სათადარიგო,ს,Film,ფილმი
სათადარიგო ბორბალი,ს,Film,ფილმი
სათადარიგო მასწავლებელი,ს,Film,ფილმი
სათამაშო,ს,Film,ფილმი
სათამაშოების,ს,Film,ფილმი
სათამაშოების ისტორია,ს,Film,ფილმი
სათამაშოების ისტორია 2,ს,Film,ფილმი
სათამაშოების ისტორია 3,ს,Film,ფილმი
სათამაშოების ისტორია 4,ს,Film,ფილმი
სათუთი,ს,Film,ფილმი
სათუთი ირმა,ს,Film,ფილმი
საი,ს,City,ქალაქი
საიანი,ს,City,ქალაქი
საიდა,ს,City,ქალაქი
საიდპური,ს,City,ქალაქი
საიდუმლო,ს,Film,ფილმი
საიდუმლო მასალები,ს,Film,ფილმი
საიდუმლო მასალები მე მინდა მჯეროდეს,ს,Film,ფილმი
საიდუმლო მასალები: მე მინდა მჯეროდეს,ს,Film,ფილმი
საით,ს,Film,ფილმი
საით მივყავართ ოცნებებს,ს,Film,ფილმი
საილენტ,ს,Film,ფილმი
საილენტ ჰილი,ს,Film,ფილმი
საიმონ,ს,Film,ფილმი
საიმონ ბირჩი,ს,Film,ფილმი
საიმონსტაუნი,ს,City,ქალაქი
საინიაბული,ს,City,ქალაქი
საიონარა,ს,Film,ფილმი
საიპანი,ს,City,ქალაქი
საიპიპი,ს,City,ქალაქი
საკაბა,ს,City,ქალაქი
საკავენი,ს,City,ქალაქი
საკაი,ს,City,ქალაქი
საკანი,ს,Film,ფილმი
საკანი №79,ს,Film,ფილმი
საკანია,ს,City,ქალაქი
საკანისი,ს,City,ქალაქი
საკარაჰა,ს,City,ქალაქი
საკატეკასი,ს,City,ქალაქი
საკაურა,ს,River,მდინარე
საკე,ს,Food,საკვები
საკენი,ს,River,მდინარე
საკეტე,ს,City,ქალაქი
საკვალსათბურე,ს,Food,საკვები
საკვალსათბურე კულტურები,ს,Food,საკვები
საკვები,ს,Food,საკვები
საკვები კულტურები,ს,Food,საკვები
საკი,ს,City,ქალაქი
საკიბი,ს,City,ქალაქი
საკიეტ-სიდი-იუსეფი,ს,City,ქალაქი
საკმარა,ს,River,მდინარე
საკონ-ნაქონი,ს,City,ქალაქი
საკრაულა,ს,River,მდინარე
საკუ,ს,City,ქალაქი
საკურა,ს,Plant,მცენარე
საკჩუ-იუპი,ს,City,ქალაქი
სალაბერი-დე-ვალეფილდი,ს,City,ქალაქი
სალაგა,ს,City,ქალაქი
სალადო,ს,River,მდინარე
სალათა,ს,Food,საკვები
სალალა,ს,City,ქალაქი
სალამანდრა,ს,Animal,ცხოველი
სალამანკა,ს,City,ქალაქი
სალამია,ს,City,ქალაქი
სალამისი,ს,City,ქალაქი
სალანი,ს,City,ქალაქი
სალანტაი,ს,City,ქალაქი
სალასპილსი,ს,City,ქალაქი
სალატიგა,ს,City,ქალაქი
სალაცა,ს,River,მდინარე
სალაცგრივა,ს,City,ქალაქი
სალბი,ს,Plant,მცენარე
სალდა,ს,River,მდინარე
სალდანა,ს,City,ქალაქი
სალდუსი,ს,City,ქალაქი
სალეააუმუა,ს,City,ქალაქი
სალეაულა,ს,City,ქალაქი
სალეილუა,ს,City,ქალაქი
სალელესი,ს,City,ქალაქი
სალემი,ს,City,ქალაქი
სალეპოუა`ე,ს,City,ქალაქი
სალერნო,ს,City,ქალაქი
სალესატელე,ს,City,ქალაქი
სალვა,ს,City,ქალაქი
სალვადორი,ს,City,ქალაქი
სალვადორის რესპუბლიკა,ს,Country,ქვეყანა
სალი,ს,City,ქალაქი
სალიანი,ს,City,ქალაქი
სალივანის,ს,Film,ფილმი
სალივანის შოუ,ს,Film,ფილმი
სალიმა,ს,City,ქალაქი
სალიმანი,ს,City,ქალაქი
სალინასი,ს,City,ქალაქი
სალიტრალი,ს,City,ქალაქი
სალიტრილიოსი,ს,City,ქალაქი
სალიჰლი,ს,City,ქალაქი
სალიჰორსკი,ს,City,ქალაქი
სალმონი,ს,Animal,ცხოველი
სალო,ს,City,ქალაქი
სალომე,ს,Name,სახელი
სალონა,ს,City,ქალაქი
სალონიკი,ს,City,ქალაქი
სალსა,ს,Food,საკვები
სალსა გოლფი,ს,Food,საკვები
სალტა,ს,City,ქალაქი
სალტილიო,ს,City,ქალაქი
სალტო,ს,City,ქალაქი
სალტო დელ გუაირა,ს,City,ქალაქი
სალტო-დელ-გუაირა,ს,City,ქალაქი
სალტოდელგუაირა,ს,City,ქალაქი
სალტპონდი,ს,City,ქალაქი
სალუდოს,ს,Film,ფილმი
სალუდოს ამიგოს,ს,Film,ფილმი
სალუმი,ს,River,მდინარე
სალცგიტერი,ს,City,ქალაქი
სალხადი,ს,City,ქალაქი
სამ საათსა,ს,Film,ფილმი
სამ საათსა და ათ წუთზე იუმასკენ,ს,Film,ფილმი
სამ-ფრანი,ს,City,ქალაქი
სამა,ს,City,ქალაქი
სამავა,ს,City,ქალაქი
სამალაეულუ,ს,City,ქალაქი
სამალუტი,ს,City,ქალაქი
სამანა,ს,Name,სახელი
სამანგანი,ს,City,ქალაქი
სამანიშვილის,ს,Film,ფილმი
სამანიშვილის დედინაცვალი,ს,Film,ფილმი
სამარა,ს,City,ქალაქი
სამარაი,ს,City,ქალაქი
სამართებელზე,ს,Film,ფილმი
სამართებელზე მორბენალი,ს,Film,ფილმი
სამართებელზე მორბენალი 2049,ს,Film,ფილმი
სამართლიანობის,ს,Film,ფილმი
სამართლიანობის ლიგა,ს,Film,ფილმი
სამარინდა,ს,City,ქალაქი
სამარყანდი,ს,City,ქალაქი
სამატაუ,ს,City,ქალაქი
სამაუგა,ს,City,ქალაქი
სამაშველო,ს,Film,ფილმი
სამაშველო ნავი,ს,Film,ფილმი
სამახი,ს,City,ქალაქი
სამბავა,ს,City,ქალაქი
სამბოანგა,ს,City,ქალაქი
სამბორონდონი,ს,City,ქალაქი
სამბრი,ს,River,მდინარე
სამბუკა,ს,Food,საკვები
სამერის,ს,Film,ფილმი
სამერის 500 დღე,ს,Film,ფილმი
სამეფო,ს,Film,ფილმი
სამეფო კარის თამაშები,ს,Film,ფილმი
სამზარეულო,ს,Film,ფილმი
სამი,ს,Film,ფილმი
სამი გაიძვერა მიმალულ,ს,Film,ფილმი
სამი გაიძვერა მიმალულ ციხესიმაგრეში,ს,Film,ფილმი
სამი კაბალერო,ს,Film,ფილმი
სამი კაკალი კონკიასათვის,ს,Film,ფილმი
სამი სახლი,ს,Film,ფილმი
სამი სიცოცხლე,ს,Film,ფილმი
სამკაული,ს,Film,ფილმი
სამკაული ჩემი სატრფოსათვის,ს,Film,ფილმი
სამკირი,ს,City,ქალაქი
სამკუთხედი,ს,Film,ფილმი
სამნია,ს,City,ქალაქი
სამოა,ს,Country,ქვეყანა
სამოას დამოუკიდებელი სახელმწიფო,ს,Country,ქვეყანა
სამობორი,ს,City,ქალაქი
სამოელ,ს,Name,სახელი
სამოთხე,ს,Film,ფილმი
სამოთხე და ჯოჯოხეთი,ს,Film,ფილმი
სამოთხიდან,ს,Film,ფილმი
სამოთხიდან აღმოსავლეთით,ს,Film,ფილმი
სამოთხის,ს,Film,ფილმი
სამოთხის ბავშვები,ს,Film,ფილმი
სამოკოვი,ს,City,ქალაქი
სამორა,ს,City,ქალაქი
სამორა-დე-იდალგო,ს,City,ქალაქი
სამოსა,ს,Food,საკვები
სამოში,ს,River,მდინარე
სამსახურებრივი,ს,Film,ფილმი
სამსახურებრივი რომანი,ს,Film,ფილმი
სამსონ,ს,Name,სახელი
სამსუნი,ს,City,ქალაქი
სამტრედია,ს,City,ქალაქი
სამუდამოდ,ს,Film,ფილმი
სამუდამოდ ვერ გასტანს,ს,Film,ფილმი
სამურაი,ს,Film,ფილმი
სამური,ს,River,მდინარე
სამუსუ,ს,City,ქალაქი
სამუტ-პრაკანი,ს,City,ქალაქი
სამუტ-საქონი,ს,City,ქალაქი
სამუტ-სონგხრამი,ს,City,ქალაქი
სამფია,ს,City,ქალაქი
სამყარო,ს,Film,ფილმი
სამყარო შიგნიდან გარეთ,ს,Film,ფილმი
სამყურა,ს,Plant,მცენარე
სამყურისწყალი,ს,River,მდინარე
სამშობლო,ს,Film,ფილმი
სამხრეთ,ს,Food,საკვები
სამხრეთ აფრიკა,ს,Country,ქვეყანა
სამხრეთ აფრიკის რესპუბლიკა,ს,Country,ქვეყანა
სამხრეთ აფრიკული ღვინო,ს,Food,საკვები
სამხრეთ ბრიზბენი,ს,City,ქალაქი
სამხრეთ გრაფტონი,ს,City,ქალაქი
სამხრეთ კორეა,ს,Country,ქვეყანა
სამხრეთ სუდანი,ს,Country,ქვეყანა
სამხრეთ სუდანის რესპუბლიკა,ს,Country,ქვეყანა
სამხრეთ ჯორჯია და სამხრეთ სენდვიჩის კუნძულები,ს,Country,ქვეყანა
სამხრეთი აფრიკა,ს,Country,ქვეყანა
სამხრეთი კორეა,ს,Country,ქვეყანა
სამხრეთი სუდანი,ს,Country,ქვეყანა
სამხრეთი ტანგერანგი,ს,City,ქალაქი
სამხრეთი ტარავა,ს,City,ქალაქი
სამხრეთის,ს,Film,ფილმი
სამხრეთის ბუგი,ს,River,მდინარე
სამხრეთის დედოფალი,ს,Film,ფილმი
სამჰო-როდონგჯაგუ,ს,City,ქალაქი
სან აგუსტინი,ს,City,ქალაქი
სან ალეხო,ს,City,ქალაქი
სან ანდრეს იტსაცა,ს,City,ქალაქი
სან ანდრეს ქეკულ,ს,City,ქალაქი
სან ანტონიო,ს,City,ქალაქი
სან ანტონიო დე კორტესი,ს,City,ქალაქი
სან ანტონიო დე ლოს ბანიოსი,ს,City,ქალაქი
სან ანტონიო დე ლოს ბანოსი,ს,City,ქალაქი
სან ანტონიო დე ლოს კობრესი,ს,City,ქალაქი
სან ანტონიო დე პალე,ს,City,ქალაქი
სან ანტონიო დელ მონტე,ს,City,ქალაქი
სან ანტონიო დელ სური,ს,City,ქალაქი
სან ბენიტო,ს,City,ქალაქი
სან ბერნარდინო,ს,City,ქალაქი
სან ბერნარდო,ს,City,ქალაქი
სან ბერნარდუ დუ კამპუ,ს,City,ქალაქი
სან ბორხა,ს,City,ქალაქი
სან ბრუნო,ს,City,ქალაქი
სან გაბრიელი,ს,City,ქალაქი
სან გონსალუ,ს,City,ქალაქი
სან დიეგო,ს,City,ქალაქი
სან ესტანისლაო,ს,City,ქალაქი
სან ესტებანი,ს,City,ქალაქი
სან ვისენტე,ს,City,ქალაქი
სან ვისმენტე,ს,City,ქალაქი
სან ვისმენტე დე მორავია,ს,City,ქალაქი
სან ვიტო,ს,City,ქალაქი
სან იგნასიო,ს,City,ქალაქი
სან იგნასიო დე ველასკო,ს,City,ქალაქი
სან იგნაციო,ს,City,ქალაქი
სან ისიდრო,ს,City,ქალაქი
სან კარლოს დე ბარილოჩე,ს,City,ქალაქი
სან კარლოსი,ს,City,ქალაქი
სან კლემენტე,ს,City,ქალაქი
სან კრისტობალ დე ლა ლაგუნა,ს,City,ქალაქი
სან კრისტობალ ვერაპასი,ს,City,ქალაქი
სან კრისტობალი,ს,City,ქალაქი
სან კრისტოვანი,ს,City,ქალაქი
სან ლორენსო,ს,City,ქალაქი
სან ლორენცო,ს,City,ქალაქი
სან ლორენცო დე ესმერალდასი,ს,City,ქალაქი
სან ლუის,ს,City,ქალაქი
სან ლუის პოტოსი,ს,City,ქალაქი
სან ლუისი,ს,City,ქალაქი
სან ლუკას საკატეპეკუესი,ს,City,ქალაქი
სან ლუკას ტოლიმანი,ს,City,ქალაქი
სან მანუელ,ს,City,ქალაქი
სან მარინო,ს,Country,ქვეყანა
სან მარკოს,ს,City,ქალაქი
სან მარკოს დე კოლონი,ს,City,ქალაქი
სან მარკოსი,ს,City,ქალაქი
სან მარტინ დე ვალდეიგლესიასი,ს,City,ქალაქი
სან მარტინი,ს,City,ქალაქი
სან მატეო იქტატანი,ს,City,ქალაქი
სან მიგელ დე ტუკუმანი,ს,City,ქალაქი
სან მიგელ დელ პადრონი,ს,City,ქალაქი
სან მიგელ ჩიკაჯი,ს,City,ქალაქი
სან მიგელი,ს,City,ქალაქი
სან მიგელიტო,ს,City,ქალაქი
სან მიქელ,ს,City,ქალაქი
სან მიქელ დე სალსედო,ს,City,ქალაქი
სან მიქელე,ს,City,ქალაქი
სან ნიკოლას,ს,City,ქალაქი
სან ნიკოლას დე ბარი,ს,City,ქალაქი
სან ნიკოლას დე ლოს აროუსი,ს,City,ქალაქი
სან ნიკოლას დე ლოს გარსა,ს,City,ქალაქი
სან პაბლო,ს,City,ქალაქი
სან პაბლო ტაკაჩიკო,ს,City,ქალაქი
სან პაბლო ხოკოპილასი,ს,City,ქალაქი
სან პაულუ,ს,City,ქალაქი
სან პედრო,ს,City,ქალაქი
სან პედრო აუამპუკი,ს,City,ქალაქი
სან პედრო დე იკუამანდიიუ,ს,City,ქალაქი
სან პედრო კარჩა,ს,City,ქალაქი
სან პედრო მასაჰუატ,ს,City,ქალაქი
სან პედრო საკატეპეკუესი,ს,City,ქალაქი
სან პედრო სულა,ს,City,ქალაქი
სან ჟუან და მადეირა,ს,City,ქალაქი
სან რამონ დე ლა ნუევა ორანი,ს,City,ქალაქი
სან რამონი,ს,City,ქალაქი
სან რაფაელ ორინტე,ს,City,ქალაქი
სან რაფაელი,ს,City,ქალაქი
სან რაფაელი აბახო,ს,City,ქალაქი
სან რაფაელი არრიბა,ს,City,ქალაქი
სან რემო,ს,City,ქალაქი
სან სალვადორ დე ლორდელუ,ს,City,ქალაქი
სან სალვადორ დე ხუხუი,ს,City,ქალაქი
სან სალვადორი,ს,City,ქალაქი
სან სებასტიანი,ს,City,ქალაქი
სან ტომე,ს,City,ქალაქი
სან ფელიპე,ს,City,ქალაქი
სან ფერნანდო,ს,City,ქალაქი
სან ფერნანდო დე აპურე,ს,City,ქალაქი
სან ფერნანდო დელ ვალი დე კატამარკა,ს,City,ქალაქი
სან ფრანსისკო,ს,City,ქალაქი
სან ფრანცისკო,ს,City,ქალაქი
სან ფრანცისკო დე ლა პას,ს,City,ქალაქი
სან ფრანცისკო ელ ალტო,ს,City,ქალაქი
სან ფრანცისკო ზაპოტიტლანი,ს,City,ქალაქი
სან ფრანცისკო მენენდესი,ს,City,ქალაქი
სან ხავიერი,ს,City,ქალაქი
სან ხოაკინი,ს,City,ქალაქი
სან ხოსე,ს,City,ქალაქი
სან ხოსე დე კოლინასი,ს,City,ქალაქი
სან ხოსე დე ლას ლახასი,ს,City,ქალაქი
სან ხოსე დე მაიო,ს,City,ქალაქი
სან ხოსე პინულა,ს,City,ქალაქი
სან ხოსეციტო,ს,City,ქალაქი
სან ხუან ბაუტისტა,ს,City,ქალაქი
სან ხუან დე დიოსი,ს,City,ქალაქი
სან ხუან დე ლოს მოროსი,ს,City,ქალაქი
სან ხუან დე ფლორესი,ს,City,ქალაქი
სან ხუან ი მარტინესი,ს,City,ქალაქი
სან ხუან ოპიკო,ს,City,ქალაქი
სან ხუან პუებლო,ს,City,ქალაქი
სან ხუან საკატეპეკუესი,ს,City,ქალაქი
სან ხუანი,ს,City,ქალაქი
სან ჯიმინიანო,ს,City,ქალაქი
სან-ალბერტო,ს,City,ქალაქი
სან-ანტონიო,ს,City,ქალაქი
სან-ანტონიო-დე-ლოს-ბანიოსი,ს,City,ქალაქი
სან-ანტონიო-დე-პალე,ს,City,ქალაქი
სან-ანტონიო-დელ-სური,ს,City,ქალაქი
სან-ბაუტისტა,ს,City,ქალაქი
სან-ბერნარდინო,ს,City,ქალაქი
სან-ბერნარდუ-დუ-კამპუ,ს,City,ქალაქი
სან-ბორხა,ს,City,ქალაქი
სან-ბრუნო,ს,City,ქალაქი
სან-გონსალუ,ს,City,ქალაქი
სან-დიეგო,ს,City,ქალაქი
სან-დიონისიო,ს,City,ქალაქი
სან-ესტანისლაო,ს,City,ქალაქი
სან-ვისენტე,ს,City,ქალაქი
სან-ვისენტე-დე-ბიკე,ს,City,ქალაქი
სან-ვისენტე-დე-კანიეტე,ს,City,ქალაქი
სან-იგნასიო,ს,City,ქალაქი
სან-იგნასიო-დე-ველასკო,ს,City,ქალაქი
სან-ისიდრო-დე-კურუგუატი,ს,City,ქალაქი
სან-კამფაენგი,ს,City,ქალაქი
სან-კარლოსი,ს,City,ქალაქი
სან-კლემენტე,ს,City,ქალაქი
სან-კოსმე-ი-დამიანი,ს,City,ქალაქი
სან-კრისტობალ-დე-ლა-ლაგუნა,ს,City,ქალაქი
სან-კრისტობალ-დე-ლას-კასასი,ს,City,ქალაქი
სან-კრისტობალი,ს,City,ქალაქი
სან-კრისტოვანი,ს,City,ქალაქი
სან-ლორენსო,ს,City,ქალაქი
სან-ლუის-პოტოსი,ს,City,ქალაქი
სან-ლუის-რიო-კოლორადო,ს,City,ქალაქი
სან-ლუისი,ს,City,ქალაქი
სან-მარინო,ს,Country,ქვეყანა
სან-მარინოს რესპუბლიკა,ს,Country,ქვეყანა
სან-მარკოსი,ს,City,ქალაქი
სან-მარტინ-დე-ვალდეიგლესიასი,ს,City,ქალაქი
სან-მატეო,ს,City,ქალაქი
სან-მიგელ-დელ-პადრონი,ს,City,ქალაქი
სან-მიგელიტო,ს,City,ქალაქი
სან-ნიკოლას-დე-ბარი,ს,City,ქალაქი
სან-ნიკოლას-დე-ლოს-გარსა,ს,City,ქალაქი
სან-ნიკოლას-დე-ლოს-გარსასი,ს,City,ქალაქი
სან-პაბლო,ს,City,ქალაქი
სან-პაბლო-დე-ლას-სალინასი,ს,City,ქალაქი
სან-პაულუ,ს,City,ქალაქი
სან-პედრო,ს,City,ქალაქი
სან-პედრო-დე-ატაკამა,ს,River,მდინარე
სან-პედრო-დე-იკუამანდიიუ,ს,City,ქალაქი
სან-პედრო-დე-ლიოკი,ს,City,ქალაქი
სან-პედრო-დელ-პარანა,ს,City,ქალაქი
სან-ჟუან-და-მადეირა,ს,City,ქალაქი
სან-რამონი,ს,City,ქალაქი
სან-რაფაელ-დელ-ნორტე,ს,City,ქალაქი
სან-რაფაელ-დელ-სური,ს,City,ქალაქი
სან-რემო,ს,City,ქალაქი
სან-რემოს,ს,Film,ფილმი
სან-რემოს ფესტივალი,ს,Film,ფილმი
სან-სალვადორ-დე-ლორდელუ,ს,City,ქალაქი
სან-სალვადორ-დე-ხუხუი,ს,City,ქალაქი
სან-სალვადორი,ს,River,მდინარე
სან-სებასტიან-დე-იალი,ს,City,ქალაქი
სან-სებასტიანი,ს,City,ქალაქი
სან-ტომე,ს,City,ქალაქი
სან-ტომე და პრინსიპი,ს,Country,ქვეყანა
სან-ტომესა და პრინსიპის დემოკრატიული რესპუბლიკა,ს,Country,ქვეყანა
სან-ფელიპე,ს,City,ქალაქი
სან-ფერნანდო,ს,City,ქალაქი
სან-ფერნანდო-დე-აპურე,ს,City,ქალაქი
სან-ფრანცისკო,ს,City,ქალაქი
სან-ხავიერი,ს,City,ქალაქი
სან-ხასინტო,ს,City,ქალაქი
სან-ხოაკინი,ს,City,ქალაქი
სან-ხორხე,ს,City,ქალაქი
სან-ხოსე,ს,City,ქალაქი
სან-ხოსე-დე-ბოკაი,ს,City,ქალაქი
სან-ხოსე-დე-ლას-ლახასი,ს,City,ქალაქი
სან-ხოსე-დე-მაიო,ს,City,ქალაქი
სან-ხოსე-დელ-მონტე,ს,City,ქალაქი
სან-ხუან-ბაუტისტა,ს,City,ქალაქი
სან-ხუან-დე-ლიმაი,ს,City,ქალაქი
სან-ხუან-დე-ლოს-მოროსი,ს,City,ქალაქი
სან-ხუან-დე-რიო-კოკო,ს,City,ქალაქი
სან-ხუან-დელ-რიო,ს,City,ქალაქი
სან-ხუან-დელ-სური,ს,City,ქალაქი
სან-ხუან-ი-მარტინესი,ს,City,ქალაქი
სან-ხუან-ნეპომუსენო,ს,City,ქალაქი
სან-ხუანი,ს,River,მდინარე
სან-ჯიმინიანო,ს,City,ქალაქი
სანა,ს,City,ქალაქი
სანაგა,ს,River,მდინარე
სანათა,ს,Name,სახელი
სანამ,ს,Film,ფილმი
სანამ დაღამდება,ს,Film,ფილმი
სანამ ეშმაკი გაიგებს,ს,Film,ფილმი
"სანამ ეშმაკი გაიგებს, რომ მკვდარი ხარ",ს,Film,ფილმი
სანამ წვიმა გადივლიდეს,ს,Film,ფილმი
სანანდაჯი,ს,City,ქალაქი
სანანტონიო,ს,City,ქალაქი
სანანტონიოდელოსბანიოსი,ს,City,ქალაქი
სანანტონიოდელსური,ს,City,ქალაქი
სანანტონიოდეპალე,ს,City,ქალაქი
სანარატე,ს,City,ქალაქი
სანარი,ს,City,ქალაქი
სანბერი,ს,City,ქალაქი
სანბერნარდინო,ს,City,ქალაქი
სანბერნარდუდუკამპუ,ს,City,ქალაქი
სანბორხა,ს,City,ქალაქი
სანბრუნო,ს,City,ქალაქი
სანგ-ე ჩარაქი,ს,City,ქალაქი
სანგა,ს,River,მდინარე
სანგინი,ს,City,ქალაქი
სანგმელიმა,ს,City,ქალაქი
სანგონსალუ,ს,City,ქალაქი
სანგრია,ს,Food,საკვები
სანგსონგ-ნი,ს,City,ქალაქი
სანდაკანი,ს,City,ქალაქი
სანდანსკი,ს,City,ქალაქი
სანდგერდი,ს,City,ქალაქი
სანდვაილერი,ს,City,ქალაქი
სანდვიკენი,ს,City,ქალაქი
სანდვიპი,ს,City,ქალაქი
სანდიეგო,ს,City,ქალაქი
სანდინო,ს,City,ქალაქი
სანდომიეჟი,ს,City,ქალაქი
სანდრო,ს,Name,სახელი
სანემი,ს,City,ქალაქი
სანესტანისლაო,ს,City,ქალაქი
სანვისენტე,ს,City,ქალაქი
სანი,ს,Name,სახელი
სანიგნასიო,ს,City,ქალაქი
სანიგნასიოდეველასკო,ს,City,ქალაქი
სანის,ს,Film,ფილმი
სანის აქვს შანსი,ს,Film,ფილმი
სანის სოლო,ს,Film,ფილმი
სანკარლოსი,ს,City,ქალაქი
სანკოში,ს,River,მდინარე
სანკრისტობალდელალაგუნა,ს,City,ქალაქი
სანკრისტობალი,ს,City,ქალაქი
სანკრისტოვანი,ს,City,ქალაქი
სანკტპეტერბურგი,ს,City,ქალაქი
სანლორენსო,ს,City,ქალაქი
სანლუისი,ს,City,ქალაქი
სანლუისპოტოსი,ს,City,ქალაქი
სანმამედე დე ინფეშტა,ს,City,ქალაქი
სანმამედე-დე-ინფეშტა,ს,City,ქალაქი
სანმამედედეინფეშტა,ს,City,ქალაქი
სანმარინო,ს,City,ქალაქი
სანმარტინდევალდეიგლესიასი,ს,City,ქალაქი
სანმიგელდელპადრონი,ს,City,ქალაქი
სანმიგელიტო,ს,City,ქალაქი
სანნიკოლასდებარი,ს,City,ქალაქი
სანნიკოლასდელოსგარსა,ს,City,ქალაქი
სანოკი,ს,City,ქალაქი
სანპაულუ,ს,City,ქალაქი
სანპედრო,ს,City,ქალაქი
სანპედროდეიკუამანდიიუ,ს,City,ქალაქი
სანჟუანდამადეირა,ს,City,ქალაქი
სანრემო,ს,City,ქალაქი
სანსალვადორდელორდელუ,ს,City,ქალაქი
სანსალვადორდეხუხუი,ს,City,ქალაქი
სანსალვადორი,ს,City,ქალაქი
სანსანე-მანგო,ს,City,ქალაქი
სანსებასტიანი,ს,City,ქალაქი
სანსევიერია,ს,Plant,მცენარე
სანსეტ,ს,Film,ფილმი
სანსეტ ბულვარი,ს,Film,ფილმი
სანსკი მოსტი,ს,City,ქალაქი
სანტ კუგატ დელ ვალიესი,ს,City,ქალაქი
სანტ მარტი,ს,City,ქალაქი
სანტ ხულია დე ლორია,ს,City,ქალაქი
სანტა ანა,ს,City,ქალაქი
სანტა ანა არიბა,ს,City,ქალაქი
სანტა ბარბარა,ს,City,ქალაქი
სანტა ელენა,ს,City,ქალაქი
სანტა ელენა დე უაირენი,ს,City,ქალაქი
სანტა კატრინა იქთაუაკანი,ს,City,ქალაქი
სანტა კატრინა პინულა,ს,City,ქალაქი
სანტა კლარა,ს,City,ქალაქი
სანტა კოლომა დე გრამენეტი,ს,City,ქალაქი
სანტა კომბა დანი,ს,City,ქალაქი
სანტა კრუზ დელ კიჩე,ს,City,ქალაქი
სანტა კრუზ დელ ნორტე,ს,City,ქალაქი
სანტა კრუზ დელ სური,ს,City,ქალაქი
სანტა კრუზი,ს,City,ქალაქი
სანტა კრუს დე იოჯოა,ს,City,ქალაქი
სანტა კრუს დე ლა სიერა,ს,City,ქალაქი
სანტა კრუს დე ტენერიფე,ს,City,ქალაქი
სანტა კრუს დელ ნორტე,ს,City,ქალაქი
სანტა კრუს დელ სური,ს,City,ქალაქი
სანტა კრუსი,ს,City,ქალაქი
სანტა კრუში,ს,City,ქალაქი
სანტა ლუზია,ს,City,ქალაქი
სანტა ლუჩია,ს,City,ქალაქი
სანტა ლუცია კოცტუმალგუაპა,ს,City,ქალაქი
სანტა ლუცია მილპას ალტასი,ს,City,ქალაქი
სანტა მარია,ს,City,ქალაქი
სანტა მარია და ფეირა,ს,City,ქალაქი
სანტა მარია დე ლა ალამედა,ს,City,ქალაქი
სანტა მარია დე ხესუსი,ს,City,ქალაქი
სანტა მარია დელ რეალი,ს,City,ქალაქი
სანტა მარტა,ს,City,ქალაქი
სანტა მონიკა,ს,City,ქალაქი
სანტა რიტა,ს,City,ქალაქი
სანტა როზა,ს,City,ქალაქი
სანტა როზა დე კოპანი,ს,City,ქალაქი
სანტა როზა დე ლიმა,ს,City,ქალაქი
სანტა როსა,ს,City,ქალაქი
სანტა როსა დე ტასტილი,ს,City,ქალაქი
სანტა ფე,ს,City,ქალაქი
სანტა-ანა,ს,City,ქალაქი
სანტა-ანა-არიბა,ს,City,ქალაქი
სანტა-ბარბარა,ს,Film,ფილმი
სანტა-ელენა-დე-უაირენი,ს,City,ქალაქი
სანტა-ირია-და-აზოია,ს,City,ქალაქი
სანტა-კატარინა,ს,City,ქალაქი
სანტა-კლარა,ს,City,ქალაქი
სანტა-კლარა-დე-ოლიმარი,ს,City,ქალაქი
სანტა-კომბა-დანი,ს,City,ქალაქი
სანტა-კრუს-დე-ლა-სიერა,ს,City,ქალაქი
სანტა-კრუს-დე-ტენერიფე,ს,City,ქალაქი
სანტა-კრუს-დელ-ნორტე,ს,City,ქალაქი
სანტა-კრუს-დელ-სური,ს,City,ქალაქი
სანტა-კრუსი,ს,City,ქალაქი
სანტა-კრუში,ს,City,ქალაქი
სანტა-ლუსია,ს,City,ქალაქი
სანტა-მარია,ს,City,ქალაქი
სანტა-მარია-და-ფეირა,ს,City,ქალაქი
სანტა-მარია-დე-ლა-ალამედა,ს,City,ქალაქი
სანტა-მარტა,ს,City,ქალაქი
სანტა-მონიკა,ს,City,ქალაქი
სანტა-რიტა,ს,City,ქალაქი
სანტა-რიტა-არიბა,ს,City,ქალაქი
სანტა-როსა,ს,City,ქალაქი
სანტა-როსა-დელ-პენიონი,ს,City,ქალაქი
სანტა-ტერესა,ს,City,ქალაქი
სანტაანა,ს,City,ქალაქი
სანტაანაარიბა,ს,City,ქალაქი
სანტაელენადეუაირენი,ს,City,ქალაქი
სანტაკლარა,ს,City,ქალაქი
სანტაკომბადანი,ს,City,ქალაქი
სანტაკრუსდელასიერა,ს,City,ქალაქი
სანტაკრუსდელნორტე,ს,City,ქალაქი
სანტაკრუსდელსური,ს,City,ქალაქი
სანტაკრუსდეტენერიფე,ს,City,ქალაქი
სანტაკრუში,ს,City,ქალაქი
სანტამარიადაფეირა,ს,City,ქალაქი
სანტამარიადელაალამედა,ს,City,ქალაქი
სანტამარტა,ს,City,ქალაქი
სანტამონიკა,ს,City,ქალაქი
სანტანა,ს,City,ქალაქი
სანტანდერი,ს,City,ქალაქი
სანტარენი,ს,City,ქალაქი
სანტარიტა,ს,City,ქალაქი
სანტი სპირიტუსი,ს,City,ქალაქი
სანტიაგო,ს,City,ქალაქი
სანტიაგო ატიტლანი,ს,City,ქალაქი
სანტიაგო დე ბანეი,ს,City,ქალაქი
სანტიაგო დე ვერაგუასი,ს,City,ქალაქი
სანტიაგო დე კერეტარო,ს,City,ქალაქი
სანტიაგო დე კომპოსტელა,ს,City,ქალაქი
სანტიაგო დე კუბა,ს,City,ქალაქი
სანტიაგო დე ლას ვეგასი,ს,City,ქალაქი
სანტიაგო დე მარია,ს,City,ქალაქი
სანტიაგო დელ ესტერო,ს,City,ქალაქი
სანტიაგო ნონუალკო,ს,City,ქალაქი
სანტიაგო საკატეპეკუესი,ს,City,ქალაქი
სანტიაგო-დე-ვერაგუასი,ს,City,ქალაქი
სანტიაგო-დე-კაო,ს,City,ქალაქი
სანტიაგო-დე-კერეტარო,ს,City,ქალაქი
სანტიაგო-დე-კომპოსტელა,ს,City,ქალაქი
სანტიაგო-დე-კუბა,ს,City,ქალაქი
სანტიაგოდევერაგუასი,ს,City,ქალაქი
სანტიაგოდეკერეტარო,ს,City,ქალაქი
სანტიაგოდეკომპოსტელა,ს,City,ქალაქი
სანტიაგოდეკუბა,ს,City,ქალაქი
სანტიაგუ დუ კასენი,ს,City,ქალაქი
სანტიაგუ-დუ-კასენი,ს,City,ქალაქი
სანტიაგუდუკასენი,ს,City,ქალაქი
სანტო ანდრე,ს,City,ქალაქი
სანტო დომინგო,ს,City,ქალაქი
სანტო დომინგო დე ლოს კოლორადოსი,ს,City,ქალაქი
სანტო ტომასი,ს,City,ქალაქი
სანტო-დომინგო,ს,City,ქალაქი
სანტო-ტომასი,ს,City,ქალაქი
სანტოდომინგო,ს,City,ქალაქი
სანტოლი,ს,City,ქალაქი
სანტომე,ს,City,ქალაქი
სანტოსი,ს,City,ქალაქი
სანტრალისტანბული,ს,City,ქალაქი
სანტუ ანტონიუ,ს,City,ქალაქი
სანტუ ტირსუ,ს,City,ქალაქი
სანტუ-ანტონიუ,ს,City,ქალაქი
სანტუ-ტირსუ,ს,City,ქალაქი
სანტუანტონიუ,ს,City,ქალაქი
სანტუტირსუ,ს,City,ქალაქი
სანფელიპე,ს,City,ქალაქი
სანფერნანდოდეაპურე,ს,City,ქალაქი
სანქტ გალენი,ს,City,ქალაქი
სანქტ პელტენი,ს,City,ქალაქი
სანქტ პეტერბურგი,ს,City,ქალაქი
სანქტ ფაიტ ან დერ გლანი,ს,City,ქალაქი
სანქტ-გალენი,ს,City,ქალაქი
სანქტ-პელტენი,ს,City,ქალაქი
სანქტ-პეტერბურგი,ს,City,ქალაქი
სანქტ-ფაიტ-ან-დერ-გლანი,ს,City,ქალაქი
სანქტგალენი,ს,City,ქალაქი
სანქტი სპირიტუსი,ს,City,ქალაქი
სანქტი-სპირიტუსი,ს,City,ქალაქი
სანქტისპირიტუსი,ს,City,ქალაქი
სანქტპელტენი,ს,City,ქალაქი
სანქტპეტერბურგი,ს,City,ქალაქი
სანქტფაიტანდერგლანი,ს,City,ქალაქი
სანძიურო,ს,Film,ფილმი
სანხოაკინი,ს,City,ქალაქი
სანხოსე,ს,City,ქალაქი
სანხოსედელასლახასი,ს,City,ქალაქი
სანხოსედემაიო,ს,City,ქალაქი
სანხუანბაუტისტა,ს,City,ქალაქი
სანხუანდელოსმოროსი,ს,City,ქალაქი
სანხუანი,ს,City,ქალაქი
სანხუანიმარტინესი,ს,City,ქალაქი
სანჯიმინიანო,ს,City,ქალაქი
საო ბერნარდო დო კამბო,ს,City,ქალაქი
საო ვისენტე,ს,City,ქალაქი
საო ლუისი,ს,City,ქალაქი
საო პაულო,ს,City,ქალაქი
საო ჟოაო დე მერიტი,ს,City,ქალაქი
საო ხოზე დო რიო პრეტო,ს,City,ქალაქი
საო ხოზე დოს კამპოსი,ს,City,ქალაქი
საო-ტომე და პრინსიპი,ს,Country,ქვეყანა
საომარი,ს,Film,ფილმი
საომარი ცხენი,ს,Film,ფილმი
საოცარი,ს,Film,ფილმი
საოცარი ადამიანი-ობობა,ს,Film,ფილმი
საოცარი ადამიანი-ობობა 2,ს,Film,ფილმი
საოცრება,ს,Film,ფილმი
საპაპალი,ს,City,ქალაქი
საპასუხო,ს,Film,ფილმი
საპასუხო სვლა,ს,Film,ფილმი
საპელე,ს,City,ქალაქი
საპოპანი,ს,City,ქალაქი
საპორო,ს,City,ქალაქი
საპოტილიო,ს,City,ქალაქი
საპულუ,ს,City,ქალაქი
საპუნაოა,ს,City,ქალაქი
სარ-ე პოლი,ს,City,ქალაქი
სარა,ს,Name,სახელი
სარაგოსა,ს,City,ქალაქი
სარაევო,ს,City,ქალაქი
სარავანი,ს,City,ქალაქი
სარაი,ს,City,ქალაქი
სარანდა,ს,City,ქალაქი
სარანდი-გრანდე,ს,City,ქალაქი
სარანდი-დელ-იი,ს,City,ქალაქი
სარანსკი,ს,City,ქალაქი
სარანხოლა,ს,City,ქალაქი
სარატე,ს,City,ქალაქი
სარგის,ს,Name,სახელი
სარგოდჰა,ს,City,ქალაქი
სარდინალი,ს,City,ქალაქი
სარდიონ,ს,Name,სახელი
სარდისი,ს,City,ქალაქი
სარეველების,ს,Film,ფილმი
სარეველების ბაღი,ს,Film,ფილმი
სარევერე,ს,City,ქალაქი
სარვაში,ს,City,ქალაქი
სარი,ს,City,ქალაქი
სარი პული,ს,City,ქალაქი
სარი-პული,ს,City,ქალაქი
სარიაღაში,ს,City,ქალაქი
სარივონი,ს,City,ქალაქი
სარიკეი,ს,City,ქალაქი
სარიკემერი,ს,City,ქალაქი
სარინა,ს,Name,სახელი
სარიოზეკი,ს,City,ქალაქი
სარიპული,ს,City,ქალაქი
სარიშაბარი,ს,City,ქალაქი
სარკა,ს,River,მდინარე
სარკანდი,ს,City,ქალაქი
სარკინე,ს,City,ქალაქი
სარნია,ს,City,ქალაქი
სარსალეხო,ს,City,ქალაქი
სარსელი,ს,City,ქალაქი
სარტრუვილი,ს,City,ქალაქი
სარუ,ს,River,მდინარე
სარუმილია,ს,City,ქალაქი
სარფი,ს,City,ქალაქი
სარყანდი,ს,City,ქალაქი
სარჰი,ს,City,ქალაქი
სარուխანი,ს,City,ქალაქი
სასანდრა,ს,River,მდინარე
სასარდი,ს,City,ქალაქი
სასარი,ს,City,ქალაქი
სასებო,ს,City,ქალაქი
სასინა,ს,City,ქალაქი
სასიყვარულო,ს,Film,ფილმი
სასიყვარულო განწყობა,ს,Film,ფილმი
სასკატუნი,ს,City,ქალაქი
სასოლბურგი,ს,City,ქალაქი
სასომხეთი,ს,Country,ქვეყანა
სასოწარკვეთილი,ს,Film,ფილმი
სასოწარკვეთილი დიასახლისები,ს,Film,ფილმი
სასტამალა,ს,City,ქალაქი
სასტუმრო,ს,Film,ფილმი
სასტუმრო გრანდ ბუდაპეშტი,ს,Film,ფილმი
სასტუმრო რუანდა,ს,Film,ფილმი
სასწაული,ს,Film,ფილმი
სასწაული მეშვიდე საკანში,ს,Film,ფილმი
სატალო,ს,City,ქალაქი
სატაპუალა,ს,City,ქალაქი
სატაუა,ს,City,ქალაქი
სატაჰიპი,ს,City,ქალაქი
სატიპო,ს,City,ქალაქი
სატიტოა,ს,City,ქალაქი
სატკანია,ს,City,ქალაქი
სატკჰირა,ს,City,ქალაქი
სატლეჯი,ს,River,მდინარე
სატუ-მარე,ს,City,ქალაქი
სატუიატუა,ს,City,ქალაქი
სატუნი,ს,City,ქალაქი
საუ-დომინგუშ-დე-რანა,ს,City,ქალაქი
საუ-მამედე-დე-ინფეშტა,ს,City,ქალაქი
საუ-პედრუ-და-კოვა,ს,City,ქალაქი
საუ-ჟუან-და-მადეირა,ს,City,ქალაქი
საუ-ჟუან-და-ტალია,ს,City,ქალაქი
საუბარი,ს,Film,ფილმი
საუგა,ს,City,ქალაქი
საუდარკროკური,ს,City,ქალაქი
საუდარკროუკური,ს,City,ქალაქი
საუდის არაბეთი,ს,Country,ქვეყანა
საუდის არაბეთის სამეფო,ს,Country,ქვეყანა
საუე,ს,City,ქალაქი
საუზმე,ს,Film,ფილმი
საუზმე ტიფანისთან,ს,Film,ფილმი
საუთ-ესკი,ს,River,მდინარე
საუთფილდი,ს,City,ქალაქი
საუკუნის,ს,Film,ფილმი
საუკუნის ქართული ქრონიკა,ს,Film,ფილმი
საულკრასტი,ს,City,ქალაქი
საურიმო,ს,City,ქალაქი
საუსე,ს,City,ქალაქი
საფეხური,ს,Film,ფილმი
საფი,ს,City,ქალაქი
საფირა,ს,City,ქალაქი
საფიტა,ს,City,ქალაქი
საფოტუ,ს,City,ქალაქი
საფრანგეთი,ს,Country,ქვეყანა
საფრანგეთის რესპუბლიკა,ს,Country,ქვეყანა
საქართველო,ს,Country,ქვეყანა
საქართველოს,ს,Food,საკვები
საქართველოს დაბები,ს,City,ქალაქი
საქართველოს პიონერი,ს,Food,საკვები
საქარია,ს,City,ქალაქი
საქმე,ს,Film,ფილმი
საქმე გადაეცემა სასამართლოს,ს,Film,ფილმი
საქონლის,ს,Food,საკვები
საქონლის ხორცის ტარტარი,ს,Food,საკვები
საყეზი,ს,City,ქალაქი
საყვარელი,ს,Film,ფილმი
საშა,ს,Name,სახელი
საშიმი,ს,Food,საკვები
საშინაო,ს,Film,ფილმი
საშინაო დავალება,ს,Film,ფილმი
საშლელთავა,ს,Film,ფილმი
საშუალო ნევკა,ს,River,მდინარე
საჩინო,ს,Name,სახელი
საჩხერე,ს,City,ქალაქი
საცავი,ს,Film,ფილმი
საძალიხევი,ს,River,მდინარე
საძულველი,ს,Film,ფილმი
საძულველი რვა,ს,Film,ფილმი
საწოლში,ს,Film,ფილმი
საწოლში მადონასთან,ს,Film,ფილმი
სახედარი,ს,Animal,ცხოველი
სახიპური,ს,City,ქალაქი
სახიფათო,ს,Film,ფილმი
სახიფათო კავშირები,ს,Film,ფილმი
სახიფათო მეთოდი,ს,Film,ფილმი
სახლი,ს,Film,ფილმი
სახლი ვულკანზე,ს,Film,ფილმი
სახლი ტბასთან,ს,Film,ფილმი
სახლი ქალაქის განაპირას,ს,Film,ფილმი
სახლი ძველ უბანში,ს,Film,ფილმი
სახლში,ს,Film,ფილმი
სახნინი,ს,City,ქალაქი
სახრა,ს,City,ქალაქი
სახრახნისი,ს,Food,საკვები
საჯური,ს,City,ქალაქი
საჰაბი,ს,City,ქალაქი
საჰაერო,ს,Film,ფილმი
საჰაერო ხიდი,ს,Film,ფილმი
საჰამი,ს,City,ქალაქი
საჰარა,ს,Film,ფილმი
საჰარანპური,ს,City,ქალაქი
საჰარი,ს,City,ქალაქი
საჰივალი,ს,City,ქალაქი
საჰლინი,ს,City,ქალაქი
სბა,ს,River,მდინარე
სბიბა,ს,City,ქალაქი
სბიხა,ს,City,ქალაქი
სდეროთი,ს,City,ქალაქი
სებასტოპოლი,ს,City,ქალაქი
სებდუ,ს,City,ქალაქი
სებეში,ს,City,ქალაქი
სები,ს,City,ქალაქი
სებოლიატი,ს,City,ქალაქი
სებუ,ს,City,ქალაქი
სეგამატი,ს,City,ქალაქი
სეგედი,ს,City,ქალაქი
სეგოვია,ს,City,ქალაქი
სეგუ,ს,City,ქალაქი
სეგუნდო ფრენტე,ს,City,ქალაქი
სეგუნდო-ფრენტე,ს,City,ქალაქი
სეგუნდოფრენტე,ს,City,ქალაქი
სედა,ს,City,ქალაქი
სედერტელიე,ს,City,ქალაქი
სედიუ,ს,City,ქალაქი
სედლცე,ს,City,ქალაქი
სედრატა,ს,City,ქალაქი
სეეკი,ს,City,ქალაქი
სეელბუური,ს,City,ქალაქი
სეელდჰეერე,ს,City,ქალაქი
სევანი,ს,City,ქალაქი
სევდია,ს,Name,სახელი
სევდიანი,ს,Film,ფილმი
სევდიანი ჟასმინი,ს,Film,ფილმი
სევდიანი საყვირი,ს,Film,ფილმი
სევერნი,ს,River,მდინარე
სევილი,ს,Film,ფილმი
სევილია,ს,City,ქალაქი
სევიჩე,ს,Food,საკვები
სევლიევო,ს,City,ქალაქი
სევნიცა,ს,City,ქალაქი
სეზამის,ს,Film,ფილმი
სეზამის ქუჩა,ს,Film,ფილმი
სეზიმბრა,ს,City,ქალაქი
სეია,ს,City,ქალაქი
სეიდისფიორდური,ს,City,ქალაქი
სეილი,ს,City,ქალაქი
სეინაიოკი,ს,City,ქალაქი
სეინიაიოკი,ს,City,ქალაქი
სეიშალი,ს,City,ქალაქი
სეიშელი,ს,Country,ქვეყანა
სეიშელის კუნძულები,ს,Country,ქვეყანა
სეიშელის რესპუბლიკა,ს,Country,ქვეყანა
სეკეირა,ს,City,ქალაქი
სეკეშფეჰერვარი,ს,City,ქალაქი
სეკვოია,ს,Plant,მცენარე
სეკოვიჩი,ს,City,ქალაქი
სეკონდი,ს,City,ქალაქი
სეკუდაი,ს,City,ქალაქი
სელაია,ს,City,ქალაქი
სელაპი,ს,Animal,ცხოველი
სელბრიჯი,ს,City,ქალაქი
სელენიახი,ს,River,მდინარე
სელენიცე,ს,City,ქალაქი
სელი,ს,Plant,მცენარე
სელია,ს,City,ქალაქი
სელიმე,ს,City,ქალაქი
სელიმი,ს,Name,სახელი
სელტიარნარნესი,ს,City,ქალაქი
სელუქი,ს,City,ქალაქი
სელფოსი,ს,City,ქალაქი
სემარანგი,ს,City,ქალაქი
სემბაბულე,ს,City,ქალაქი
სემე,ს,City,ქალაქი
სემენიჰი,ს,City,ქალაქი
სემერა,ს,City,ქალაქი
სემი,ს,River,მდინარე
სემი ვარ,ს,Film,ფილმი
სემიანოვიცე-სლასკე,ს,City,ქალაქი
სემინოლეს,ს,Film,ფილმი
სემინოლეს ქალწული,ს,Film,ფილმი
სემიპალატინსკი,ს,City,ქალაქი
სემირამიდას,ს,Film,ფილმი
სემირამიდას ბაღები,ს,Film,ფილმი
სემპორნა,ს,City,ქალაქი
სენ დენი,ს,City,ქალაქი
სენ ლორან დიუ მარონი,ს,City,ქალაქი
სენ ლუი,ს,City,ქალაქი
სენ მალო,ს,City,ქალაქი
სენ პიერი,ს,City,ქალაქი
სენ ტროპე,ს,City,ქალაქი
სენ-ბართლემი,ს,Country,ქვეყანა
სენ-დენი,ს,City,ქალაქი
სენ-ეტიენი,ს,City,ქალაქი
სენ-იუბერი,ს,City,ქალაქი
სენ-კენტენი,ს,City,ქალაქი
სენ-ლორან-დიუ-მარონი,ს,City,ქალაქი
სენ-ლუი,ს,City,ქალაქი
სენ-მალო,ს,City,ქალაქი
სენ-მორ-დე-ფოსე,ს,City,ქალაქი
სენ-ნაზერი,ს,City,ქალაქი
სენ-ობენი,ს,City,ქალაქი
სენ-პიერი,ს,City,ქალაქი
სენ-პიერი და მიქელონი,ს,Country,ქვეყანა
სენ-ჟულიენი,ს,City,ქალაქი
სენ-ტროპე,ს,City,ქალაქი
სენა,ს,River,მდინარე
სენაი,ს,City,ქალაქი
სენაკი,ს,City,ქალაქი
სენანგა,ს,City,ქალაქი
სენდაი,ს,City,ქალაქი
სენდაფა,ს,City,ქალაქი
სენდენი,ს,City,ქალაქი
სენდი ბეი,ს,City,ქალაქი
სენეგალი,ს,Country,ქვეყანა
სენეგალის რესპუბლიკა,ს,Country,ქვეყანა
სენეკალი,ს,City,ქალაქი
სენერბორგი,ს,City,ქალაქი
სენი,ს,City,ქალაქი
სენიორა-და-ორა,ს,City,ქალაქი
სენლორანდიუმარონი,ს,City,ქალაქი
სენლუი,ს,City,ქალაქი
სენმალო,ს,City,ქალაქი
სენმონოურომი,ს,City,ქალაქი
სენოვო,ს,City,ქალაქი
სენპიერი,ს,City,ქალაქი
სენსუნტეპეკე,ს,City,ქალაქი
სენტ ალბერტი,ს,City,ქალაქი
სენტ ემილიონი,ს,City,ქალაქი
სენტ ეტიენი,ს,City,ქალაქი
სენტ ვინსენტი და გრენადინები,ს,Country,ქვეყანა
სენტ კატარინსი,ს,City,ქალაქი
სენტ კიტსი და ნევისი,ს,Country,ქვეყანა
სენტ ლუისი,ს,City,ქალაქი
სენტ პიტერ პორტი,ს,City,ქალაქი
სენტ პოლი,ს,City,ქალაქი
სენტ ჯონზი,ს,City,ქალაქი
სენტ ჯონი,ს,City,ქალაქი
სენტ ჯორჯესი,ს,City,ქალაქი
სენტ ჰელიერი,ს,City,ქალაქი
სენტ-ალბერტი,ს,City,ქალაქი
სენტ-გისლენი,ს,City,ქალაქი
სენტ-ემილიონი,ს,City,ქალაქი
სენტ-ეტიენი,ს,City,ქალაქი
სენტ-ვინსენტი და გრენადინები,ს,Country,ქვეყანა
სენტ-იასენტი,ს,City,ქალაქი
სენტ-კატარინსი,ს,City,ქალაქი
სენტ-კიტსი და ნევისი,ს,Country,ქვეყანა
სენტ-კიტსი და ნევისის ფედერაცია,ს,Country,ქვეყანა
სენტ-ლორენი,ს,City,ქალაქი
სენტ-ლუისი,ს,City,ქალაქი
სენტ-ლუსია,ს,Country,ქვეყანა
სენტ-ნიკოლა,ს,City,ქალაქი
სენტ-პიტერ-პორტი,ს,City,ქალაქი
სენტ-პოლი,ს,City,ქალაქი
სენტ-ჟან-სიურ-რიშელიე,ს,City,ქალაქი
სენტ-ჟერომი,ს,City,ქალაქი
სენტ-ჯონზი,ს,City,ქალაქი
სენტ-ჯონი,ს,City,ქალაქი
სენტ-ჯორჯესი,ს,City,ქალაქი
სენტ-ჰელიერი,ს,City,ქალაქი
სენტალბერტი,ს,City,ქალაქი
სენტემილიონი,ს,City,ქალაქი
სენტენარი,ს,City,ქალაქი
სენტენდრე,ს,City,ქალაქი
სენტეტიენი,ს,City,ქალაქი
სენტეში,ს,City,ქალაქი
სენტი-ლუი დუ ნორდი,ს,City,ქალაქი
სენტი-ლუი დუ სუდი,ს,City,ქალაქი
სენტი-მარკი,ს,City,ქალაქი
სენტი-რაფაელი,ს,City,ქალაქი
სენტკატარინსი,ს,City,ქალაქი
სენტლუისი,ს,City,ქალაქი
სენტპიტერპორტი,ს,City,ქალაქი
სენტპოლი,ს,City,ქალაქი
სენტრო ჰაბანა,ს,City,ქალაქი
სენტრო-ჰაბანა,ს,City,ქალაქი
სენტროპე,ს,City,ქალაქი
სენტროჰაბანა,ს,City,ქალაქი
სენტჯონზი,ს,City,ქალაქი
სენტჯონი,ს,City,ქალაქი
სენტჯორჯესი,ს,City,ქალაქი
სენტჰელიერი,ს,City,ქალაქი
სენფუეგო,ს,City,ქალაქი
სეპიკი,ს,River,მდინარე
სეპტ-ილსი,ს,City,ქალაქი
სეჟანა,ს,City,ქალაქი
სერა,ს,City,ქალაქი
სერაინგი,ს,City,ქალაქი
სერანგი,ს,City,ქალაქი
სერბეთი,ს,Country,ქვეყანა
სერბეთის რესპუბლიკა,ს,Country,ქვეყანა
სერბია,ს,Country,ქვეყანა
სერგი,ს,Name,სახელი
სერგო,ს,Name,სახელი
სერეკუნდა,ს,City,ქალაქი
სერემბანი,ს,City,ქალაქი
სერენდაჰი,ს,City,ქალაქი
სერენჯე,ს,City,ქალაქი
სერესი,ს,City,ქალაქი
სერეტი,ს,River,მდინარე
სერვალი,ს,Animal,ცხოველი
სერიო,ს,River,მდინარე
სერიოზული,ს,Film,ფილმი
სერიოზული ადამიანი,ს,Film,ფილმი
სერკა ლა სორსი,ს,City,ქალაქი
სერო,ს,City,ქალაქი
სერო დე პასკო,ს,City,ქალაქი
სერო პუნტა,ს,City,ქალაქი
სერო-დე-პასკო,ს,City,ქალაქი
სერო-პუნტა,ს,City,ქალაქი
სეროდეპასკო,ს,City,ქალაქი
სეროპუნტა,ს,City,ქალაქი
სერპა,ს,City,ქალაქი
სერპიკო,ს,Film,ფილმი
სერპოვი,ს,City,ქალაქი
სერჟი-პონტუაზი,ს,City,ქალაქი
სერფერს პარადაიზი,ს,City,ქალაქი
სესე,ს,Name,სახელი
სესვეტი,ს,City,ქალაქი
სესილი,ს,Name,სახელი
სესილია,ს,Name,სახელი
სესნოკი,ს,City,ქალაქი
სესორი,ს,City,ქალაქი
სესტო-სან-ჯოვანი,ს,City,ქალაქი
სეტატი,ს,City,ქალაქი
სეტუბალი,ს,City,ქალაქი
სეული,ს,City,ქალაქი
სეუტა,ს,City,ქალაქი
სეფიდრუდი,ს,River,მდინარე
სეფრუ,ს,City,ქალაქი
სეფტემვრი,ს,City,ქალაქი
სექს,ს,Film,ფილმი
სექს დრაივი,ს,Film,ფილმი
სექსარდი,ს,City,ქალაქი
სექსი,ს,Film,ფილმი
სექსი დიდ ქალაქში,ს,Film,ფილმი
სექსი დიდ ქალაქში 2,ს,Film,ფილმი
სექსუალური,ს,Film,ფილმი
სექსუალური განათლება,ს,Film,ფილმი
სეშეკე,ს,City,ქალაქი
სეჩელე,ს,City,ქალაქი
სეჩურა,ს,City,ქალაქი
სეხნია,ს,Name,სახელი
სვაბი,ს,City,ქალაქი
სვაზილენდი,ს,Country,ქვეყანა
სვაზილენდის სამეფო,ს,Country,ქვეყანა
სვაკოპი,ს,River,მდინარე
სვალბარდი და ჟან მაენი,ს,Country,ქვეყანა
სვანის,ს,Film,ფილმი
სვანის სიყვარული,ს,Film,ფილმი
სვედრუ,ს,City,ქალაქი
სვენბორგი,ს,City,ქალაქი
სვენდბორგი,ს,City,ქალაქი
სვეტი ნიკოლე,ს,City,ქალაქი
სვეტი სტეფანი,ს,City,ქალაქი
სვეტი-ნიკოლე,ს,City,ქალაქი
სვეტი-სტეფანი,ს,City,ქალაქი
სვეტინიკოლე,ს,City,ქალაქი
სვეტისტეფანი,ს,City,ქალაქი
სვეტლანა,ს,Name,სახელი
სვეტლაჰორსკი,ს,City,ქალაქი
სვეტოხლოვიცე,ს,City,ქალაქი
სვია,ს,Plant,მცენარე
სვიდნიცა,ს,City,ქალაქი
სვილეგრადი,ს,City,ქალაქი
სვინფორდი,ს,City,ქალაქი
სვირი,ს,River,მდინარე
სვიშტოვი,ს,City,ქალაქი
სვოგე,ს,City,ქალაქი
სვორდსი,ს,City,ქალაქი
სვრატკა,ს,River,მდინარე
სი-რაჩა,ს,City,ქალაქი
სი-სა-კეტი,ს,City,ქალაქი
სიავონგა,ს,City,ქალაქი
სიაია,ს,City,ქალაქი
სიალკოტი,ს,City,ქალაქი
სიამაყე,ს,Film,ფილმი
სიამაყე და ცრურწმენა,ს,Film,ფილმი
სიამენი,ს,City,ქალაქი
სიამი,ს,Country,ქვეყანა
სიამინი,ს,City,ქალაქი
სიანგტანი,ს,City,ქალაქი
სიანიანი,ს,City,ქალაქი
სიანო,ს,City,ქალაქი
სიანტანი,ს,City,ქალაქი
სიასამური,ს,Animal,ცხოველი
სიბანიკუ,ს,City,ქალაქი
სიბბო,ს,City,ქალაქი
სიბიუ,ს,City,ქალაქი
სიბნელეში,ს,Film,ფილმი
სიბნელეში მოცეკვავე,ს,Film,ფილმი
სიბრმავე,ს,Film,ფილმი
სიბუ,ს,City,ქალაქი
სიბუტი,ს,City,ქალაქი
სიგეტვარი,ს,City,ქალაქი
სიგეტსენტმიკლოში,ს,City,ქალაქი
სიგეტუ-მარმაციეი,ს,City,ქალაქი
სიგი,ს,City,ქალაქი
სიგიჟე,ს,Film,ფილმი
სიგირია,ს,City,ქალაქი
სიგიშოარა,ს,City,ქალაქი
სიგლუფიორდური,ს,City,ქალაქი
სიგტუნა,ს,City,ქალაქი
სიგუატეპეკე,ს,City,ქალაქი
სიგულდა,ს,City,ქალაქი
სიდადე ველია,ს,City,ქალაქი
სიდადე-ველია,ს,City,ქალაქი
სიდადეველია,ს,City,ქალაქი
სიდედი-დი-ნაკალა,ს,City,ქალაქი
სიდი აისა,ს,City,ქალაქი
სიდი ბელ აბესი,ს,City,ქალაქი
სიდი მუსა,ს,City,ქალაქი
სიდი ხალედი,ს,City,ქალაქი
სიდი-`ულვანი,ს,City,ქალაქი
სიდი-ბენური,ს,City,ქალაქი
სიდი-ბუ-ალი,ს,City,ქალაქი
სიდი-ბუზიდი,ს,City,ქალაქი
სიდი-იაჰია-ელ-ღარბი,ს,City,ქალაქი
სიდი-იფნი,ს,City,ქალაქი
სიდი-სლიმანი,ს,City,ქალაქი
სიდი-სმაილი,ს,City,ქალაქი
სიდი-ყასემი,ს,City,ქალაქი
სიდნეი,ს,City,ქალაქი
სიდოარჯო,ს,City,ქალაქი
სიდონი,ს,City,ქალაქი
სიდონია,ს,Name,სახელი
სიეგო,ს,Food,საკვები
სიეგო დე ავილა,ს,City,ქალაქი
სიეგო მონტერო,ს,Food,საკვები
სიეგო-დე-ავილა,ს,City,ქალაქი
სიეგოდეავილა,ს,City,ქალაქი
სიენა,ს,City,ქალაქი
სიენფუეგოსი,ს,City,ქალაქი
სიერა,ს,Film,ფილმი
სიერა დე კუბიტასი,ს,City,ქალაქი
სიერა ლეონე,ს,Country,ქვეყანა
სიერა ლეონეს რესპუბლიკა,ს,Country,ქვეყანა
სიერა მადრეს საგანძური,ს,Film,ფილმი
სიერა-დე-კუბიტასი,ს,City,ქალაქი
სიერა-ლეონე,ს,Country,ქვეყანა
სიერადეკუბიტასი,ს,City,ქალაქი
სიერი,ს,City,ქალაქი
სიერიამი,ს,City,ქალაქი
სიერნინგი,ს,City,ქალაქი
სიეტლი,ს,City,ქალაქი
სივა,ს,City,ქალაქი
სივასი,ს,City,ქალაქი
სივერექი,ს,City,ქალაქი
სითამასლა,ს,Plant,მცენარე
სიირთი,ს,City,ქალაქი
სიკასო,ს,City,ქალაქი
სიკვდილი,ს,Film,ფილმი
სიკვდილი აისბერგებში,ს,Film,ფილმი
სიკვდილი არავის,ს,Film,ფილმი
სიკვდილი არავის არ უნდა,ს,Film,ფილმი
სიკვდილი ვენეციაში,ს,Film,ფილმი
სიკვდილის,ს,Film,ფილმი
სიკვდილის მტკიცებულება,ს,Film,ფილმი
სიკირესი,ს,City,ქალაქი
სიკო,ს,Name,სახელი
სიკუანი,ს,City,ქალაქი
სილ-რი,ს,City,ქალაქი
სილალა,ს,River,მდინარე
სილამაე,ს,City,ქალაქი
სილამიაე,ს,City,ქალაქი
სილანგი,ს,City,ქალაქი
სილეტი,ს,City,ქალაქი
სილვა,ს,Name,სახელი
სილვეში,ს,City,ქალაქი
სილი,ს,City,ქალაქი
სილიანა,ს,City,ქალაქი
სილინიარვი,ს,City,ქალაქი
სილისტრა,ს,City,ქალაქი
სილიფკე,ს,City,ქალაქი
სილკებორგი,ს,City,ქალაქი
სილოა,ს,City,ქალაქი
სილოპი,ს,City,ქალაქი
სილჰეტი,ს,City,ქალაქი
სიმა,ს,City,ქალაქი
სიმანგანგი,ს,City,ქალაქი
სიმართლის,ს,Film,ფილმი
სიმართლის დრო,ს,Film,ფილმი
სიმეონ,ს,Film,ფილმი
სიმეონ მეუდაბნოე,ს,Film,ფილმი
სიმეონოვგრადი,ს,City,ქალაქი
სიმინდი,ს,Plant,მცენარე
სიმინდის,ს,Film,ფილმი
სიმინდის კუნძული,ს,Film,ფილმი
სიმნასი,ს,City,ქალაქი
სიმოვო,ს,City,ქალაქი
სიმონ,ს,Name,სახელი
სიმონი,ს,Name,სახელი
სიმპანგ ეპატი,ს,City,ქალაქი
სიმპსონების,ს,Film,ფილმი
სიმპსონების ფილმი,ს,Film,ფილმი
სიმღერა,ს,Film,ფილმი
სიმღერა წვიმაში,ს,Film,ფილმი
სინა,ს,City,ქალაქი
სინაზის,ს,Film,ფილმი
სინაზის ენა,ს,Film,ფილმი
სინაზონგვე,ს,City,ქალაქი
სინაია,ს,City,ქალაქი
სინანო,ს,River,მდინარე
სინანჯუ,ს,City,ქალაქი
სინაპი,ს,Food,საკვები
სინგანი,ს,City,ქალაქი
სინგაპური,ს,Country,ქვეყანა
სინგაპურის რესპუბლიკა,ს,Country,ქვეყანა
სინგარაჯა,ს,City,ქალაქი
სინგლტონი,ს,City,ქალაქი
სინდანდი,ს,City,ქალაქი
სინდი,ს,City,ქალაქი
სინდიოფალა,ს,Animal,ცხოველი
სინემა,ს,Film,ფილმი
სინესი,ს,City,ქალაქი
სინიანგი,ს,City,ქალაქი
სინიანი,ს,City,ქალაქი
სინიიჯუ,ს,City,ქალაქი
სინინი,ს,City,ქალაქი
სინმაკი,ს,City,ქალაქი
სინოპი,ს,City,ქალაქი
სინსანგ-ნი,ს,City,ქალაქი
სინსიანგი,ს,City,ქალაქი
სინტ ნიკლასი,ს,City,ქალაქი
სინტ-მარტენი (ჰოლანდიური ნაწილი),ს,Country,ქვეყანა
სინტ-ნიკლაასი,ს,City,ქალაქი
სინტ-ნიკლასი,ს,City,ქალაქი
სინტ-პიეტერს-ლეევი,ს,City,ქალაქი
სინტ-ტრუიდენი,ს,City,ქალაქი
სინტაი,ს,City,ქალაქი
სინტნიკლასი,ს,City,ქალაქი
სინტრა,ს,City,ქალაქი
სინუიჯუ,ს,City,ქალაქი
სინჯა,ს,City,ქალაქი
სინჯარი,ს,City,ქალაქი
სინჯი,ს,City,ქალაქი
სიოგი აბახო,ს,City,ქალაქი
სიოგი არიბა,ს,City,ქალაქი
სიოგი-აბახო,ს,City,ქალაქი
სიოგი-არიბა,ს,City,ქალაქი
სიოგიაბახო,ს,City,ქალაქი
სიოგიარიბა,ს,City,ქალაქი
სიოგუი-აბახო,ს,City,ქალაქი
სიონი,ს,City,ქალაქი
სიოუად ჩოლუტეკა,ს,City,ქალაქი
სიპინი,ს,City,ქალაქი
სირაკიუსი,ს,City,ქალაქი
სირაკუზა,ს,City,ქალაქი
სირაქლემა,ს,Animal,ცხოველი
სირაჯგანჯი,ს,City,ქალაქი
სირაჯი,ს,Food,საკვები
სირაჯხანა,ს,Food,საკვები
სირდარია,ს,River,მდინარე
სირე,ს,City,ქალაქი
სირეტი,ს,River,მდინარე
სირია,ს,Country,ქვეყანა
სირიამი,ს,City,ქალაქი
სირიანა,ს,Film,ფილმი
სირიის არაბული რესპუბლიკა,ს,Country,ქვეყანა
სირო რედონდო,ს,City,ქალაქი
სირო-რედონდო,ს,City,ქალაქი
სიროკი ბრიჟეგი,ს,City,ქალაქი
სირორედონდო,ს,City,ქალაქი
სირცხვილი,ს,Film,ფილმი
სისაკი,ს,City,ქალაქი
სისიანი,ს,City,ქალაქი
სისიმიუტი,ს,City,ქალაქი
სისოფონი,ს,City,ქალაქი
სისხლი,ს,Film,ფილმი
სისხლი და ქვიშა,ს,Film,ფილმი
სიტარდი,ს,City,ქალაქი
სიტრა,ს,City,ქალაქი
სიტუად დე რიაბა,ს,City,ქალაქი
სიტუბონდო,ს,City,ქალაქი
სიტუე,ს,City,ქალაქი
სიუდად არცე,ს,City,ქალაქი
სიუდად ბარიოსი,ს,City,ქალაქი
სიუდად ბოლივარი,ს,City,ქალაქი
სიუდად გუაიანა,ს,City,ქალაქი
სიუდად დე ლა კოსტა,ს,City,ქალაქი
სიუდად დელ ესტე,ს,City,ქალაქი
სიუდად დელ პლატა,ს,City,ქალაქი
სიუდად ვიეხა,ს,City,ქალაქი
სიუდად ვიქტორია,ს,City,ქალაქი
სიუდად ობრეგონი,ს,City,ქალაქი
სიუდად ოხედა,ს,City,ქალაქი
სიუდად რეალი,ს,City,ქალაქი
სიუდად ხუარესი,ს,City,ქალაქი
სიუდად-აკუნია,ს,City,ქალაქი
სიუდად-ბოლივარი,ს,City,ქალაქი
სიუდად-გუაიანა,ს,City,ქალაქი
სიუდად-დარიო,ს,City,ქალაქი
სიუდად-დე-ლა-კოსტა,ს,City,ქალაქი
სიუდად-დელ-ესტე,ს,City,ქალაქი
სიუდად-დელ-კარმენი,ს,City,ქალაქი
სიუდად-დელ-პლატა,ს,City,ქალაქი
სიუდად-ვალიესი,ს,City,ქალაქი
სიუდად-ვიქტორია,ს,City,ქალაქი
სიუდად-ლოპეს-მატეოსი,ს,City,ქალაქი
სიუდად-მადერო,ს,City,ქალაქი
სიუდად-ნესაუალკოიოტლი,ს,City,ქალაქი
სიუდად-ობრეგონი,ს,City,ქალაქი
სიუდად-ოხედა,ს,City,ქალაქი
სიუდად-სანდინო,ს,City,ქალაქი
სიუდად-ხუარესი,ს,City,ქალაქი
სიუდადბოლივარი,ს,City,ქალაქი
სიუდადგუაიანა,ს,City,ქალაქი
სიუდადდელაკოსტა,ს,City,ქალაქი
სიუდადდელესტე,ს,City,ქალაქი
სიუდადდელპლატა,ს,City,ქალაქი
სიუდადვიქტორია,ს,City,ქალაქი
სიუდადობრეგონი,ს,City,ქალაქი
სიუდადოხედა,ს,City,ქალაქი
სიუდადხუარესი,ს,City,ქალაქი
სიუელი,ს,City,ქალაქი
სიუნა,ს,City,ქალაქი
სიუჟოუ,ს,City,ქალაქი
სიურად კორტესი,ს,City,ქალაქი
სიუსეგა,ს,City,ქალაქი
სიუტატ ველია,ს,City,ქალაქი
სიუტუ,ს,City,ქალაქი
სიფორთი,ს,City,ქალაქი
სიფუენტესი,ს,City,ქალაქი
სიქეი,ს,City,ქალაქი
სიღნაღი,ს,City,ქალაქი
სიყვარული,ს,Film,ფილმი
სიყვარული და სხვა კატასტროფები,ს,Film,ფილმი
სიყვარული ჟამიანობის დროს,ს,Film,ფილმი
სიყვარული ყველას უნდა,ს,Film,ფილმი
სიყვარული ხანძარი,ს,Film,ფილმი
"სიყვარული, ხანძარი",ს,Film,ფილმი
"სიყვარული, ხანძარი და პომპიერო",ს,Film,ფილმი
სიყვარულით,ს,Film,ფილმი
სიყვარულით ვიქტორი,ს,Film,ფილმი
სიყვარულით რომში,ს,Film,ფილმი
"სიყვარულით, ვიქტორი",ს,Film,ფილმი
სიყვარულის,ს,Film,ფილმი
სიყვარულის ზღვა,ს,Film,ფილმი
სიყრმე,ს,Film,ფილმი
სიცარიელეში,ს,Film,ფილმი
სიცარიელეში შესასვლელი,ს,Film,ფილმი
სიცილიური,ს,Film,ფილმი
სიცილიური კლანი,ს,Film,ფილმი
სიცოცხლე,ს,Film,ფილმი
სიცოცხლე ერმილეს,ს,Film,ფილმი
სიცოცხლის,ს,Film,ფილმი
სიცოცხლის ხე,ს,Film,ფილმი
სიძულვილი,ს,Film,ფილმი
სიძუოკა,ს,City,ქალაქი
სიჰინი,ს,City,ქალაქი
სკაგასტრონდი,ს,City,ქალაქი
სკაგენი,ს,City,ქალაქი
სკანდალი,ს,Film,ფილმი
სკანდალის,ს,Film,ფილმი
სკანდალის ანატომია,ს,Film,ფილმი
სკანდერბორგი,ს,City,ქალაქი
სკარდუ,ს,City,ქალაქი
სკაროსი,ს,Animal,ცხოველი
სკარჟისკო კამიენა,ს,City,ქალაქი
სკარჟისკო-კამენა,ს,City,ქალაქი
სკარჟისკო-კამიენა,ს,City,ქალაქი
სკარჟისკოკამიენა,ს,City,ქალაქი
სკაუდვილე,ს,City,ქალაქი
სკაფანდრი,ს,Film,ფილმი
სკაფანდრი და პეპელა,ს,Film,ფილმი
სკელდონი,ს,City,ქალაქი
სკელიგი,ს,Film,ფილმი
სკენდერ ვაკუფი,ს,City,ქალაქი
სკერისი,ს,City,ქალაქი
სკერნევიცე,ს,City,ქალაქი
სკიაულფანდაფლოუტი,ს,River,მდინარე
სკივი,ს,City,ქალაქი
სკიკდა,ს,City,ქალაქი
სკირსნემუნე,ს,City,ქალაქი
სკოგჰალი,ს,City,ქალაქი
სკოდორულა,ს,River,მდინარე
სკოპიე,ს,City,ქალაქი
სკორდალია,ს,Food,საკვები
სკრუნდა,ს,City,ქალაქი
სკუბი-დუ,ს,Film,ფილმი
სკუბი-დუ დაბრუნება ზომბების,ს,Film,ფილმი
სკუბი-დუ! დაბრუნება ზომბების კუნძულზე,ს,Film,ფილმი
სკუნსი,ს,Animal,ცხოველი
სკუოდასი,ს,City,ქალაქი
სკურდუმი,ს,River,მდინარე
სლაგელსე,ს,City,ქალაქი
სლაგელსი,ს,City,ქალაქი
სლავგარადი,ს,City,ქალაქი
სლავონსკი ბროდი,ს,City,ქალაქი
სლავონსკი-ბროდი,ს,City,ქალაქი
სლავონსკიბროდი,ს,City,ქალაქი
სლაიგო,ს,City,ქალაქი
სლატინა,ს,City,ქალაქი
სლენი,ს,River,მდინარე
სლივენი,ს,City,ქალაქი
სლივნა,ს,City,ქალაქი
სლივნიცა,ს,City,ქალაქი
სლიმა,ს,City,ქალაქი
სლინფა,ს,City,ქალაქი
სლობოზია,ს,City,ქალაქი
სლოვაკეთი,ს,Country,ქვეყანა
სლოვაკეთის რესპუბლიკა,ს,Country,ქვეყანა
სლოვენ-გრადეცი,ს,City,ქალაქი
სლოვენია,ს,Country,ქვეყანა
სლოვენიის რესპუბლიკა,ს,Country,ქვეყანა
სლოვენსკა-ბისტრიცა,ს,City,ქალაქი
სლოვენსკე-კონიიცე,ს,City,ქალაქი
სლონიმი,ს,City,ქალაქი
სლუბიცე,ს,City,ქალაქი
სლუპსკი,ს,City,ქალაქი
სლუცკი,ს,City,ქალაქი
სმალევიჩი,ს,City,ქალაქი
სმედერევო,ს,City,ქალაქი
სმილა,ს,City,ქალაქი
სმილგა,ს,River,მდინარე
სმილტენე,ს,City,ქალაქი
სმოლენსკი,ს,City,ქალაქი
სმოლიანი,ს,City,ქალაქი
სმორუმნედრე,ს,City,ქალაქი
სმურფები,ს,Film,ფილმი
სნაიდერის,ს,Film,ფილმი
სნეკი,ს,City,ქალაქი
სნიჟნე,ს,City,ქალაქი
სნოსწყალი,ს,River,მდინარე
სნოუი,ს,River,მდინარე
სოავინანდრიანა,ს,City,ქალაქი
სოანიერანა ივონგო,ს,City,ქალაქი
სობატი,ს,River,მდინარე
სოვეტი,ს,City,ქალაქი
სოვეტო,ს,City,ქალაქი
სოზარ,ს,Name,სახელი
სოთველი,ს,City,ქალაქი
სოიაპანგო,ს,City,ქალაქი
სოინიი,ს,City,ქალაქი
სოიო,ს,City,ქალაქი
სოკა,ს,City,ქალაქი
სოკკო-დონგი,ს,City,ქალაქი
სოკნა,ს,City,ქალაქი
სოკო,ს,Plant,მცენარე
სოკოდე,ს,City,ქალაქი
სოკოლაცი,ს,City,ქალაქი
სოკონე,ს,City,ქალაქი
სოკოტო,ს,City,ქალაქი
სოკრატ,ს,Name,სახელი
სოლაპური,ს,City,ქალაქი
სოლედად-დიეს-გუტიერესი,ს,City,ქალაქი
სოლენტუნა,ს,City,ქალაქი
სოლვეზი,ს,City,ქალაქი
სოლთანიე,ს,City,ქალაქი
სოლინი,ს,City,ქალაქი
სოლინსი,ს,City,ქალაქი
სოლის-დე-მატაოხო,ს,City,ქალაქი
სოლისტი,ს,Film,ფილმი
სოლკანი,ს,City,ქალაქი
სოლნოკი,ს,City,ქალაქი
სოლო,ს,Film,ფილმი
სოლო ვარსკვლავური ომების,ს,Film,ფილმი
სოლო ვარსკვლავური ომების ამბავი,ს,Film,ფილმი
სოლო: ვარსკვლავური ომების ამბავი,ს,Film,ფილმი
სოლოვრი,ს,City,ქალაქი
სოლოლა,ს,City,ქალაქი
სოლომონ,ს,Name,სახელი
სოლომონი,ს,Name,სახელი
სოლომონის კუნძულები,ს,Country,ქვეყანა
სოლოსოლო,ს,City,ქალაქი
სოლროდ სტრანდი,ს,City,ქალაქი
სოლჰეიმარი,ს,City,ქალაქი
სომალი,ს,Country,ქვეყანა
სომალის ფედერაციული რესპუბლიკა,ს,Country,ქვეყანა
სომბატჰეი,ს,City,ქალაქი
სომერუ,ს,City,ქალაქი
სომეშულ-მიკი,ს,River,მდინარე
სომოტილიო,ს,City,ქალაქი
სომოტო,ს,City,ქალაქი
სომხეთი,ს,Country,ქვეყანა
სომხეთის რესპუბლიკა,ს,Country,ქვეყანა
სომხური,ს,Food,საკვები
სომხური ღვინო,ს,Food,საკვები
სონა,ს,City,ქალაქი
სონამი,ს,City,ქალაქი
სონარგაონი,ს,City,ქალაქი
სონას,ს,Film,ფილმი
სონას ფედერალური გამოსასწორებელი,ს,Film,ფილმი
სონას ფედერალური გამოსასწორებელი ციხე,ს,Film,ფილმი
სონბონგი,ს,City,ქალაქი
სონგნიმი,ს,City,ქალაქი
სონგო ლა მაია,ს,City,ქალაქი
სონგო-ლა-მაია,ს,City,ქალაქი
სონგოლამაია,ს,City,ქალაქი
სონგოლოლო,ს,City,ქალაქი
სონდერბორგი,ს,City,ქალაქი
სონი,ს,River,მდინარე
სონსონატე,ს,City,ქალაქი
სონძაკატე,ს,City,ქალაქი
სოპრანოს,ს,Film,ფილმი
სოპრანოს კლანი,ს,Film,ფილმი
სოჟი,ს,River,მდინარე
სორა,ს,City,ქალაქი
სორეანგი,ს,City,ქალაქი
სორელ-ტრასისი,ს,City,ქალაქი
სორია,ს,City,ქალაქი
სორო,ს,City,ქალაქი
სოროკაბა,ს,City,ქალაქი
სოროკი,ს,City,ქალაქი
სორონგი,ს,City,ქალაქი
სორსოგონი,ს,City,ქალაქი
სორტოვა,ს,City,ქალაქი
სოსან,ს,Name,სახელი
სოსანა,ს,Name,სახელი
სოსანი,ს,Plant,მცენარე
სოსლან,ს,Name,სახელი
სოსლანი,ს,Name,სახელი
სოსნოვეცი,ს,City,ქალაქი
სოსო,ს,Name,სახელი
სოტ-ფონგი,ს,City,ქალაქი
სოტერი,ს,City,ქალაქი
სოტიკი,ს,City,ქალაქი
სოტირა,ს,City,ქალაქი
სოტკამო,ს,City,ქალაქი
სოტუბუა,ს,City,ქალაქი
სოუეტო,ს,City,ქალაქი
სოუმა,ს,City,ქალაქი
სოფია,ს,City,ქალაქი
სოფიკო,ს,Name,სახელი
სოფიო,ს,Name,სახელი
სოფის,ს,Film,ფილმი
სოფის არჩევანი,ს,Film,ფილმი
სოფო,ს,Name,სახელი
სოფრომ,ს,Name,სახელი
სოჩა,ს,City,ქალაქი
სოციალური,ს,Film,ფილმი
სოციალური ქსელი,ს,Film,ფილმი
სოციედად,ს,City,ქალაქი
სოხუმი,ს,City,ქალაქი
სოჯუ,ს,Food,საკვები
სპათიფილუმი,ს,Plant,მცენარე
სპაიდერვიკის,ს,Film,ფილმი
სპაიდერვიკის ქრონიკები,ს,Film,ფილმი
სპარნე,ს,River,მდინარე
სპარსეთი,ს,Country,ქვეყანა
სპარტა,ს,City,ქალაქი
სპარტაკ,ს,Name,სახელი
სპარტაკი,ს,Film,ფილმი
სპეი,ს,River,მდინარე
სპეიკენისე,ს,City,ქალაქი
სპეიტაუნი,ს,City,ქალაქი
სპენიშ თაუნი,ს,City,ქალაქი
სპერო,ს,River,მდინარე
სპერქეოსი,ს,River,მდინარე
სპექტრი,ს,Film,ფილმი
სპეცია,ს,City,ქალაქი
სპეცრაზმი,ს,Film,ფილმი
სპილო,ს,Animal,ცხოველი
სპილო მის ხელებზე,ს,Film,ფილმი
სპილოს ძვლის სანაპირო,ს,Country,ქვეყანა
სპირიდონ,ს,Name,სახელი
სპიტაკი,ს,City,ქალაქი
სპიტტალი ან დერ დრაუ,ს,City,ქალაქი
სპლიტი,ს,City,ქალაქი
სპლიყვი,ს,Animal,ცხოველი
სპოდნიე-ჰოჩე,ს,City,ქალაქი
სპორტლოტო,ს,Film,ფილმი
სპრაიტი,ს,Food,საკვები
სპრინგსი,ს,City,ქალაქი
სპრუს გროუვი,ს,City,ქალაქი
სრაცინეცი,ს,City,ქალაქი
სრბაცი,ს,City,ქალაქი
სრებრენიკი,ს,City,ქალაქი
სრებრენიცა,ს,City,ქალაქი
სრედეცი,ს,City,ქალაქი
სტაიცელე,ს,City,ქალაქი
სტალკერი,ს,Film,ფილმი
სტალოვა-ვოლა,ს,City,ქალაქი
სტამბოლი,ს,City,ქალაქი
სტამბოლიისკი,ს,City,ქალაქი
სტამბოლის,ს,Film,ფილმი
სტამბოლის არხი,ს,City,ქალაქი
სტამბოლის მეტროპოლიტენი,ს,City,ქალაქი
სტამბოლის ორი მხარე,ს,Film,ფილმი
სტამბოლის უნივერსიტეტი,ს,City,ქალაქი
სტამბული,ს,City,ქალაქი
სტანგერი,ს,City,ქალაქი
სტანდერტონი,ს,City,ქალაქი
სტარა ზაგორა,ს,City,ქალაქი
სტარა-ზაგორა,ს,City,ქალაქი
სტარაზაგორა,ს,City,ქალაქი
სტარახოვიცე,ს,City,ქალაქი
სტარგრად-შჩეცინსკი,ს,City,ქალაქი
სტარიი დაროხი,ს,City,ქალაქი
სტარკა,ს,Food,საკვები
სტარობინი,ს,City,ქალაქი
სტაროგრად-გდანსკი,ს,City,ქალაქი
სტაფანსტორპი,ს,City,ქალაქი
სტაფილო,ს,Plant,მცენარე
სტახანოვი,ს,City,ქალაქი
სტეირი,ს,City,ქალაქი
სტელენბოსი,ს,City,ქალაქი
სტენდე,ს,City,ქალაქი
სტენლი,ს,City,ქალაქი
სტენლოსი,ს,City,ქალაქი
სტეპნოგორსკი,ს,City,ქალაქი
სტეფანავანი,ს,City,ქალაქი
სტეფანე,ს,Name,სახელი
სტეფანწმინდა,ს,City,ქალაქი
სტიენა,ს,City,ქალაქი
სტიკისჰოლმური,ს,City,ქალაქი
სტიკისჰოულმური,ს,City,ქალაქი
სტილფონტეინი,ს,City,ქალაქი
სტიქსი,ს,River,მდინარე
სტობრეკი,ს,City,ქალაქი
სტოდვარფიორდური,ს,City,ქალაქი
სტოკერაუუ,ს,City,ქალაქი
სტოკერი,ს,Film,ფილმი
სტოკსეირი,ს,City,ქალაქი
სტოკჰოლმი,ს,City,ქალაქი
სტოლაცი,ს,City,ქალაქი
სტოლინი,ს,City,ქალაქი
სტოლონქრო,ს,River,მდინარე
სტორი,ს,River,მდინარე
სტოუნი ჰილი,ს,City,ქალაქი
სტრაჟა,ს,City,ქალაქი
სტრასბურგი,ს,City,ქალაქი
სტრატფორდი,ს,City,ქალაქი
სტრენგნესი,ს,City,ქალაქი
სტრენჩი,ს,City,ქალაქი
სტრეშენი,ს,City,ქალაქი
სტრი,ს,City,ქალაქი
სტროკსტაუნი,ს,City,ქალაქი
სტრომბოლი,ს,Film,ფილმი
სტრომბოლი ღმერთის მიწა,ს,Film,ფილმი
"სტრომბოლი, ღმერთის მიწა",ს,Film,ფილმი
სტრუგა,ს,City,ქალაქი
სტრუერი,ს,City,ქალაქი
სტრუმა,ს,River,მდინარე
სტრუმიცა,ს,City,ქალაქი
სუ სენტ მარი,ს,City,ქალაქი
სუ-სენტ-მარი,ს,City,ქალაქი
სუბანსირი,ს,River,მდინარე
სუბატე,ს,City,ქალაქი
სუბორდინაცია,ს,Film,ფილმი
სუბსტანცია,ს,Film,ფილმი
სუგოი,ს,River,მდინარე
სუგური,ს,City,ქალაქი
სუდავიკი,ს,City,ქალაქი
სუდანი,ს,Country,ქვეყანა
სუდანის რესპუბლიკა,ს,Country,ქვეყანა
სუდურეირი,ს,City,ქალაქი
სუეცი,ს,City,ქალაქი
სუვა,ს,City,ქალაქი
სუვალკი,ს,City,ქალაქი
სუვლაკი,ს,Food,საკვები
სუვონი,ს,City,ქალაქი
სუზა,ს,City,ქალაქი
სუზანო,ს,City,ქალაქი
სუიაკი,ს,City,ქალაქი
სუინი,ს,Film,ფილმი
სუინი ტოდი,ს,Film,ფილმი
სუინი ტოდი დემონი-დალაქი,ს,Film,ფილმი
სუინი ტოდი დემონი-დალაქი ფლიტ-სტრიტიდან,ს,Film,ფილმი
სუინი ტოდი: დემონი-დალაქი ფლიტ-სტრიტიდან,ს,Film,ფილმი
სუიტა,ს,City,ქალაქი
სუკაბუმი,ს,City,ქალაქი
სუკრე,ს,City,ქალაქი
სუკუა,ს,City,ქალაქი
სუკულენტი,ს,Plant,მცენარე
სუკური,ს,City,ქალაქი
სულაკი,ს,River,მდინარე
სულამი,ს,City,ქალაქი
სულების,ს,Film,ფილმი
სულების გამოძახება,ს,Film,ფილმი
სულეიმანია,ს,City,ქალაქი
სულეიუვეკი,ს,City,ქალაქი
სული,ს,Film,ფილმი
სულია,ს,River,მდინარე
სულიანა,ს,City,ქალაქი
სულიკო,ს,Name,სახელი
სულინა,ს,City,ქალაქი
სულორი,ს,River,მდინარე
სულუყი,ს,City,ქალაქი
სულხან,ს,Name,სახელი
სუმარე,ს,City,ქალაქი
სუმბე,ს,City,ქალაქი
სუმგაითი,ს,City,ქალაქი
სუმედანგ უტარა,ს,City,ქალაქი
სუმი,ს,City,ქალაქი
სუმპანგო,ს,City,ქალაქი
სუნამო,ს,Film,ფილმი
სუნამო ერთი მკვლელის,ს,Film,ფილმი
სუნამო ერთი მკვლელის ისტორია,ს,Film,ფილმი
სუნამო: ერთი მკვლელის ისტორია,ს,Film,ფილმი
სუნანი,ს,City,ქალაქი
სუნგაი ბესარი,ს,City,ქალაქი
სუნგაი პეტანი,ს,City,ქალაქი
სუნგაი უდანგი,ს,City,ქალაქი
სუნგაი-კოლოკი,ს,City,ქალაქი
სუნგალი,ს,City,ქალაქი
სუნგამ-ნოდონგჯაგუ,ს,City,ქალაქი
სუნგჯიბეგამი,ს,City,ქალაქი
სუნგჰო 1-ტონგი,ს,City,ქალაქი
სუნდბიუბერგი,ს,City,ქალაქი
სუნდსვალი,ს,City,ქალაქი
სუნიანი,ს,City,ქალაქი
სუნჩონი,ს,City,ქალაქი
სუნჯა,ს,River,მდინარე
სუომუსსალმი,ს,City,ქალაქი
სუონი,ს,River,მდინარე
სუპერ,ს,Film,ფილმი
სუპერ 8,ს,Film,ფილმი
სუპერ ოჯახი,ს,Film,ფილმი
სუპერ ოჯახი 2,ს,Film,ფილმი
სუპერმენი,ს,Film,ფილმი
სუპერძმები,ს,Film,ფილმი
სუპერძმები მარიო,ს,Film,ფილმი
სუპლიგენი,ს,Food,საკვები
სუჟოუ,ს,City,ქალაქი
სურ ელ ღოზლანე,ს,City,ქალაქი
სურაბაია,ს,City,ქალაქი
სურაია,ს,River,მდინარე
სურაკარტა,ს,City,ქალაქი
სურამი,ს,City,ქალაქი
სურამის,ს,Film,ფილმი
სურამის ციხე,ს,Film,ფილმი
სურამულა,ს,River,მდინარე
სურატ-თანი,ს,City,ქალაქი
სურატი,ს,City,ქალაქი
სურე-ჯანი,ს,City,ქალაქი
სურთი,ს,City,ქალაქი
სური,ს,City,ქალაქი
სურიგაო,ს,City,ქალაქი
სურინამი,ს,City,ქალაქი
სურინამის რესპუბლიკა,ს,Country,ქვეყანა
სურინი,ს,City,ქალაქი
სურმა,ს,River,მდინარე
სურმანი,ს,City,ქალაქი
სურო,ს,Plant,მცენარე
სუროგატი,ს,Film,ფილმი
სუსა,ს,City,ქალაქი
სუსანა,ს,Name,სახელი
სუსენტმარი,ს,City,ქალაქი
სუსი,ს,City,ქალაქი
სუსტი,ს,City,ქალაქი
სუურე იაანი,ს,City,ქალაქი
სუურე-იაანი,ს,City,ქალაქი
სუურეიაანი,ს,City,ქალაქი
სუფან-ბური,ს,City,ქალაქი
სუფი,ს,City,ქალაქი
სუფრის,ს,Food,საკვები
სუფრის კიროვაბადული,ს,Food,საკვები
სუფსა,ს,River,მდინარე
სუში,ს,Food,საკვები
სუჩავა,ს,City,ქალაქი
სუჩიტოტო,ს,City,ქალაქი
სუხბაატარი,ს,City,ქალაქი
სუხე ბატორი,ს,City,ქალაქი
სუხე-ბატორი,ს,City,ქალაქი
სუხებატორი,ს,City,ქალაქი
სუჰაგი,ს,City,ქალაქი
სუჰარი,ს,City,ქალაქი
სუჰუმი,ს,City,ქალაქი
სფაქსი,ს,City,ქალაქი
სფერო,ს,Film,ფილმი
სფერული,ს,Film,ფილმი
სფერული ელვა,ს,Film,ფილმი
სფინტუ გეორგე,ს,City,ქალაქი
სფინტუ-გეორგე,ს,City,ქალაქი
სფინტუგეორგე,ს,City,ქალაქი
სხალთა,ს,River,მდინარე
სხერი,ს,River,მდინარე
სხეული,ს,Film,ფილმი
სხეულის,ს,Film,ფილმი
სხეულის სამხილი,ს,Film,ფილმი
სხვები,ს,Film,ფილმი
სხვისი,ს,Film,ფილმი
სხვისი შვილები,ს,Film,ფილმი
სხი,ს,River,მდინარე
სხიდამი,ს,City,ქალაქი
სხიპბეკი,ს,River,მდინარე
სხირა,ს,City,ქალაქი
სხირატი,ს,City,ქალაქი
ტა ხმაუ,ტ,City,ქალაქი
ტაბა,ტ,City,ქალაქი
ტაბაკუნდო,ტ,City,ქალაქი
ტაბარკა,ტ,City,ქალაქი
ტაბასალუ,ტ,City,ქალაქი
ტაბაწყური,ტ,River,მდინარე
ტაბიაუეა,ტ,City,ქალაქი
ტაბივერე,ტ,City,ქალაქი
ტაბლიგბო,ტ,City,ქალაქი
ტაბორა,ტ,City,ქალაქი
ტაბოშარი,ტ,City,ქალაქი
ტაბუკინიბერუ,ტ,City,ქალაქი
ტაბულე,ტ,Food,საკვები
ტაბურაო,ტ,City,ქალაქი
ტაბურსუყი,ტ,City,ქალაქი
ტაგა,ტ,City,ქალაქი
ტაგაო,ტ,City,ქალაქი
ტაგბილარანი,ტ,City,ქალაქი
ტაგილი,ტ,River,მდინარე
ტაგობი,ტ,City,ქალაქი
ტაგოუ ბეი,ტ,City,ქალაქი
ტაგუასკო,ტ,City,ქალაქი
ტადრარტი,ტ,City,ქალაქი
ტაეგუკი,ტ,Film,ფილმი
ტავაუ,ტ,City,ქალაქი
ტავეტა,ტ,City,ქალაქი
ტავირა,ტ,City,ქალაქი
ტავკარი,ტ,City,ქალაქი
ტაზა,ტ,City,ქალაქი
ტაზულტ-ლამბეზე,ტ,City,ქალაქი
ტაიბეი,ტ,City,ქალაქი
ტაიეეგლოვი,ტ,City,ქალაქი
ტაივანი,ტ,Country,ქვეყანა
ტაიზი,ტ,City,ქალაქი
ტაიიუნი,ტ,City,ქალაქი
ტაილანდი,ტ,Country,ქვეყანა
ტაილანდის სამეფო,ტ,Country,ქვეყანა
ტაიპა,ტ,City,ქალაქი
ტაიპინგი,ტ,City,ქალაქი
ტაირუა,ტ,City,ქალაქი
ტაისია,ტ,Name,სახელი
ტაიტაი,ტ,City,ქალაქი
ტაიჯოუ,ტ,City,ქალაქი
ტაკაკა,ტ,City,ქალაქი
ტაკამაცუ,ტ,City,ქალაქი
ტაკარაძუკა,ტ,City,ქალაქი
ტაკასაკი,ტ,City,ქალაქი
ტაკაუნგუ,ტ,City,ქალაქი
ტაკაცუკი,ტ,City,ქალაქი
ტაკინოუე,ტ,City,ქალაქი
ტაკლისა,ტ,City,ქალაქი
ტაკნა,ტ,City,ქალაქი
ტაკორადი,ტ,City,ქალაქი
ტაკუარემბო,ტ,City,ქალაქი
ტაკუატი,ტ,City,ქალაქი
ტაკუბა,ტ,City,ქალაქი
ტალა,ტ,City,ქალაქი
ტალაგანტე,ტ,City,ქალაქი
ტალავაკელე,ტ,City,ქალაქი
ტალავდი,ტ,City,ქალაქი
ტალავერა დე ლა რეინა,ტ,City,ქალაქი
ტალამორი,ტ,City,ქალაქი
ტალანგა,ტ,City,ქალაქი
ტალარა,ტ,City,ქალაქი
ტალაჩინი,ტ,City,ქალაქი
ტალიამენტო,ტ,River,მდინარე
ტალინ,ტ,City,ქალაქი
ტალინი,ტ,Plant,მცენარე
ტალისაი,ტ,City,ქალაქი
ტალკა,ტ,City,ქალაქი
ტალკაუანო,ტ,City,ქალაქი
ტალოქანი,ტ,City,ქალაქი
ტალსა,ტ,City,ქალაქი
ტალსი,ტ,City,ქალაქი
ტალტალი,ტ,City,ქალაქი
ტალღებთან,ტ,Film,ფილმი
ტალღებთან მებრძოლი,ტ,Film,ფილმი
ტამა,ტ,River,მდინარე
ტამალე,ტ,City,ქალაქი
ტამანრასეტი,ტ,City,ქალაქი
ტამარი,ტ,River,მდინარე
ტამარინი,ტ,City,ქალაქი
ტამბო-გრანდე,ტ,City,ქალაქი
ტამბოპატა,ტ,City,ქალაქი
ტამბურა,ტ,City,ქალაქი
ტამისაარი,ტ,City,ქალაქი
ტამპა,ტ,City,ქალაქი
ტამპერე,ტ,City,ქალაქი
ტამპიკო,ტ,City,ქალაქი
ტამპინი,ტ,City,ქალაქი
ტამრა,ტ,City,ქალაქი
ტამრი,ტ,City,ქალაქი
ტამსალუ,ტ,City,ქალაქი
ტან-ტანი,ტ,City,ქალაქი
ტანა,ტ,River,მდინარე
ტანარო,ტ,River,მდინარე
ტანაჰ მერაჰი,ტ,City,ქალაქი
ტანგაილი,ტ,City,ქალაქი
ტანგალა,ტ,City,ქალაქი
ტანგერანგი,ტ,City,ქალაქი
ტანგკაკი,ტ,City,ქალაქი
ტანგუიეტა,ტ,City,ქალაქი
ტანგშანი,ტ,City,ქალაქი
ტანდალტი,ტ,City,ქალაქი
ტანდილი,ტ,City,ქალაქი
ტანდო-ადამი,ტ,City,ქალაქი
ტანდო-ალაჰიარი,ტ,City,ქალაქი
ტანდო-მუჰამად-ხანი,ტ,City,ქალაქი
ტანზანია,ტ,Country,ქვეყანა
ტანზანიის გაერთიანებული რესპუბლიკა,ტ,Country,ქვეყანა
ტანჟერი,ტ,City,ქალაქი
ტანრაკე,ტ,City,ქალაქი
ტანსა,ტ,City,ქალაქი
ტანტა,ტ,City,ქალაქი
ტანუტი,ტ,City,ქალაქი
ტანჯონგ ტოკონგი,ტ,City,ქალაქი
ტანჯუნგბალაი,ტ,City,ქალაქი
ტანჯუნგკარანგ-ტელუკბეტუნგი,ტ,City,ქალაქი
ტანჯუნგპინანგი,ტ,City,ქალაქი
ტაპა,ტ,City,ქალაქი
ტაპასის,ტ,Food,საკვები
ტაპასის სია,ტ,Food,საკვები
ტაპაჩულა,ტ,City,ქალაქი
ტაპაჰ როუდი,ტ,City,ქალაქი
ტაპირი,ტ,Animal,ცხოველი
ტაპოლცა,ტ,City,ქალაქი
ტაჟინ,ტ,Food,საკვები
ტაჟინ მტევემი,ტ,Food,საკვები
ტარაგონა,ტ,City,ქალაქი
ტარავა,ტ,City,ქალაქი
ტარაზი,ტ,City,ქალაქი
ტარაკანა,ტ,Animal,ცხოველი
ტარანტო,ტ,City,ქალაქი
ტარანტული,ტ,Animal,ცხოველი
ტარაპოტო,ტ,City,ქალაქი
ტარარირასი,ტ,City,ქალაქი
ტარასი,ტ,Name,სახელი
ტარვასიიგი,ტ,River,მდინარე
ტარზანი,ტ,Film,ფილმი
ტარი,ტ,City,ქალაქი
ტარიელ,ტ,Name,სახელი
ტარიელ მკლავაძის მკვლელობის,ტ,Film,ფილმი
ტარიელ მკლავაძის მკვლელობის საქმე,ტ,Film,ფილმი
ტარიელი,ტ,Name,სახელი
ტარიმი,ტ,River,მდინარე
ტარიხა,ტ,City,ქალაქი
ტარკვა,ტ,City,ქალაქი
ტარკვინია,ტ,City,ქალაქი
ტარლაკი,ტ,City,ქალაქი
ტარმა,ტ,City,ქალაქი
ტარნბი,ტ,City,ქალაქი
ტარნობჟეგი,ტ,City,ქალაქი
ტარნოვსკე-გური,ტ,City,ქალაქი
ტარნუვი,ტ,City,ქალაქი
ტაროკა,ტ,City,ქალაქი
ტარსუსი,ტ,City,ქალაქი
ტარტაგალი,ტ,City,ქალაქი
ტარტარი,ტ,City,ქალაქი
ტარტკი,ტ,City,ქალაქი
ტარტუ,ტ,City,ქალაქი
ტარტუსი,ტ,City,ქალაქი
ტარუდანტი,ტ,City,ქალაქი
ტარხუნა,ტ,Plant,მცენარე
ტარჰუანა,ტ,City,ქალაქი
ტასეკ გელუგური,ტ,City,ქალაქი
ტასეოგრაფია,ტ,Food,საკვები
ტასიილაკი,ტ,City,ქალაქი
ტასიკმალაია,ტ,City,ქალაქი
ტასო,ტ,Name,სახელი
ტასტრუპი,ტ,City,ქალაქი
ტასტური,ტ,City,ქალაქი
ტატა,ტ,City,ქალაქი
ტატაბანია,ტ,City,ქალაქი
ტატაუინი,ტ,City,ქალაქი
ტატე,ტ,Name,სახელი
ტატიანა,ტ,Name,სახელი
ტატო,ტ,Name,სახელი
ტაუბატე,ტ,City,ქალაქი
ტაუერი,ტ,City,ქალაქი
ტაულაბე,ტ,City,ქალაქი
ტაუნატი,ტ,City,ქალაქი
ტაუნგდვინჯი,ტ,City,ქალაქი
ტაუნგუ,ტ,City,ქალაქი
ტაუნსვილი,ტ,City,ქალაქი
ტაუნჯი,ტ,City,ქალაქი
ტაუპო,ტ,City,ქალაქი
ტაურაგე,ტ,City,ქალაქი
ტაურანგა,ტ,City,ქალაქი
ტაურირტი,ტ,City,ქალაქი
ტაფაგამანუ,ტ,City,ქალაქი
ტაფიტოალა,ტ,City,ქალაქი
ტაფო,ტ,City,ქალაქი
ტაფრაუტი,ტ,City,ქალაქი
ტაფუა,ტ,City,ქალაქი
ტაქსის,ტ,Film,ფილმი
ტაქსის მძღოლი,ტ,Film,ფილმი
ტაშირი,ტ,City,ქალაქი
ტაშკენტი,ტ,City,ქალაქი
ტახი,ტ,Animal,ცხოველი
ტახო,ტ,River,მდინარე
ტახტი,ტ,Film,ფილმი
ტახტი სისხლში,ტ,Film,ფილმი
ტაჯერუინი,ტ,City,ქალაქი
ტაჯიკეთი,ტ,Country,ქვეყანა
ტაჯიკეთის რესპუბლიკა,ტ,Country,ქვეყანა
ტაჯურა,ტ,City,ქალაქი
ტაჰალა,ტ,City,ქალაქი
ტაჰტა,ტ,City,ქალაქი
ტაჰუა,ტ,City,ქალაქი
ტე ანაუ,ტ,City,ქალაქი
ტე-ანაუ,ტ,City,ქალაქი
ტე-კაუჰატა,ტ,City,ქალაქი
ტეანაუ,ტ,City,ქალაქი
ტებესბესტი,ტ,City,ქალაქი
ტებიკუარი,ტ,River,მდინარე
ტებიუ,ტ,City,ქალაქი
ტებლა,ტ,City,ქალაქი
ტეგალი,ტ,City,ქალაქი
ტეგუსიგალპა,ტ,City,ქალაქი
ტეგუციგალპა,ტ,City,ქალაქი
ტედონგანი,ტ,River,მდინარე
ტეი,ტ,River,მდინარე
ტეილორ,ტ,Film,ფილმი
ტეილორ სვიფტი,ტ,Film,ფილმი
ტეილორ სვიფტი მის,ტ,Film,ფილმი
ტეილორ სვიფტი მის ამერიკელი,ტ,Film,ფილმი
ტეილორ სვიფტი: მის ამერიკელი,ტ,Film,ფილმი
ტეკილა,ტ,City,ქალაქი
ტეკნაფი,ტ,City,ქალაქი
ტეკოლუკა,ტ,City,ქალაქი
ტეკპან გუატემალა,ტ,City,ქალაქი
ტეკუჩი,ტ,City,ქალაქი
ტელა,ტ,City,ქალაქი
ტელდე,ტ,City,ქალაქი
ტელერღმა,ტ,City,ქალაქი
ტელეფონისტი,ტ,Film,ფილმი
ტელეფონისტი გოგონები,ტ,Film,ფილმი
ტელეღიპუცები,ტ,Film,ფილმი
ტელიკა,ტ,City,ქალაქი
ტელუკ ინტანი,ტ,City,ქალაქი
ტელუკნაგა,ტ,City,ქალაქი
ტელფსი,ტ,City,ქალაქი
ტელშიაი,ტ,City,ქალაქი
ტემარაია,ტ,City,ქალაქი
ტემბისა,ტ,City,ქალაქი
ტემერლუჰი,ტ,City,ქალაქი
ტემზა,ტ,River,მდინარე
ტემუკო,ტ,City,ქალაქი
ტენა,ტ,City,ქალაქი
ტენანსინგო,ტ,City,ქალაქი
ტენდი,ტ,City,ქალაქი
ტენენბაუმების,ტ,Film,ფილმი
ტენენბაუმების ოჯახი,ტ,Film,ფილმი
ტენესი,ტ,River,მდინარე
ტენი,ტ,City,ქალაქი
ტენია,ტ,City,ქალაქი
ტენოჩტიტლანი,ტ,City,ქალაქი
ტეპასენტი,ტ,City,ქალაქი
ტეპელენე,ტ,City,ქალაქი
ტეპი,ტ,City,ქალაქი
ტეპიკი,ტ,City,ქალაქი
ტერ რუჟი,ტ,City,ქალაქი
ტერა,ტ,City,ქალაქი
ტერასა,ტ,City,ქალაქი
ტერასი,ტ,City,ქალაქი
ტერეზა,ტ,Name,სახელი
ტერეზინა,ტ,City,ქალაქი
ტერენტი,ტ,Name,სახელი
ტერესინა,ტ,City,ქალაქი
ტერზეფანო,ტ,City,ქალაქი
ტერი,ტ,River,მდინარე
ტერიბე,ტ,City,ქალაქი
ტერინი,ტ,Food,საკვები
ტერკის და კაიკოს კუნძულები,ტ,Country,ქვეყანა
ტერკუელი,ტ,River,მდინარე
ტერმინალი,ტ,Film,ფილმი
ტერმინატორი,ტ,Film,ფილმი
ტერმინატორი 2,ტ,Film,ფილმი
ტერმინატორი 2 განკითხვის დღე,ტ,Film,ფილმი
ტერმინატორი 2: განკითხვის დღე,ტ,Film,ფილმი
ტერმინატორი 3,ტ,Film,ფილმი
ტერმინატორი 3 მანქანების ამბოხი,ტ,Film,ფილმი
ტერმინატორი 3: მანქანების ამბოხი,ტ,Film,ფილმი
ტერნეზენი,ტ,City,ქალაქი
ტერნი,ტ,City,ქალაქი
ტერნიცი,ტ,City,ქალაქი
ტერსერ ფრენტე,ტ,City,ქალაქი
ტერსერ-ფრენტე,ტ,City,ქალაქი
ტერსერფრენტე,ტ,City,ქალაქი
ტერტერი,ტ,City,ქალაქი
ტესაუა,ტ,City,ქალაქი
ტესენეი,ტ,City,ქალაქი
ტესიო,ტ,River,მდინარე
ტესკოკო-დე-მორა,ტ,City,ქალაქი
ტესლიკი,ტ,City,ქალაქი
ტესღუინო,ტ,Food,საკვები
ტეტანჟი,ტ,City,ქალაქი
ტეტე,ტ,City,ქალაქი
ტეტევენი,ტ,City,ქალაქი
ტეტოვო,ტ,City,ქალაქი
ტეუაკანი,ტ,City,ქალაქი
ტეუსტეპე,ტ,City,ქალაქი
ტეშანი,ტ,City,ქალაქი
ტეშანკა,ტ,City,ქალაქი
ტეში,ტ,City,ქალაქი
ტეჩიმანი,ტ,City,ქალაქი
ტეხარი,ტ,City,ქალაქი
ტეხისტეპეკე,ტ,City,ქალაქი
ტეხურა,ტ,River,მდინარე
ტეხური,ტ,River,მდინარე
ტვანტე,ტ,City,ქალაქი
ტვინ,ტ,Film,ფილმი
ტვინ პიკსი,ტ,Film,ფილმი
ტვინ პიქსი,ტ,Film,ფილმი
ტვინ პიქსი მომყევი,ტ,Film,ფილმი
"ტვინ პიქსი მომყევი, ცეცხლო",ტ,Film,ფილმი
"ტვინ პიქსი: მომყევი, ცეცხლო",ტ,Film,ფილმი
ტვიროსი,ტ,City,ქალაქი
ტი პორტ-დე-პაიქსი,ტ,City,ქალაქი
ტიადიაიე,ტ,City,ქალაქი
ტიამპატსაკი,ტ,City,ქალაქი
ტიანენი,ტ,City,ქალაქი
ტიანძინი,ტ,City,ქალაქი
ტიბატი,ტ,City,ქალაქი
ტიბერია,ტ,City,ქალაქი
ტიბირი,ტ,City,ქალაქი
ტიბრი,ტ,River,მდინარე
ტიბურონი,ტ,City,ქალაქი
ტიგროსი,ტ,River,მდინარე
ტიებო,ტ,City,ქალაქი
ტიერა ოსკურა,ტ,City,ქალაქი
ტიერა-ოსკურა,ტ,City,ქალაქი
ტიერაოსკურა,ტ,City,ქალაქი
ტივატი,ტ,City,ქალაქი
ტიზნიტი,ტ,City,ქალაქი
ტიია,ტ,City,ქალაქი
ტიკიპაია,ტ,City,ქალაქი
ტიკო,ტ,City,ქალაქი
ტიკუანტეპე,ტ,City,ქალაქი
ტილაბერი,ტ,City,ქალაქი
ტილარანი,ტ,City,ქალაქი
ტილბურგი,ტ,City,ქალაქი
ტილი,ტ,City,ქალაქი
ტილიანა,ტ,River,მდინარე
ტილიანი,ტ,River,მდინარე
ტიმა,ტ,City,ქალაქი
ტიმარუ,ტ,City,ქალაქი
ტიმი,ტ,City,ქალაქი
ტიმიზარტი,ტ,City,ქალაქი
ტიმიმუნი,ტ,City,ქალაქი
ტიმინსი,ტ,City,ქალაქი
ტიმიში,ტ,River,მდინარე
ტიმიშოარა,ტ,City,ქალაქი
ტიმოთე,ტ,Name,სახელი
ტიმოკი,ტ,River,მდინარე
ტიმორ-ლესტე,ტ,Country,ქვეყანა
ტინგეირი,ტ,City,ქალაქი
ტინგო-მარია,ტ,City,ქალაქი
ტიოლო,ტ,City,ქალაქი
ტიონკ-ესილი,ტ,City,ქალაქი
ტიპასა,ტ,City,ქალაქი
ტიპერერი,ტ,City,ქალაქი
ტიპიტაპა,ტ,City,ქალაქი
ტირათ-კარმელი,ტ,City,ქალაქი
ტირანა,ტ,City,ქალაქი
ტირასპოლი,ტ,City,ქალაქი
ტირგოვიშტე,ტ,City,ქალაქი
ტირგუ მურეში,ტ,City,ქალაქი
ტირგუ ჟიუ,ტ,City,ქალაქი
ტირგუ-მურეში,ტ,City,ქალაქი
ტირგუ-ნიამცი,ტ,City,ქალაქი
ტირგუ-ჟიუ,ტ,City,ქალაქი
ტირგუ-სეკუიესკი,ტ,City,ქალაქი
ტირგუმურეში,ტ,City,ქალაქი
ტირგუჟიუ,ტ,City,ქალაქი
ტირელი,ტ,City,ქალაქი
ტირვა,ტ,City,ქალაქი
ტირი,ტ,City,ქალაქი
ტირიფი,ტ,Plant,მცენარე
ტირნავა-მარე,ტ,River,მდინარე
ტირუნელველი,ტ,City,ქალაქი
ტირუპური,ტ,City,ქალაქი
ტირუჩირაპალი,ტ,City,ქალაქი
ტირჰანიმინე,ტ,City,ქალაქი
ტისა,ტ,River,მდინარე
ტისავაშვარი,ტ,City,ქალაქი
ტისაუივაროში,ტ,City,ქალაქი
ტისმა,ტ,City,ქალაქი
ტისტა,ტ,River,მდინარე
ტიტა,ტ,Plant,მცენარე
ტიტანიკი,ტ,Film,ფილმი
ტიტარისიოსი,ტ,River,მდინარე
ტიტასი,ტ,River,მდინარე
ტიტე,ტ,Name,სახელი
ტიტუვენელიაი,ტ,City,ქალაქი
ტიუბინგენი,ტ,City,ქალაქი
ტიუდორები,ტ,Film,ფილმი
ტიური,ტ,City,ქალაქი
ტიფლეტი,ტ,City,ქალაქი
ტიქი,ტ,City,ქალაქი
ტიჩინო,ტ,River,მდინარე
ტიციანი,ტ,Name,სახელი
ტიხუანა,ტ,City,ქალაქი
ტიხუანი,ტ,City,ქალაქი
ტკბილი,ტ,Film,ფილმი
ტკბილი და საძაგელი,ტ,Film,ფილმი
ტკბილი ნოემბერი,ტ,Film,ფილმი
ტკბილი ცხოვრება,ტ,Film,ფილმი
ტკიპა,ტ,Animal,ცხოველი
ტკუარჩალი,ტ,City,ქალაქი
ტლაკეპაკე,ტ,City,ქალაქი
ტლალნეპანტლა,ტ,City,ქალაქი
ტლალნეპანტლა დე ბასი,ტ,City,ქალაქი
ტლალნეპანტლა-დე-ბასი,ტ,City,ქალაქი
ტლალნეპანტლადებასი,ტ,City,ქალაქი
ტლასკალა,ტ,City,ქალაქი
ტლემსენი,ტ,City,ქალაქი
ტოა,ტ,River,მდინარე
ტოამასინა,ტ,City,ქალაქი
ტოამუა,ტ,City,ქალაქი
ტობა,ტ,River,მდინარე
ტობა-ტეკ-სინგჰი,ტ,City,ქალაქი
ტობატი,ტ,City,ქალაქი
ტობერკარი,ტ,City,ქალაქი
ტობლერონი,ტ,Food,საკვები
ტობოლი,ტ,River,მდინარე
ტობოსი,ტ,City,ქალაქი
ტობრუკი,ტ,City,ქალაქი
ტოგო,ტ,Country,ქვეყანა
ტოგოს რესპუბლიკა,ტ,Country,ქვეყანა
ტოდოროვო,ტ,City,ქალაქი
ტოვუზი,ტ,City,ქალაქი
ტოზერი,ტ,City,ქალაქი
ტოიამა,ტ,City,ქალაქი
ტოიზიჩი,ტ,City,ქალაქი
ტოილა,ტ,City,ქალაქი
ტოიონაკა,ტ,City,ქალაქი
ტოიოტა,ტ,City,ქალაქი
ტოიოჰაში,ტ,City,ქალაქი
ტოკანტინსი,ტ,River,მდინარე
ტოკატი,ტ,City,ქალაქი
ტოკაჩე-ნუევო,ტ,City,ქალაქი
ტოკელაუ,ტ,Country,ქვეყანა
ტოკვა'ტ,ტ,Food,საკვები
ტოკვა'ტ ბაბოი,ტ,Food,საკვები
ტოკიო,ტ,City,ქალაქი
ტოკოა,ტ,City,ქალაქი
ტოკონსე,ტ,River,მდინარე
ტოკოპილია,ტ,City,ქალაქი
ტოკოროა,ტ,City,ქალაქი
ტოკოროძავა,ტ,City,ქალაქი
ტოკუმენი,ტ,City,ქალაქი
ტოკუშიმა,ტ,City,ქალაქი
ტოლა,ტ,City,ქალაქი
ტოლგა,ტ,City,ქალაქი
ტოლე,ტ,City,ქალაქი
ტოლედო,ტ,City,ქალაქი
ტოლიარა,ტ,City,ქალაქი
ტოლმინი,ტ,City,ქალაქი
ტოლუკა,ტ,City,ქალაქი
ტომ ჯონსი,ტ,Film,ფილმი
ტომაზო,ტ,City,ქალაქი
ტომარი,ტ,City,ქალაქი
ტომას-გომენსორო,ტ,City,ქალაქი
ტომასიკი,ტ,City,ქალაქი
ტომატი,ტ,Plant,მცენარე
ტომაშუვ-მაზოვეცკი,ტ,City,ქალაქი
ტომბუქტუ,ტ,City,ქალაქი
ტომე,ტ,City,ქალაქი
ტომი,ტ,Film,ფილმი
ტომი და ჯერი,ტ,Film,ფილმი
ტომი და ჯერი ვილი ვონკა და შოკოლადის ქარხანა,ტ,Film,ფილმი
ტომი და ჯერი: ვილი ვონკა და შოკოლადის ქარხანა,ტ,Film,ფილმი
ტომისლავგრადი,ტ,City,ქალაქი
ტომონდე,ტ,City,ქალაქი
ტონაკატეპეკე,ტ,City,ქალაქი
ტონალა,ტ,City,ქალაქი
ტონგა,ტ,City,ქალაქი
ტონგერი,ტ,City,ქალაქი
ტონგის სამეფო,ტ,Country,ქვეყანა
ტონგსა,ტ,City,ქალაქი
ტონდელა,ტ,City,ქალაქი
ტონდერი,ტ,City,ქალაქი
ტონდუჩონი,ტ,City,ქალაქი
ტონოსი,ტ,City,ქალაქი
ტონჩევცი,ტ,City,ქალაქი
ტონჯი,ტ,City,ქალაქი
ტოოცე,ტ,City,ქალაქი
ტორბეკი,ტ,City,ქალაქი
ტორდერა,ტ,River,მდინარე
ტორე ანუნციატა,ტ,City,ქალაქი
ტორე-ანუნციატა,ტ,City,ქალაქი
ტორე-დელ-გრეკო,ტ,City,ქალაქი
ტორეანუნციატა,ტ,City,ქალაქი
ტორევიეხა,ტ,City,ქალაქი
ტორეზი,ტ,City,ქალაქი
ტორელოდონესი,ტ,City,ქალაქი
ტორენტი,ტ,City,ქალაქი
ტორეონი,ტ,City,ქალაქი
ტორეშ ვედრაში,ტ,City,ქალაქი
ტორეშ ნოვაში,ტ,City,ქალაქი
ტორეშ-ვედრაში,ტ,City,ქალაქი
ტორეშ-ნოვაში,ტ,City,ქალაქი
ტორეშვედრაში,ტ,City,ქალაქი
ტორეშნოვაში,ტ,City,ქალაქი
ტორეხონ დე არდოსი,ტ,City,ქალაქი
ტორეხონ-დე-არდოსი,ტ,City,ქალაქი
ტორეხონდეარდოსი,ტ,City,ქალაქი
ტორვა,ტ,City,ქალაქი
ტორიტი,ტ,City,ქალაქი
ტორკუი,ტ,City,ქალაქი
ტორლაკსშიობნი,ტ,City,ქალაქი
ტორლაკსჰოფნი,ტ,City,ქალაქი
ტორნბი,ტ,City,ქალაქი
ტორნიო,ტ,City,ქალაქი
ტოროკსენტმიკლოში,ტ,City,ქალაქი
ტოროლას,ტ,Film,ფილმი
ტოროლას ბუდე,ტ,Film,ფილმი
ტორონტო,ტ,City,ქალაქი
ტორსა,ტ,River,მდინარე
ტორსენის,ტ,Film,ფილმი
ტორსენის მედალიონი,ტ,Film,ფილმი
ტორსჰავნი,ტ,City,ქალაქი
ტორსჰოფნი,ტ,City,ქალაქი
ტორუნი,ტ,City,ქალაქი
ტოსაგუა,ტ,City,ქალაქი
ტოსონცენგელი,ტ,City,ქალაქი
ტოსტი,ტ,Food,საკვები
ტოსტი საქონლის ენით,ტ,Food,საკვები
ტოსტრუპი,ტ,City,ქალაქი
ტოტნესი,ტ,City,ქალაქი
ტოტონიკაპანი,ტ,City,ქალაქი
ტრNovეცი,ტ,City,ქალაქი
ტრაბიზონი,ტ,City,ქალაქი
ტრავნიკი,ტ,City,ქალაქი
ტრაიგენი,ტ,City,ქალაქი
ტრაისკირხენი,ტ,City,ქალაქი
ტრაკაი,ტ,City,ქალაქი
ტრაკაია,ტ,City,ქალაქი
ტრალი,ტ,City,ქალაქი
ტრამვაი,ტ,Film,ფილმი
ტრამვაი სახელად სურვილი,ტ,Film,ფილმი
ტრამორი,ტ,City,ქალაქი
ტრანბერგი,ტ,City,ქალაქი
ტრანგი,ტ,City,ქალაქი
ტრანკერასი,ტ,City,ქალაქი
ტრანკოზუ,ტ,City,ქალაქი
ტრანოსი,ტ,City,ქალაქი
ტრანსფორმერები,ტ,Film,ფილმი
ტრანსფორმერები მთვარის ბნელი,ტ,Film,ფილმი
ტრანსფორმერები მთვარის ბნელი მხარე,ტ,Film,ფილმი
ტრანსფორმერები: მთვარის ბნელი მხარე,ტ,Film,ფილმი
ტრაპანი,ტ,City,ქალაქი
ტრაპიზონი,ტ,City,ქალაქი
ტრარალგონი,ტ,City,ქალაქი
ტრას სეროზი,ტ,City,ქალაქი
ტრასა,ტ,Film,ფილმი
ტრასა 60,ტ,Film,ფილმი
ტრაუნი,ტ,City,ქალაქი
ტრბოვლიე,ტ,City,ქალაქი
ტრებინიე,ტ,City,ქალაქი
ტრებნიე,ტ,City,ქალაქი
ტრევიზო,ტ,City,ქალაქი
ტრეინტა ი ტრესი,ტ,City,ქალაქი
ტრეინტა-ი-ტრესი,ტ,City,ქალაქი
ტრეინტაიტრესი,ტ,City,ქალაქი
ტრეისი,ტ,Film,ფილმი
ტრელებორგი,ტ,City,ქალაქი
ტრელეუ,ტ,City,ქალაქი
ტრენზა,ტ,Food,საკვები
ტრენი,ტ,City,ქალაქი
ტრენტო,ტ,City,ქალაქი
ტრეს აროიოსი,ტ,City,ქალაქი
ტრეს რიოსი,ტ,City,ქალაქი
ტრზინი,ტ,City,ქალაქი
ტრიავნა,ტ,City,ქალაქი
ტრიესტი,ტ,City,ქალაქი
ტრიზენბერგი,ტ,City,ქალაქი
ტრიზენი,ტ,City,ქალაქი
ტრიკალა,ტ,City,ქალაქი
ტრიკომო,ტ,City,ქალაქი
ტრიმი,ტ,City,ქალაქი
ტრინდადი,ტ,City,ქალაქი
ტრინიდადი,ტ,City,ქალაქი
ტრინიდადი და ტობაგო,ტ,Country,ქვეყანა
ტრინიდადი და ტობაგოს რესპუბლიკა,ტ,Country,ქვეყანა
ტრინიტი ვილი,ტ,City,ქალაქი
ტრინკომალი,ტ,City,ქალაქი
ტრიო,ტ,Film,ფილმი
ტრიო ბელვილიდან,ტ,Film,ფილმი
ტრიოლე,ტ,City,ქალაქი
ტრიპოლი,ტ,City,ქალაქი
ტრიპოლისი,ტ,City,ქალაქი
ტრირი,ტ,City,ქალაქი
ტრისტანი,ტ,Name,სახელი
ტროგირი,ტ,City,ქალაქი
ტროიანი,ტ,City,ქალაქი
ტროლჰეტანი,ტ,City,ქალაქი
ტრომსე,ტ,City,ქალაქი
ტრონგსა,ტ,City,ქალაქი
ტრონი,ტ,Film,ფილმი
ტრონი მემკვიდრეობა,ტ,Film,ფილმი
ტრონი: მემკვიდრეობა,ტ,Film,ფილმი
ტრონჰეიმი,ტ,City,ქალაქი
ტროოდო,ტ,City,ქალაქი
ტროული,ტ,City,ქალაქი
ტროფა,ტ,City,ქალაქი
ტროფაიახი,ტ,City,ქალაქი
ტრჟიჩი,ტ,City,ქალაქი
ტრუ დუ ნორდი,ტ,City,ქალაქი
ტრუა,ტ,City,ქალაქი
ტრუა-რივიერი,ტ,City,ქალაქი
ტრუავირჟი,ტ,City,ქალაქი
ტრუმენის,ტ,Film,ფილმი
ტრუმენის შოუ,ტ,Film,ფილმი
ტრურო,ტ,City,ქალაქი
ტრუფულტრუფული,ტ,River,მდინარე
ტრუხილიო,ტ,City,ქალაქი
ტრუჯილო,ტ,City,ქალაქი
ტრ扎ჩკა რასტელა,ტ,City,ქალაქი
ტუამასინა,ტ,City,ქალაქი
ტუამი,ტ,City,ქალაქი
ტუასივი,ტ,City,ქალაქი
ტუატაპერე,ტ,City,ქალაქი
ტუაფსე,ტ,City,ქალაქი
ტუბიზი,ტ,City,ქალაქი
ტუბმანბურგი,ტ,City,ქალაქი
ტუბუალა,ტ,City,ქალაქი
ტუგეგარაო,ტ,City,ქალაქი
ტუგურტი,ტ,City,ქალაქი
ტუვალუ,ტ,Country,ქვეყანა
ტუვუმბა,ტ,City,ქალაქი
ტუზლა,ტ,City,ქალაქი
ტუია,ტ,Plant,მცენარე
ტუკრა,ტ,City,ქალაქი
ტუკუმსი,ტ,City,ქალაქი
ტუკუპიტა,ტ,City,ქალაქი
ტულა,ტ,City,ქალაქი
ტულაგი,ტ,City,ქალაქი
ტულიარა,ტ,City,ქალაქი
ტულნი,ტ,City,ქალაქი
ტულონი,ტ,City,ქალაქი
ტულპანი,ტ,Plant,მცენარე
ტულტიტლან დე მარიანო ესკობედო,ტ,City,ქალაქი
ტულტიტლან-დე-მარიანო-ესკობედო,ტ,City,ქალაქი
ტულტიტლანდემარიანოესკობედო,ტ,City,ქალაქი
ტულუზა,ტ,City,ქალაქი
ტულჩა,ტ,City,ქალაქი
ტუმბა,ტ,City,ქალაქი
ტუმბესი,ტ,City,ქალაქი
ტუმენი,ტ,River,მდინარე
ტუნგი,ტ,City,ქალაქი
ტუნგიპარა,ტ,City,ქალაქი
ტუნისი,ტ,City,ქალაქი
ტუნისის რესპუბლიკა,ტ,Country,ქვეყანა
ტუნჯა,ტ,River,მდინარე
ტუპელო,ტ,City,ქალაქი
ტუპისა,ტ,City,ქალაქი
ტურა,ტ,Animal,ცხოველი
ტურანგი,ტ,City,ქალაქი
ტურბა,ტ,City,ქალაქი
ტურბატი,ტ,City,ქალაქი
ტურბო,ტ,Film,ფილმი
ტურგოვიშტე,ტ,City,ქალაქი
ტურგუტლუ,ტ,City,ქალაქი
ტურდა,ტ,City,ქალაქი
ტური,ტ,City,ქალაქი
ტურია,ტ,River,მდინარე
ტურილიაბა,ტ,City,ქალაქი
ტურინი,ტ,City,ქალაქი
ტურისტი,ტ,Film,ფილმი
ტურკა,ტ,River,მდინარე
ტურკუ,ტ,City,ქალაქი
ტურკუენი,ტ,City,ქალაქი
ტურმერო,ტ,City,ქალაქი
ტურნაი,ტ,City,ქალაქი
ტურნეელვენი,ტ,River,მდინარე
ტურნეფსი,ტ,Food,საკვები
ტურნუ-მეგურელე,ტ,City,ქალაქი
ტურნჰაუტი,ტ,City,ქალაქი
ტურსუნზოდა,ტ,City,ქალაქი
ტურფა,ტ,Name,სახელი
ტურჰალი,ტ,City,ქალაქი
ტუსონი,ტ,City,ქალაქი
ტუსტლა გუტიერესი,ტ,City,ქალაქი
ტუსტლა-გუტიერესი,ტ,City,ქალაქი
ტუსტლაგუტიერესი,ტ,City,ქალაქი
ტუსულა,ტ,City,ქალაქი
ტუტრაკანი,ტ,City,ქალაქი
ტუტსი,ტ,Film,ფილმი
ტუფულელე,ტ,City,ქალაქი
ტუფუტაფოე,ტ,City,ქალაქი
ტუშფა,ტ,City,ქალაქი
ტუხა,ტ,Name,სახელი
ტუხტი,ტ,Plant,მცენარე
ტყემალი,ტ,Plant,მცენარე
ტყვარჩელი,ტ,City,ქალაქი
ტყიბულა,ტ,River,მდინარე
ტყიბული,ტ,City,ქალაქი
ტყის,ტ,Film,ფილმი
ტყის საძმო,ტ,Film,ფილმი
ტყლაპი,ტ,Food,საკვები
ტშოლირე,ტ,City,ქალაქი
ტჩევი,ტ,City,ქალაქი
ტჰიმფუ,ტ,City,ქალაქი
უაგადუგუ,უ,City,ქალაქი
უადანი,უ,City,ქალაქი
უადდა,უ,City,ქალაქი
უაზანი,უ,City,ქალაქი
უაი,უ,River,მდინარე
უაიტჰორსი,უ,City,ქალაქი
უალამი,უ,City,ქალაქი
უალიაგა,უ,River,მდინარე
უალმაი,უ,City,ქალაქი
უამაჩუკო,უ,City,ქალაქი
უამბო,უ,City,ქალაქი
უანამინტე,უ,City,ქალაქი
უანანი,უ,City,ქალაქი
უანგარეი,უ,City,ქალაქი
უანგო,უ,City,ქალაქი
უანი,უ,City,ქალაქი
უანკაველიკა,უ,City,ქალაქი
უანკაიო,უ,City,ქალაქი
უანტა,უ,City,ქალაქი
უანუკო,უ,City,ქალაქი
უარალი,უ,City,ქალაქი
უარასი,უ,City,ქალაქი
უარზაზატი,უ,City,ქალაქი
უარმეი,უ,City,ქალაქი
უაუნდე,უ,City,ქალაქი
უაურა,უ,City,ქალაქი
უაფატო,უ,City,ქალაქი
უაჩო,უ,City,ქალაქი
უბანგი,უ,River,მდინარე
უბე,უ,City,ქალაქი
უბერაბა,უ,City,ქალაქი
უბერლანდია,უ,City,ქალაქი
უბის,უ,Film,ფილმი
უბის წიგნაკი,უ,Film,ფილმი
უბონ-რაჩათანი,უ,City,ქალაქი
უბორტი,უ,River,მდინარე
უბრალო,უ,Film,ფილმი
უბრალო ფაბრიკის გოგონა,უ,Film,ფილმი
უბრალოდ,უ,Film,ფილმი
უბრალოდ სისხლი,უ,Film,ფილმი
უბრალოდ შენში,უ,Film,ფილმი
უბუნდუ,უ,City,ქალაქი
უგაბი,უ,River,მდინარე
უგანდა,უ,Country,ქვეყანა
უგანდის რესპუბლიკა,უ,Country,ქვეყანა
უგეპი,უ,City,ქალაქი
უგუფაარუ,უ,City,ქალაქი
უდაიპური,უ,City,ქალაქი
უდანაშაულო,უ,Film,ფილმი
უდარდელი,უ,Film,ფილმი
უდევალა,უ,City,ქალაქი
უდენი,უ,City,ქალაქი
უდინე,უ,City,ქალაქი
უდიპლომო,უ,Film,ფილმი
უდიპლომო სასიძო,უ,Film,ფილმი
უდონ-თანი,უ,City,ქალაქი
უები-შაბელე,უ,River,მდინარე
უედ რიჰუ,უ,City,ქალაქი
უედ ფოდდა,უ,City,ქალაქი
უედ-ზემი,უ,City,ქალაქი
უედ-ლილი,უ,City,ქალაქი
უედა,უ,City,ქალაქი
უეიკფილდი,უ,City,ქალაქი
უელა,უ,City,ქალაქი
უელე,უ,River,მდინარე
უელვა,უ,City,ქალაქი
უელინგტონი,უ,City,ქალაქი
უელსი,უ,Country,ქვეყანა
უემე,უ,River,მდინარე
უენსდეი,უ,Film,ფილმი
უესტ ალისი,უ,City,ქალაქი
უესტ-ალისი,უ,City,ქალაქი
უესტალისი,უ,City,ქალაქი
უესტპორტი,უ,City,ქალაქი
უეტერზენი,უ,City,ქალაქი
უექსფორდი,უ,City,ქალაქი
უეცრად,უ,Film,ფილმი
უეცრად გასულ ზაფხულს,უ,Film,ფილმი
"უეცრად, გასულ ზაფხულს",უ,Film,ფილმი
უეჰუეტენანგო,უ,City,ქალაქი
უვაილი,უ,City,ქალაქი
უვირა,უ,City,ქალაქი
უზბაკეთი,უ,Country,ქვეყანა
უზბეკეთი,უ,Country,ქვეყანა
უზბეკეთის რესპუბლიკა,უ,Country,ქვეყანა
უზეირი,უ,City,ქალაქი
უზო,უ,Food,საკვები
უზომოდ,უ,Film,ფილმი
უზომოდ შეყვარებული,უ,Film,ფილმი
უთხოვარი,უ,Plant,მცენარე
უიანდინა,უ,River,მდინარე
უიდა,უ,City,ქალაქი
უიკლოუ,უ,City,ქალაქი
უილიამი,უ,Name,სახელი
უილიამსფილდი,უ,City,ქალაქი
უილმინგტონი,უ,City,ქალაქი
უინიპეგი,უ,City,ქალაქი
უინძორი,უ,City,ქალაქი
უიჟე,უ,City,ქალაქი
უისკილუკანი,უ,City,ქალაქი
უიტბენკი,უ,City,ქალაქი
უიტენჰაგე,უ,City,ქალაქი
უიფეჰერტო,უ,City,ქალაქი
უიღბლონი,უ,Film,ფილმი
უიჯუ,უ,City,ქალაქი
უკადრისა,უ,Plant,მცენარე
უკაიალი,უ,River,მდინარე
უკან,უ,Film,ფილმი
უკან დასახევი გზა,უ,Film,ფილმი
უკან დასახევი გზა არ არის,უ,Film,ფილმი
უკან მომავალში,უ,Film,ფილმი
უკან მომავალში ii,უ,Film,ფილმი
უკან მომავალში iii,უ,Film,ფილმი
უკან მოუხედავად გაიქეცი,უ,Film,ფილმი
უკანასკნელი,უ,Film,ფილმი
უკანასკნელი ადამიანი დედამიწაზე,უ,Film,ფილმი
უკანასკნელი ბრძანება,უ,Film,ფილმი
უკანასკნელი დუელი,უ,Film,ფილმი
უკანასკნელი იმპერატორი,უ,Film,ფილმი
უკანასკნელი კინოსეანსი,უ,Film,ფილმი
უკანასკნელი მამაკაცი დედამიწაზე,უ,Film,ფილმი
უკანასკნელი მასკარადი,უ,Film,ფილმი
უკანასკნელი მიმზი,უ,Film,ფილმი
უკანასკნელი მოჰიკანი,უ,Film,ფილმი
უკანასკნელი რაზმი,უ,Film,ფილმი
უკანასკნელი სამურაი,უ,Film,ფილმი
უკანასკნელი სიმღერა,უ,Film,ფილმი
უკანასკნელი ჩვენგანი,უ,Film,ფილმი
უკანასკნელი ჯვაროსნები,უ,Film,ფილმი
უკვდავები,უ,Film,ფილმი
უკვდავები სამყაროების ომი,უ,Film,ფილმი
უკვდავები: სამყაროების ომი,უ,Film,ფილმი
უკვდავების,უ,Film,ფილმი
უკვდავების თეთრი ვარდი,უ,Film,ფილმი
უკმერგე,უ,City,ქალაქი
უკრაინა,უ,Country,ქვეყანა
ულაანგომი,უ,City,ქალაქი
ულად-თეიმა,უ,City,ქალაქი
ულან ბატორი,უ,City,ქალაქი
ულან-ბატორი,უ,City,ქალაქი
ულანბატორი,უ,City,ქალაქი
ულბროკა,უ,City,ქალაქი
ულვილა,უ,City,ქალაქი
ულიანა,უ,Name,სახელი
ულიგა,უ,City,ქალაქი
ულიმანგი,უ,City,ქალაქი
ულის,უ,Film,ფილმი
ულის ოქრო,უ,Film,ფილმი
ულმი,უ,City,ქალაქი
ულონგუე,უ,City,ქალაქი
ულტრავიოლეტი,უ,Film,ფილმი
ულუ ტირამი,უ,City,ქალაქი
ულცინი,უ,City,ქალაქი
ულჰასნაგარი,უ,City,ქალაქი
უმ ელ რიზამი,უ,City,ქალაქი
უმ-ალ-ყიტაინი,უ,City,ქალაქი
უმ-ას-სუმაყი,უ,City,ქალაქი
უმ-ბაბი,უ,City,ქალაქი
უმ-ელ-რიზამი,უ,City,ქალაქი
უმ-ელ-ფაჰმი,უ,City,ქალაქი
უმ-კადადა,უ,City,ქალაქი
უმ-რუვაბა,უ,City,ქალაქი
უმ-სალალ მუჰამადი,უ,City,ქალაქი
უმ-ყაისი,უ,City,ქალაქი
უმ-ჯარი,უ,City,ქალაქი
უმაგი,უ,City,ქალაქი
უმანკოების,უ,Film,ფილმი
უმანკოების ხანა,უ,Film,ფილმი
უმარი,უ,Name,სახელი
უმაღლესი,უ,Film,ფილმი
უმაღლესი ერთგულება,უ,Film,ფილმი
უმბერტო,უ,Name,სახელი
უმბერტო დ,უ,Film,ფილმი
უმეელვენი,უ,River,მდინარე
უმელრიზამი,უ,City,ქალაქი
უმეო,უ,City,ქალაქი
უმერკოტი,უ,City,ქალაქი
უმი,უ,City,ქალაქი
უმიზეზოდ,უ,Film,ფილმი
უმიზეზოდ ამბოხებული,უ,Film,ფილმი
უმნიშვნელო,უ,Film,ფილმი
უმნიშვნელო ნუგეში,უ,Film,ფილმი
უმტატა,უ,City,ქალაქი
უმუაჰია,უ,City,ქალაქი
უნაბი,უ,Plant,მცენარე
უნგარანი,უ,City,ქალაქი
უნგრეთი,უ,Country,ქვეყანა
უნგრული,უ,Food,საკვები
უნგრული ღვინო,უ,Food,საკვები
უნგსანგ-ნოდონგჯაგუ,უ,City,ქალაქი
უნიე,უ,City,ქალაქი
უნიონ დე რეიესი,უ,City,ქალაქი
უნიონ-დე-რეიესი,უ,City,ქალაქი
უნიონდერეიესი,უ,City,ქალაქი
უნჟა,უ,River,მდინარე
უნტერშტრასი,უ,City,ქალაქი
უოკეშო,უ,City,ქალაქი
უოლ-სტრიტის,უ,Film,ფილმი
უოლ-სტრიტის მგელი,უ,Film,ფილმი
უოლფიშ ბეი,უ,City,ქალაქი
უოლფიშ-ბეი,უ,City,ქალაქი
უოლფიშბეი,უ,City,ქალაქი
უონგანუი,უ,City,ქალაქი
უოტერფორდი,უ,City,ქალაქი
უპალა,უ,City,ქალაქი
უპერნავიკი,უ,City,ქალაქი
უპესგრივა,უ,City,ქალაქი
უპლანდს-ვესბიუ,უ,City,ქალაქი
უჟდა,უ,City,ქალაქი
უჟჰოროდი,უ,City,ქალაქი
ურა ვაჯურორე,უ,City,ქალაქი
ურაველი,უ,River,მდინარე
ურალი,უ,River,მდინარე
ურალსკი,უ,City,ქალაქი
ურბანო ნორისი,უ,City,ქალაქი
ურბანო-ნორისი,უ,City,ქალაქი
ურბანონორისი,უ,City,ქალაქი
ურბინო,უ,City,ქალაქი
ურბნისის ნაქალაქარი,უ,City,ქალაქი
ურგუფი,უ,City,ქალაქი
ურდანეტა,უ,City,ქალაქი
ურეკი,უ,City,ქალაქი
ურთმელი,უ,Plant,მცენარე
ურთხელი,უ,Plant,მცენარე
ურთხმელა,უ,Plant,მცენარე
ურთხმელი,უ,Plant,მცენარე
ური,უ,River,მდინარე
ურის ზიქურათი,უ,City,ქალაქი
ურმია,უ,City,ქალაქი
ურნაბი,უ,Plant,მცენარე
ურო-სოგი,უ,City,ქალაქი
ურომი,უ,City,ქალაქი
ურჟარი,უ,City,ქალაქი
ურსულა,უ,Name,სახელი
ურტხმელი,უ,Plant,მცენარე
ურუაპან-დელ-პროგრესო,უ,City,ქალაქი
ურუბამბა,უ,River,მდინარე
ურუგვაი,უ,Country,ქვეყანა
ურუგვაის აღმოსავლეთი რესპუბლიკა,უ,Country,ქვეყანა
ურუზგანი,უ,City,ქალაქი
ურუმქი,უ,City,ქალაქი
ურუმჩი,უ,City,ქალაქი
ურუხი,უ,River,მდინარე
უსახელაური,უ,Plant,მცენარე
უსახელო,უ,Film,ფილმი
უსახელო მწერალი,უ,Film,ფილმი
უსახელო ნაბიჭვრები,უ,Film,ფილმი
უსახლკარო,უ,Film,ფილმი
უსახლკარო ძაღლი,უ,Film,ფილმი
უსიკაუპუნკი,უ,City,ქალაქი
უსტერი,უ,City,ქალაქი
უსტუპო,უ,City,ქალაქი
უსუიე,უ,City,ქალაქი
უსულუტანი,უ,City,ქალაქი
უსუმასინტა,უ,River,მდინარე
უსური,უ,River,მდინარე
უტა,უ,Name,სახელი
უტარადიტი,უ,City,ქალაქი
უტენა,უ,City,ქალაქი
უტიროა,უ,City,ქალაქი
უტიფრები,უ,Film,ფილმი
უტრეხტი,უ,City,ქალაქი
უტრეხტსე-ვეხტი,უ,River,მდინარე
უუმანაკი,უ,City,ქალაქი
უუმოისა,უ,City,ქალაქი
უუნგონი,უ,City,ქალაქი
უურე-გოლი,უ,River,მდინარე
უფა,უ,River,მდინარე
უფლისციხე,უ,City,ქალაქი
უფლისწულ,უ,Film,ფილმი
უფლისწულ აჰმედის თავგადასავლები,უ,Film,ფილმი
უფსალა,უ,City,ქალაქი
უშანგი,უ,Name,სახელი
უშაქი,უ,City,ქალაქი
უშთობე,უ,City,ქალაქი
უშიშა,უ,Name,სახელი
უშნო,უ,Film,ფილმი
უშტობე,უ,City,ქალაქი
უშუაია,უ,City,ქალაქი
უჩა,უ,Name,სახელი
უჩისა,უ,City,ქალაქი
უჩუსუმა,უ,River,მდინარე
უცნაური,უ,Film,ფილმი
უცნაური ამბები,უ,Film,ფილმი
უცნაური ანასტასია,უ,Film,ფილმი
უცუნომია,უ,City,ქალაქი
უცხო,უ,Film,ფილმი
უცხო აღთქმა,უ,Film,ფილმი
უცხო რომულუსი,უ,Film,ფილმი
უცხო: აღთქმა,უ,Film,ფილმი
უცხო: რომულუსი,უ,Film,ფილმი
უცხოელი,უ,Film,ფილმი
უცხოელი კორესპონდენტი,უ,Film,ფილმი
უცხოპლანეტელი,უ,Film,ფილმი
უძინართა,უ,Film,ფილმი
უძინართა მზე,უ,Film,ფილმი
უძინარნი,უ,Film,ფილმი
უძინარნი სიეტლში,უ,Film,ფილმი
უხერხული,უ,Film,ფილმი
უხერხული სიმართლე,უ,Film,ფილმი
უჯაინი,უ,City,ქალაქი
უჯარი,უ,City,ქალაქი
უჰანი,უ,City,ქალაქი
უჰოზი,უ,City,ქალაქი
ფაბორგი,ფ,City,ქალაქი
ფაგამალო,ფ,City,ქალაქი
ფაეტონი,ფ,City,ქალაქი
ფავა,ფ,Food,საკვები
ფაველა,ფ,City,ქალაქი
ფავორიტი,ფ,Film,ფილმი
ფათიჰი,ფ,Film,ფილმი
ფაია,ფ,City,ქალაქი
ფაიააი,ფ,City,ქალაქი
ფაიზაბადი,ფ,City,ქალაქი
ფაისალაბადი,ფ,City,ქალაქი
ფაკატანე,ფ,City,ქალაქი
ფაკერების,ფ,Film,ფილმი
ფაკერების გაცნობა,ფ,Film,ფილმი
ფალაბორვა,ფ,City,ქალაქი
ფალამი,ფ,City,ქალაქი
ფალგუ,ფ,River,მდინარე
ფალეატიუ,ფ,City,ქალაქი
ფალევაო,ფ,City,ქალაქი
ფალელიმა,ფ,City,ქალაქი
ფალეპუნა,ფ,City,ქალაქი
ფალეულა,ფ,City,ქალაქი
ფალეფა,ფ,City,ქალაქი
ფალკენბერგი,ფ,City,ქალაქი
ფალკოპინგი,ფ,City,ქალაქი
ფალმუთი,ფ,City,ქალაქი
ფალომბე,ფ,City,ქალაქი
ფალუნი,ფ,City,ქალაქი
ფალუჯა,ფ,City,ქალაქი
ფამაგუსტა,ფ,City,ქალაქი
ფამბაკი,ფ,River,მდინარე
ფამფარა,ფ,Plant,მცენარე
ფანგამატა,ფ,City,ქალაქი
ფანგარეი,ფ,City,ქალაქი
ფანგჰიონ-დონგი,ფ,City,ქალაქი
ფანდრიანა,ფ,City,ქალაქი
ფანზერეში,ფ,City,ქალაქი
ფანი,ფ,Film,ფილმი
ფანი და ალექსანდერი,ფ,Film,ფილმი
ფანიპოლი,ფ,City,ქალაქი
ფანტა,ფ,Food,საკვები
ფანტაზია,ფ,Film,ფილმი
ფანტაზია 2000,ფ,Film,ფილმი
ფანტომასი,ფ,Film,ფილმი
ფანჯაკენტი,ფ,City,ქალაქი
ფანჯარა,ფ,Film,ფილმი
ფანჯარა ეზოს მხარეს,ფ,Film,ფილმი
ფანჯი,ფ,City,ქალაქი
ფარავანი,ფ,River,მდინარე
ფარაფანგანა,ფ,City,ქალაქი
ფარაციჰო,ფ,City,ქალაქი
ფარახი,ფ,City,ქალაქი
ფარგო,ფ,City,ქალაქი
ფარენჰაიტი,ფ,Film,ფილმი
ფარენჰაიტი 451,ფ,Film,ფილმი
ფარერის კუნძულები,ფ,Country,ქვეყანა
ფართოდ,ფ,Film,ფილმი
ფართოდ დახუჭული თვალებით,ფ,Film,ფილმი
ფარიდაბადი,ფ,City,ქალაქი
ფარიდპური,ფ,City,ქალაქი
ფარნავაზ,ფ,Name,სახელი
ფარნავაზი,ფ,Name,სახელი
ფარნაოზ,ფ,Name,სახელი
ფაროეს კუნძულები,ფ,Country,ქვეყანა
ფარსადან,ფ,Name,სახელი
ფარსადანი,ფ,Name,სახელი
ფარუ,ფ,City,ქალაქი
ფარუმი,ფ,City,ქალაქი
ფარშევანგი,ფ,Animal,ცხოველი
ფარხარი,ფ,City,ქალაქი
ფარხორი,ფ,City,ქალაქი
ფასანაური,ფ,City,ქალაქი
ფასინლერი,ფ,City,ქალაქი
ფასიტოუტა,ფ,City,ქალაქი
ფასკრუდსფიორდური,ფ,City,ქალაქი
ფასკუნჯი,ფ,Animal,ცხოველი
ფასტივი,ფ,City,ქალაქი
ფასუტა,ფ,City,ქალაქი
ფატალუნგი,ფ,City,ქალაქი
ფატი,ფ,Name,სახელი
ფატიკჩარი,ფ,City,ქალაქი
ფატიმა,ფ,Name,სახელი
ფატმა,ფ,Name,სახელი
ფატმან,ფ,Name,სახელი
ფატუში,ფ,Food,საკვები
ფაუსაგა,ფ,City,ქალაქი
ფაუსტი,ფ,Film,ფილმი
ფაუსტუსი,ფ,Film,ფილმი
ფაფი,ფ,City,ქალაქი
ფაფრისხევი,ფ,River,მდინარე
ფაცა,ფ,City,ქალაქი
ფაცია,ფ,Name,სახელი
ფაწა,ფ,River,მდინარე
ფაჯუ,ფ,City,ქალაქი
ფეგერაში,ფ,City,ქალაქი
ფედოსია,ფ,Name,სახელი
ფეთჰიე,ფ,City,ქალაქი
ფეიზაბადი,ფ,City,ქალაქი
ფეირა დე სატანა,ფ,City,ქალაქი
ფეისალაბადი,ფ,City,ქალაქი
ფეიხო,ფ,Plant,მცენარე
ფეიხოა,ფ,Plant,მცენარე
ფეკლაბრუკი,ფ,City,ქალაქი
ფელამუში,ფ,Food,საკვები
ფელგეირაში,ფ,City,ქალაქი
ფელდკირხენი,ფ,City,ქალაქი
ფელდკირხენი კარნტენში,ფ,City,ქალაქი
ფელდკირხი,ფ,City,ქალაქი
ფელეგე ნევაი,ფ,City,ქალაქი
ფელეშტი,ფ,City,ქალაქი
ფელიდჰუ,ფ,City,ქალაქი
ფელინის,ფ,Film,ფილმი
ფელინის სატირიკონი,ფ,Film,ფილმი
ფელტიჩენი,ფ,City,ქალაქი
ფენი,ფ,City,ქალაქი
ფენოარივო აცინანანა,ფ,City,ქალაქი
ფენოარივო ბე,ფ,City,ქალაქი
ფენტანჟი,ფ,City,ქალაქი
ფენჯვინი,ფ,City,ქალაქი
ფეოდოსია,ფ,City,ქალაქი
ფერარა,ფ,City,ქალაქი
ფერბენქსი,ფ,City,ქალაქი
ფერდენი,ფ,City,ქალაქი
ფერდინანდი,ფ,Film,ფილმი
ფერეთა,ფ,River,მდინარე
ფერეიდუნ შაჰრი,ფ,City,ქალაქი
ფერეიდუნ-შაჰრი,ფ,City,ქალაქი
ფერეიდუნშაჰრი,ფ,City,ქალაქი
ფერენიაფე,ფ,City,ქალაქი
ფერიდე,ფ,Name,სახელი
ფერიე,ფ,City,ქალაქი
ფერმენტაცია,ფ,Food,საკვები
ფერმოი,ფ,City,ქალაქი
ფერნანდო დე ლა მორა,ფ,City,ქალაქი
ფერნანდო-დე-ლა-მორა,ფ,City,ქალაქი
ფერნანდოდელამორა,ფ,City,ქალაქი
ფეროლი,ფ,City,ქალაქი
ფეს ელ ბალი,ფ,City,ქალაქი
ფეს-ელ-ბალი,ფ,City,ქალაქი
ფესელბალი,ფ,City,ქალაქი
ფესვები,ფ,Film,ფილმი
ფესი,ფ,City,ქალაქი
ფეტეშტი,ფ,City,ქალაქი
ფეტვი,ფ,Plant,მცენარე
ფეჩაბუნი,ფ,City,ქალაქი
ფეჩაბური,ფ,City,ქალაქი
ფეხშიშველი,ფ,Film,ფილმი
ფეხშიშველი გრაფინია,ფ,Film,ფილმი
ფიაინში,ფ,City,ქალაქი
ფიალა,ფ,Food,საკვები
ფიანარანცოა,ფ,City,ქალაქი
ფიანარანცუა,ფ,City,ქალაქი
ფიგეირა და ფოში,ფ,City,ქალაქი
ფიგეირა-და-ფოში,ფ,City,ქალაქი
ფიგეირადაფოში,ფ,City,ქალაქი
ფიგიგი,ფ,City,ქალაქი
ფიერ-ჩიფჩი,ფ,City,ქალაქი
ფიერზე,ფ,City,ქალაქი
ფიერი,ფ,City,ქალაქი
ფითი,ფ,City,ქალაქი
ფითრი,ფ,Plant,მცენარე
ფიკი,ფ,City,ქალაქი
ფიკუსი,ფ,Plant,მცენარე
ფილაბუსი,ფ,City,ქალაქი
ფილადელფია,ფ,City,ქალაქი
ფილახი,ფ,City,ქალაქი
ფილინგე,ფ,City,ქალაქი
ფილიპე,ფ,Name,სახელი
ფილიპი,ფ,Name,სახელი
ფილიპინები,ფ,Country,ქვეყანა
ფილიპინების რესპუბლიკა,ფ,Country,ქვეყანა
ფილიპსბურგი,ფ,City,ქალაქი
ფილოდენდრონი,ფ,Plant,მცენარე
ფინდიქლი,ფ,City,ქალაქი
ფინეთი,ფ,Country,ქვეყანა
ფინეთის რესპუბლიკა,ფ,Country,ქვეყანა
ფინვალი,ფ,Animal,ცხოველი
ფინიკი,ფ,Plant,მცენარე
ფინკა ბლანკო,ფ,City,ქალაქი
ფინკა კორედორი,ფ,City,ქალაქი
ფინკა სინკუენტა ი უნო,ფ,City,ქალაქი
ფინკა-ბლანკო,ფ,City,ქალაქი
ფინკა-კორედორი,ფ,City,ქალაქი
ფინკა-სინკუენტა-ი-უნო,ფ,City,ქალაქი
ფინკაბლანკო,ფ,City,ქალაქი
ფინკაკორედორი,ფ,City,ქალაქი
ფინკასინკუენტაიუნო,ფ,City,ქალაქი
ფინკენშტეინი ამ ფაკერის ტბაზე,ფ,City,ქალაქი
ფინოტე სელამი,ფ,City,ქალაქი
ფინშჰაფენი,ფ,City,ქალაქი
ფიონა,ფ,Name,სახელი
ფიონგჩანგი,ფ,City,ქალაქი
ფიოქსონგ-იუპი,ფ,City,ქალაქი
ფიროსმანი,ფ,Film,ფილმი
ფირსაათი,ფ,River,მდინარე
ფირუზ,ფ,Name,სახელი
ფირუზი,ფ,Name,სახელი
ფისო,ფ,Name,სახელი
ფისტა,ფ,Plant,მცენარე
ფიტიანგა,ფ,City,ქალაქი
ფიტსანულოკი,ფ,City,ქალაქი
ფიურტი,ფ,City,ქალაქი
ფიფქია,ფ,Name,სახელი
ფიფქია და მონადირე,ფ,Film,ფილმი
ფიფქია და შვიდი ჯუჯა,ფ,Film,ფილმი
ფიქრია,ფ,Name,სახელი
ფიში,ფ,River,მდინარე
ფიჩე,ფ,City,ქალაქი
ფიჩიტი,ფ,City,ქალაქი
ფიჩორა,ფ,River,მდინარე
ფიჩორი,ფ,River,მდინარე
ფიცკარალდო,ფ,Film,ფილმი
ფიჭვი,ფ,Plant,მცენარე
ფიჯი,ფ,Country,ქვეყანა
ფიჯის რესპუბლიკა,ფ,Country,ქვეყანა
ფკიჰ-ბენ-სალაჰი,ფ,City,ქალაქი
ფლამინგო,ფ,Animal,ცხოველი
ფლანკიბოლი,ფ,Food,საკვები
ფლატეირი,ფ,City,ქალაქი
ფლევრუსი,ფ,City,ქალაქი
ფლემალე-ჰაუტი,ფ,City,ქალაქი
ფლენსბურგი,ფ,City,ქალაქი
ფლერდორანჟი,ფ,Food,საკვები
ფლეში,ფ,Film,ფილმი
ფლიკ-ან-ფლაკი,ფ,City,ქალაქი
ფლინდერზი,ფ,River,მდინარე
ფლინტსტოუნები,ფ,Film,ფილმი
ფლირტი,ფ,Film,ფილმი
ფლირტი მხეცთან,ფ,Film,ფილმი
ფლისინგენი,ფ,City,ქალაქი
ფლონგი,ფ,City,ქალაქი
ფლორენსიო-სანჩესი,ფ,City,ქალაქი
ფლორენცია,ფ,City,ქალაქი
ფლორესი,ფ,City,ქალაქი
ფლორეშტი,ფ,City,ქალაქი
ფლორიანოპოლი,ფ,City,ქალაქი
ფლორიანოპოლისი,ფ,City,ქალაქი
ფლორიდა,ფ,City,ქალაქი
ფლუვია,ფ,River,მდინარე
ფნომ პენი,ფ,City,ქალაქი
ფნუმ ტბენგ მიანჩეი,ფ,City,ქალაქი
ფოგასავაი,ფ,City,ქალაქი
ფოზ დო იგუაკუ,ფ,City,ქალაქი
ფოთარამი,ფ,City,ქალაქი
ფოთი,ფ,City,ქალაქი
ფოთოლა,ფ,Name,სახელი
ფოილი,ფ,River,მდინარე
ფოინიცა,ფ,City,ქალაქი
ფოკშანი,ფ,City,ქალაქი
ფოლადის,ფ,Film,ფილმი
ფოლადის ადამიანი,ფ,Film,ფილმი
ფოლადის მაგნოლიები,ფ,Film,ფილმი
ფოლკლენდის კუნძულები,ფ,Country,ქვეყანა
ფოლკლორი,ფ,Film,ფილმი
ფოლკლორი : გრძელი ტბის სტუდიის სესიები,ფ,Film,ფილმი
ფოლკლორი გრძელი ტბის,ფ,Film,ფილმი
ფოლკლორი გრძელი ტბის სტუდიის სესიები,ფ,Film,ფილმი
ფოლკსრუსტი,ფ,City,ქალაქი
ფომბონი,ფ,City,ქალაქი
ფომენტო,ფ,City,ქალაქი
ფონ დიუ საკი,ფ,City,ქალაქი
ფონგსალი,ფ,City,ქალაქი
ფონდ ბასინი ბლუ,ფ,City,ქალაქი
ფონდ დე ბლანკი,ფ,City,ქალაქი
ფონდ ვერტეტი,ფ,City,ქალაქი
ფონდ პარიზიენი,ფ,City,ქალაქი
ფონტანკა,ფ,River,მდინარე
ფონტემი,ფ,City,ქალაქი
ფორ დე ფრანსი,ფ,City,ქალაქი
ფორ-დე-ფრანსი,ფ,City,ქალაქი
ფორდეფრანსი,ფ,City,ქალაქი
ფორესტ,ფ,Film,ფილმი
ფორესტ გამპი,ფ,Film,ფილმი
ფორთი,ფ,River,მდინარე
ფორთოხალი,ფ,Plant,მცენარე
ფორლი,ფ,City,ქალაქი
ფორმოსა,ფ,City,ქალაქი
ფორსა,ფ,City,ქალაქი
ფორსაჟი,ფ,Film,ფილმი
ფორსაჟი 3,ფ,Film,ფილმი
ფორსაჟი 3 ტოკიო დრიფტი,ფ,Film,ფილმი
ფორსაჟი 3: ტოკიო დრიფტი,ფ,Film,ფილმი
ფორსაჟი 4,ფ,Film,ფილმი
ფორსაჟი 5,ფ,Film,ფილმი
ფორსაჟი 6,ფ,Film,ფილმი
ფორსაჟი 7,ფ,Film,ფილმი
ფორსაჟი 8,ფ,Film,ფილმი
ფორსტერი,ფ,City,ქალაქი
ფორტ ლიბერტი,ფ,City,ქალაქი
ფორტ უელინგტონი,ფ,City,ქალაქი
ფორტ უერთი,ფ,City,ქალაქი
ფორტ-ბოფორტი,ფ,City,ქალაქი
ფორტ-დოფინი,ფ,City,ქალაქი
ფორტ-პორტალი,ფ,City,ქალაქი
ფორტ-უერთი,ფ,City,ქალაქი
ფორტალეზა,ფ,City,ქალაქი
ფორტუერთი,ფ,City,ქალაქი
ფორტუნა,ფ,City,ქალაქი
ფორცჰაიმი,ფ,City,ქალაქი
ფოსო,ფ,City,ქალაქი
ფოსტალიონი,ფ,Film,ფილმი
ფოსტალიონი ყოველთვის ორჯერ,ფ,Film,ფილმი
ფოსტალიონი ყოველთვის ორჯერ რეკავს,ფ,Film,ფილმი
ფოტი,ფ,City,ქალაქი
ფოტინე,ფ,Name,სახელი
ფოტოგადიდება,ფ,Film,ფილმი
ფოტოგრაფთა,ფ,Film,ფილმი
ფოტოგრაფთა კონგრესი ლიონში,ფ,Film,ფილმი
ფოტოგრაფთა კონგრესი ლიონში ჩადის,ფ,Film,ფილმი
ფოფა,ფ,Name,სახელი
ფოქსტონი,ფ,City,ქალაქი
ფოქსფორდი,ფ,City,ქალაქი
ფოშანი,ფ,City,ქალაქი
ფოჩა,ფ,City,ქალაქი
ფოჩონი,ფ,City,ქალაქი
ფოცხვერი,ფ,Animal,ცხოველი
ფოცხოვი,ფ,River,მდინარე
ფოცხოვისწყალი,ფ,River,მდინარე
ფოხვილი,ფ,City,ქალაქი
ფოხნსდორფი,ფ,City,ქალაქი
ფოჯა,ფ,City,ქალაქი
ფრა დიავოლოს სოუსი,ფ,Food,საკვები
ფრა-ნაქონ-სი-აიუთაია,ფ,City,ქალაქი
ფრა-პრადაენგი,ფ,City,ქალაქი
ფრა-ფუთაბატი,ფ,City,ქალაქი
ფრაე,ფ,City,ქალაქი
ფრაი ბენტოსი,ფ,City,ქალაქი
ფრაი-ბენტოსი,ფ,City,ქალაქი
ფრაიბენტოსი,ფ,City,ქალაქი
ფრაიბურგი,ფ,City,ქალაქი
ფრაიენბახი,ფ,City,ქალაქი
ფრაიხანესი,ფ,City,ქალაქი
ფრამი,ფ,City,ქალაქი
ფრანგული გუიანა,ფ,Country,ქვეყანა
ფრანგული პოლინეზია,ფ,Country,ქვეყანა
ფრანგული სამხრეთ ტერიტორიები,ფ,Country,ქვეყანა
ფრანკ პაისი,ფ,City,ქალაქი
ფრანკ-პაისი,ფ,City,ქალაქი
ფრანკა,ფ,City,ქალაქი
ფრანკენუინი,ფ,Film,ფილმი
ფრანკი,ფ,Film,ფილმი
ფრანკლინი,ფ,River,მდინარე
ფრანკპაისი,ფ,City,ქალაქი
ფრანკფორტი,ფ,City,ქალაქი
ფრანკფურტი,ფ,City,ქალაქი
ფრანსვილი,ფ,City,ქალაქი
ფრანსისთაუნი,ფ,City,ქალაქი
ფრაპე,ფ,Food,საკვები
ფრასკატი,ფ,City,ქალაქი
ფრაუენფელდი,ფ,City,ქალაქი
ფრეამუნდე,ფ,City,ქალაქი
ფრეგლების,ფ,Film,ფილმი
ფრეგლების კლდე,ფ,Film,ფილმი
ფრედენსბორგი,ფ,City,ქალაქი
ფრედერიკსბერგი,ფ,City,ქალაქი
ფრედერიკსბურგი,ფ,City,ქალაქი
ფრედერისია,ფ,City,ქალაქი
ფრედერიქსბერგი,ფ,City,ქალაქი
ფრედერიქსვერკი,ფ,City,ქალაქი
ფრედერიქსსუნდ,ფ,City,ქალაქი
ფრედერიქსჰავნი,ფ,City,ქალაქი
ფრედერიქტონი,ფ,City,ქალაქი
ფრედერიქშავნი,ფ,City,ქალაქი
ფრედერიცია,ფ,City,ქალაქი
ფრენაროსი,ფ,City,ქალაქი
ფრენდამ,ფ,City,ქალაქი
ფრენის,ფ,Film,ფილმი
ფრენის ილუზია,ფ,Film,ფილმი
ფრენსისი,ფ,Film,ფილმი
ფრესკოლიტა,ფ,Food,საკვები
ფრესნო,ფ,City,ქალაქი
ფრთხილად,ფ,Film,ფილმი
ფრიბური,ფ,City,ქალაქი
ფრიდა,ფ,Film,ფილმი
ფრიდლანტ ნად ოსტრავიცი,ფ,City,ქალაქი
ფრიდონ,ფ,Name,სახელი
ფრიდონა,ფ,Name,სახელი
ფრიდონი,ფ,Name,სახელი
ფრიზანჟი,ფ,City,ქალაქი
ფრინველების,ფ,Film,ფილმი
ფრინველების მოყვარული ალკატრასიდან,ფ,Film,ფილმი
ფრინველი,ფ,Animal,ცხოველი
ფრიპორტი,ფ,City,ქალაქი
ფრიტაუნი,ფ,City,ქალაქი
ფროზე,ფ,Food,საკვები
ფრომი,ფ,City,ქალაქი
ფრონე,ფ,River,მდინარე
ფროსია,ფ,Name,სახელი
ფსევდას,ფ,City,ქალაქი
ფსიოლი,ფ,River,მდინარე
ფსირცხა,ფ,River,მდინარე
ფსიქო,ფ,Film,ფილმი
ფსკერზე,ფ,Film,ფილმი
ფსო,ფ,River,მდინარე
ფსომოლოფუ,ფ,City,ქალაქი
ფსოუ,ფ,River,მდინარე
ფუგამუ,ფ,City,ქალაქი
ფუენლაბრადა,ფ,City,ქალაქი
ფუერტე ოლიმპო,ფ,City,ქალაქი
ფუერტე-ოლიმპო,ფ,City,ქალაქი
ფუერტეოლიმპო,ფ,City,ქალაქი
ფუვაირიტი,ფ,City,ქალაქი
ფუთადიტჯაბა,ფ,City,ქალაქი
ფუკეტი,ფ,City,ქალაქი
ფუკუი,ფ,City,ქალაქი
ფუკუიამა,ფ,City,ქალაქი
ფუკუოკა,ფ,City,ქალაქი
ფუკუშიმა,ფ,City,ქალაქი
ფულ ი ხუმრი,ფ,City,ქალაქი
ფულ-ი-ხუმრი,ფ,City,ქალაქი
ფულიხუმრი,ფ,City,ქალაქი
ფულტალა,ფ,City,ქალაქი
ფულტონი,ფ,City,ქალაქი
ფუმბანი,ფ,City,ქალაქი
ფუმბოტი,ფ,City,ქალაქი
ფუმბოუნი,ფ,City,ქალაქი
ფუმი ვიალ სრე,ფ,City,ქალაქი
ფუნაბაში,ფ,City,ქალაქი
ფუნადჰუ,ფ,City,ქალაქი
ფუნაფუტი,ფ,City,ქალაქი
ფუნდანი,ფ,City,ქალაქი
ფუნდიუნი,ფ,City,ქალაქი
ფუნდონგი,ფ,City,ქალაქი
ფუნტუა,ფ,City,ქალაქი
ფუნშალი,ფ,City,ქალაქი
ფუნცშოლინგი,ფ,City,ქალაქი
ფუჟოუ,ფ,City,ქალაქი
ფურაჟი,ფ,Food,საკვები
ფურიონგი,ფ,City,ქალაქი
ფურისულა,ფ,Plant,მცენარე
ფუსი,ფ,City,ქალაქი
ფუტკარი,ფ,Animal,ცხოველი
ფუტკრები,ფ,Film,ფილმი
ფუფა,ფ,Name,სახელი
ფუქსინი,ფ,City,ქალაქი
ფუქჩილ-როდონგჯაგუ,ფ,City,ქალაქი
ფუშე-არრეზი,ფ,City,ქალაქი
ფუშე-კრუჟე,ფ,City,ქალაქი
ფუშუნი,ფ,City,ქალაქი
ფუჩუ,ფ,City,ქალაქი
ფუჭი,ფ,Film,ფილმი
ფუჭი დიდება,ფ,Film,ფილმი
ფუჯი,ფ,City,ქალაქი
ფუჯისავა,ფ,City,ქალაქი
ფუჯოუ,ფ,City,ქალაქი
ფშავის არაგვი,ფ,River,მდინარე
ფშატი,ფ,Plant,მცენარე
ფშემისლი,ფ,City,ქალაქი
ფშეხა,ფ,River,მდინარე
ფცა,ფ,River,მდინარე
ფხალი,ფ,Plant,მცენარე
ფხენიანი,ფ,City,ქალაქი
ქაბალაქი,ქ,City,ქალაქი
ქაბული,ქ,City,ქალაქი
ქავთარ,ქ,Name,სახელი
ქათაი,ქ,Name,სახელი
ქათამი,ქ,Animal,ცხოველი
ქათმების,ქ,Film,ფილმი
ქათმების გაქცევა,ქ,Film,ფილმი
ქაირო,ქ,City,ქალაქი
ქაიფენგი,ქ,City,ქალაქი
ქაიხოსრო,ქ,Name,სახელი
ქალათ-ი-ღილზაი,ქ,City,ქალაქი
ქალანსავე,ქ,City,ქალაქი
ქალაქი,ქ,Film,ფილმი
ქალაქი ადრე იღვიძებს,ქ,Film,ფილმი
ქალაქი ანარა,ქ,Film,ფილმი
ქალაქში,ქ,Film,ფილმი
ქალბა,ქ,City,ქალაქი
ქალბატონი,ქ,Film,ფილმი
ქალბატონი შურისძიება,ქ,Film,ფილმი
ქალები,ქ,Film,ფილმი
ქალები ნერვული აშლილობის,ქ,Film,ფილმი
ქალები ნერვული აშლილობის ზღვარზე,ქ,Film,ფილმი
ქალეჰ შაჰრი,ქ,City,ქალაქი
ქალთამზე,ქ,Name,სახელი
ქალი,ქ,Film,ფილმი
ქალი გავლენის ქვეშ,ქ,Film,ფილმი
ქალი საოცრება,ქ,Film,ფილმი
ქალი საოცრება 1984,ქ,Film,ფილმი
ქალი სარკეში,ქ,Film,ფილმი
ქალის,ქ,Film,ფილმი
ქალის სურნელი,ქ,Film,ფილმი
ქალის ტვირთი,ქ,Film,ფილმი
ქალიშვილის,ქ,Film,ფილმი
ქალიშვილის წყარო,ქ,Film,ფილმი
ქალკისი,ქ,City,ქალაქი
ქალწულების,ქ,Film,ფილმი
ქალწულების თვითმკვლელობა,ქ,Film,ფილმი
ქამა,ქ,Plant,მცენარე
ქამელეონი,ქ,Animal,ცხოველი
ქამინისი,ქ,City,ქალაქი
ქანდაჰარი,ქ,City,ქალაქი
ქარადროსი,ქ,River,მდინარე
ქარამანი,ქ,City,ქალაქი
ქარაჯი,ქ,City,ქალაქი
ქარბალა,ქ,City,ქალაქი
ქარელი,ქ,City,ქალაქი
ქარზამეთისწყალი,ქ,River,მდინარე
ქარზე,ქ,Film,ფილმი
ქარზე დაწერილი,ქ,Film,ფილმი
ქართველები,ქ,Film,ფილმი
ქართველები ცაში,ქ,Film,ფილმი
ქართი,ქ,City,ქალაქი
ქართლოს,ქ,Name,სახელი
ქართლოსი,ქ,Name,სახელი
ქარი,ქ,Film,ფილმი
ქარი მატულობს,ქ,Film,ფილმი
ქარინა,ქ,City,ქალაქი
ქარიშხლიანი,ქ,Film,ფილმი
ქარიშხლიანი უღელტეხილი,ქ,Film,ფილმი
ქარიშხლის,ქ,Film,ფილმი
ქარიშხლის მბრძანებელი,ქ,Film,ფილმი
ქარიშხლის წინ,ქ,Film,ფილმი
ქარმელი,ქ,City,ქალაქი
ქარმიელი,ქ,City,ქალაქი
ქაროხი,ქ,City,ქალაქი
ქარუნი,ქ,River,მდინარე
ქარჩი გაგი,ქ,City,ქალაქი
ქარწაღებულნი,ქ,Film,ფილმი
ქასაღი,ქ,River,მდინარე
ქასრ ბენ ღაშირი,ქ,City,ქალაქი
ქასრ-ბენ-ღაშირი,ქ,City,ქალაქი
ქასრბენღაშირი,ქ,City,ქალაქი
ქაფრ ელ დავარი,ქ,City,ქალაქი
ქაფრ ელ შაიხი,ქ,City,ქალაქი
ქაფრ-ელ-დავარი,ქ,City,ქალაქი
ქაფრ-ელ-შაიხი,ქ,City,ქალაქი
ქაფრელდავარი,ქ,City,ქალაქი
ქაფრელშაიხი,ქ,City,ქალაქი
ქაღალდის,ქ,Film,ფილმი
ქაღალდის სახლი,ქ,Film,ფილმი
ქაღალდის ტყვია,ქ,Film,ფილმი
ქაშანი,ქ,City,ქალაქი
ქაცვი,ქ,Plant,მცენარე
ქაჯარანი,ქ,City,ქალაქი
ქაჰრამანმარაში,ქ,City,ქალაქი
ქედა,ქ,City,ქალაქი
ქევედო,ქ,City,ქალაქი
ქეზალტეპეკე,ქ,City,ქალაქი
ქეთა,ქ,Name,სახელი
ქეთევან,ქ,Name,სახელი
ქეთევანი,ქ,Name,სახელი
ქეთი,ქ,Name,სახელი
ქეთინო,ქ,Name,სახელი
ქეთო,ქ,Name,სახელი
ქეთო და კოტე,ქ,Film,ფილმი
ქეილა,ქ,City,ქალაქი
ქეიპ ქოსტი,ქ,City,ქალაქი
ქეირნსი,ქ,City,ქალაქი
ქელგარი,ქ,City,ქალაქი
ქემალფაშა,ქ,City,ქალაქი
ქემნიცი,ქ,City,ქალაქი
ქენთაუ,ქ,City,ქალაქი
ქეპოსი,ქ,City,ქალაქი
ქერი,ქ,City,ქალაქი
ქერმანი,ქ,City,ქალაქი
ქერშავეთი,ქ,River,მდინარე
ქერჩი,ქ,City,ქალაქი
ქესაბი,ქ,City,ქალაქი
ქესადა,ქ,City,ქალაქი
ქესო,ქ,Name,სახელი
ქეტუ,ქ,City,ქალაქი
ქეშელთა,ქ,River,მდინარე
ქეცალტენანგო,ქ,City,ქალაქი
ქვაბისხევი,ქ,River,მდინარე
ქვაბლიანი,ქ,River,მდინარე
ქვახიდისწყალი,ქ,River,მდინარე
ქვებით,ქ,Film,ფილმი
ქვებით ჩაქოლვა,ქ,Film,ფილმი
ქვედა ნასაკირალი,ქ,City,ქალაქი
ქვედრულა,ქ,River,მდინარე
ქვევრი,ქ,Film,ფილმი
ქველდაბა,ქ,City,ქალაქი
ქვემო ტუნგუსკა,ქ,River,მდინარე
ქვენამთისწყალი,ქ,River,მდინარე
ქვეყნების,ქ,Food,საკვები
ქვეყნების სია ერთ,ქ,Food,საკვები
ქვეყნების სია ერთ სულ მოსახლეზე ჩაის მოხმარების მიხედვით,ქ,Food,საკვები
ქვიშანი,ქ,Film,ფილმი
ქვიშანი დარჩებიან,ქ,Film,ფილმი
ქვიშის,ქ,Film,ფილმი
ქვიშის კარიერის გენერლები,ქ,Film,ფილმი
ქვიშის ქალები,ქ,Film,ფილმი
ქვრივი ობობა,ქ,Animal,ცხოველი
ქიზილთეფე,ქ,City,ქალაქი
ქითიმი,ქ,City,ქალაქი
ქილისი,ქ,City,ქალაქი
ქილოტიმბუ,ქ,City,ქალაქი
ქიმერა,ქ,Film,ფილმი
ქინ-ძა-ძა,ქ,Film,ფილმი
ქინსაბა,ქ,City,ქალაქი
ქინძი,ქ,Plant,მცენარე
ქირიქკალე,ქ,City,ქალაქი
ქირმანშაჰი,ქ,City,ქალაქი
ქირქლარელი,ქ,City,ქალაქი
ქირქუქი,ქ,City,ქალაქი
ქირშეჰირი,ქ,City,ქალაქი
ქიტა,ქ,Name,სახელი
ქიტესა,ქ,Name,სახელი
ქიფრი,ქ,City,ქალაქი
ქიშვარდი,ქ,Name,სახელი
ქლიავი,ქ,Plant,მცენარე
ქლოროფიტუმი,ქ,Plant,მცენარე
ქობულეთი,ქ,City,ქალაქი
ქოზანი,ქ,City,ქალაქი
ქომ ომბო,ქ,City,ქალაქი
ქომ-ომბო,ქ,City,ქალაქი
ქომომბო,ქ,City,ქალაქი
ქონდარი,ქ,Plant,მცენარე
ქორი,ქ,Animal,ცხოველი
ქორფეზი,ქ,City,ქალაქი
ქორწილი,ქ,Film,ფილმი
ქოფაკი,ქ,Film,ფილმი
ქოფაკი ბარბოსი,ქ,Film,ფილმი
ქოფაკი ბარბოსი და უჩვეული კროსი,ქ,Film,ფილმი
ქოქოსი,ქ,Plant,მცენარე
ქოქოსის კუნძულები,ქ,Country,ქვეყანა
ქოქოსის კუნძული,ქ,Country,ქვეყანა
ქოქშეთაუ,ქ,City,ქალაქი
ქოჯაელი,ქ,City,ქალაქი
ქრიზანთემა,ქ,Plant,მცენარე
ქრისტეს,ქ,Film,ფილმი
ქრისტეს ვნებანი,ქ,Film,ფილმი
ქრისტესია,ქ,Name,სახელი
ქრისტეფორე,ქ,Name,სახელი
ქრისტინა,ქ,Name,სახელი
ქრისტინე,ქ,Name,სახელი
ქრისუპოლისი,ქ,City,ქალაქი
ქრცვინი,ქ,Animal,ცხოველი
ქსანი,ქ,River,მდინარე
ქსარ ელ ბუხარი,ქ,City,ქალაქი
ქსარ ჭელალა,ქ,City,ქალაქი
ქსარ-ელ-ქებირი,ქ,City,ქალაქი
ქსელი,ქ,Film,ფილმი
ქსენია,ქ,Name,სახელი
ქსურ-ესაფი,ქ,City,ქალაქი
ქუვეითი,ქ,City,ქალაქი
ქუვეითის სახელმწიფო,ქ,Country,ქვეყანა
ქუზეა,ქ,City,ქალაქი
ქუთაის,ქ,City,ქალაქი
ქუთაისი,ქ,City,ქალაქი
ქუთაჰია,ქ,City,ქალაქი
ქუინბეიანი,ქ,City,ქალაქი
ქუინსთაუნი,ქ,City,ქალაქი
ქულბაქები,ქ,City,ქალაქი
ქუოკა,ქ,Animal,ცხოველი
ქურდის,ქ,Film,ფილმი
ქურდის დაჭერა,ქ,Film,ფილმი
ქურმუხისწყალი,ქ,River,მდინარე
ქურციკი,ქ,Animal,ცხოველი
ქუსარა,ქ,City,ქალაქი
ქუსნო,ქ,River,მდინარე
ქუფა,ქ,City,ქალაქი
ქუშადასი,ქ,City,ქალაქი
ქუშკი,ქ,City,ქალაქი
ქუჩის,ქ,Film,ფილმი
ქუჩის დღეები,ქ,Film,ფილმი
ქუჩის კატა სახელად,ქ,Film,ფილმი
ქუჩის კატა სახელად ბობი,ქ,Film,ფილმი
ქუცნა,ქ,Name,სახელი
ქუჯი,ქ,Name,სახელი
ქფარ-ვრადიმ,ქ,City,ქალაქი
ქფარ-თავორი,ქ,City,ქალაქი
ქფარ-იონა,ქ,City,ქალაქი
ქფარ-სავა,ქ,City,ქალაქი
ქფარ-ხაბადი,ქ,City,ქალაქი
ქცია,ქ,River,მდინარე
ღაბაღიბი,ღ,City,ქალაქი
ღადამესი,ღ,City,ქალაქი
ღაზა,ღ,City,ქალაქი
ღაზიაბადი,ღ,City,ქალაქი
ღაზნი,ღ,City,ქალაქი
ღათი,ღ,City,ქალაქი
ღალიძგა,ღ,River,მდინარე
ღამასი,ღ,City,ქალაქი
ღამე,ღ,Film,ფილმი
ღამე მაკულას ბარში,ღ,Film,ფილმი
ღამე შეჭამს მსოფლიოს,ღ,Film,ფილმი
ღამის,ღ,Film,ფილმი
ღამის ვიზიტი,ღ,Film,ფილმი
ღამის კოშმარი,ღ,Film,ფილმი
ღამის ქვეწარმავალი,ღ,Film,ფილმი
ღამურა,ღ,Animal,ცხოველი
ღანძილი,ღ,Plant,მცენარე
ღაპანი,ღ,City,ქალაქი
ღარიანი,ღ,City,ქალაქი
ღარიბი,ღ,Film,ფილმი
ღარიბი მილიონერი,ღ,Film,ფილმი
ღარმი,ღ,City,ქალაქი
ღარულა,ღ,River,მდინარე
ღატა,ღ,Name,სახელი
ღაღუტია,ღ,Name,სახელი
ღებურა,ღ,River,მდინარე
ღვაბა,ღ,Name,სახელი
ღვთაებრივი,ღ,Film,ფილმი
ღვთაებრივი მსხვერპლი,ღ,Film,ფილმი
ღვთაებრივი ქალი,ღ,Film,ფილმი
ღვთისავარ,ღ,Name,სახელი
ღვთისავარი,ღ,Name,სახელი
ღვთისია,ღ,Name,სახელი
ღვთისო,ღ,Name,სახელი
ღვია,ღ,Plant,მცენარე
ღვინია,ღ,Name,სახელი
ღვინის,ღ,Film,ფილმი
ღვინის ქურდები,ღ,Film,ფილმი
ღვინო,ღ,Food,საკვები
ღვინო ისრაელში,ღ,Food,საკვები
ღვიძლის,ღ,Food,საკვები
ღვიძლის ტორტი,ღ,Food,საკვები
ღიმილის,ღ,Film,ფილმი
ღიმილის ბიჭები,ღ,Film,ფილმი
ღიმილის დაბრუნება,ღ,Film,ფილმი
ღინტუ,ღ,Name,სახელი
ღირსებისთვის,ღ,Film,ფილმი
ღიღილო,ღ,Plant,მცენარე
ღმერთების,ღ,Film,ფილმი
ღმერთების დაღუპვა,ღ,Film,ფილმი
ღმერთების ომი,ღ,Film,ფილმი
ღმერთების ომი უკვდავები,ღ,Film,ფილმი
ღმერთების ომი: უკვდავები,ღ,Film,ფილმი
ღმერთი,ღ,Film,ფილმი
ღმერთი არ არის მკვდარი,ღ,Film,ფილმი
ღმერთის,ღ,Film,ფილმი
ღმერთის ფერი,ღ,Film,ფილმი
ღმერთის ქალაქი,ღ,Film,ფილმი
ღმერთმა,ღ,Film,ფილმი
ღმერთმა აცოცხლოს მეფე,ღ,Film,ფილმი
ღოლო,ღ,Plant,მცენარე
ღომი,ღ,Plant,მცენარე
ღორი,ღ,Animal,ცხოველი
ღორჯომისწყალი,ღ,River,მდინარე
ღოღნაშო,ღ,Plant,მცენარე
ღოღნეშო,ღ,Plant,მცენარე
ღოღნოშო,ღ,Plant,მცენარე
ღრამულა,ღ,River,მდინარე
ღრმა,ღ,Film,ფილმი
ღრმა ძილი,ღ,Film,ფილმი
ღრუბელა,ღ,Plant,მცენარე
ღრუბელთა,ღ,Film,ფილმი
ღრუბელთა თავშესაფარი,ღ,Film,ფილმი
ღრუბლები,ღ,Film,ფილმი
ღრუბლებს,ღ,Film,ფილმი
ღრუბლებს მიღმა,ღ,Film,ფილმი
ღუტა,ღ,Name,სახელი
ღუტუ,ღ,Name,სახელი
ღუტუშა,ღ,Name,სახელი
ღუღუნი,ღ,Name,სახელი
ყა`ფური,ყ,City,ქალაქი
ყაბალა,ყ,City,ქალაქი
ყაბაყი,ყ,Plant,მცენარე
ყაბრაილი,ყ,City,ქალაქი
ყადლასანისწყალი,ყ,River,მდინარე
ყავა,ყ,Plant,მცენარე
ყავის,ყ,Food,საკვები
ყავის კულტურული ლანდშაფტი,ყ,Food,საკვები
ყაზახეთი,ყ,Country,ქვეყანა
ყაზახეთის რესპუბლიკა,ყ,Country,ქვეყანა
ყაზახი,ყ,City,ქალაქი
ყაზბეგი,ყ,City,ქალაქი
ყაზვინი,ყ,City,ქალაქი
ყაზიმამედი,ყ,City,ქალაქი
ყალანსუვა,ყ,City,ქალაქი
ყამარ,ყ,Name,სახელი
ყანდაარი,ყ,City,ქალაქი
ყანდალა,ყ,City,ქალაქი
ყანსავი,ყ,Name,სახელი
ყანჩა,ყ,Animal,ცხოველი
ყარა-ყუში,ყ,City,ქალაქი
ყარაბუქი,ყ,City,ქალაქი
ყარაგანდა,ყ,City,ქალაქი
ყარავოლი,ყ,City,ქალაქი
ყარათაუ,ყ,City,ქალაქი
ყარაიერი,ყ,City,ქალაქი
ყარამან,ყ,Name,სახელი
ყარამანი,ყ,City,ქალაქი
ყარაჟალი,ყ,City,ქალაქი
ყარასტანში,ყ,Film,ფილმი
ყარასტანში დაკარგული,ყ,Film,ფილმი
ყარაღანდა,ყ,City,ქალაქი
ყარაჩაი,ყ,River,მდინარე
ყარაჩალა,ყ,City,ქალაქი
ყარაჩუხური,ყ,City,ქალაქი
ყარეჰ ბაღი,ყ,City,ქალაქი
ყარსაღი,ყ,Animal,ცხოველი
ყარსი,ყ,City,ქალაქი
ყარქინი,ყ,City,ქალაქი
ყარყატი,ყ,Animal,ცხოველი
ყასრ-ღარიანი,ყ,City,ქალაქი
ყასრ-ჰალალი,ყ,City,ქალაქი
ყატარი,ყ,Country,ქვეყანა
ყაურმა,ყ,Food,საკვები
ყაფლან,ყ,Name,სახელი
ყაფყაფა,ყ,City,ქალაქი
ყაღიზმანი,ყ,City,ქალაქი
ყაყაჩო,ყ,Plant,მცენარე
ყაჩაღები,ყ,Film,ფილმი
ყაჩაღები თავი,ყ,Film,ფილმი
ყაჩაღები. თავი,ყ,Film,ფილმი
ყაჩაღები. თავი vii,ყ,Film,ფილმი
ყახი,ყ,City,ქალაქი
ყვავი,ყ,Animal,ცხოველი
ყვავილი,ყ,Film,ფილმი
ყვავილი თოვლზე,ყ,Film,ფილმი
ყვარელი,ყ,City,ქალაქი
ყვარვარე,ყ,Name,სახელი
ყვარყვარე,ყ,Name,სახელი
ყველა,ყ,Film,ფილმი
ყველა ამბობს,ყ,Film,ფილმი
"ყველა ამბობს, რომ მე შენ მიყვარხარ",ყ,Film,ფილმი
ყველა თავისთვის,ყ,Film,ფილმი
ყველა თავისთვის და ღმერთი ყველას წინააღმდეგ,ყ,Film,ფილმი
ყველა კომეტა როდი,ყ,Film,ფილმი
ყველა კომეტა როდი ქრება,ყ,Film,ფილმი
ყველა მდინარე მიედინება,ყ,Film,ფილმი
ყველა ძაღლი სამოთხეში,ყ,Film,ფილმი
ყველა ძაღლი სამოთხეში მიდის,ყ,Film,ფილმი
ყველაზე,ყ,Film,ფილმი
ყველაზე ლამაზები,ყ,Film,ფილმი
ყველაზე ლამაზი ცოლი,ყ,Film,ფილმი
ყველაზე სწრაფები მსოფლიოში,ყ,Film,ფილმი
ყველასთვის,ყ,Film,ფილმი
ყველაფერი,ყ,Film,ფილმი
ყველაფერი დედაჩემის შესახებ,ყ,Film,ფილმი
ყველაფერი ევას შესახებ,ყ,Film,ფილმი
ყველაფერი კარგად იქნება,ყ,Film,ფილმი
ყველაფერი რაც შენგან,ყ,Film,ფილმი
ყველაფერი რაც შენგან დამრჩა,ყ,Film,ფილმი
ყველაფრის,ყ,Film,ფილმი
ყველაფრის გახსენება,ყ,Film,ფილმი
ყველაფრის თეორია,ყ,Film,ფილმი
ყველის,ყ,Food,საკვები
ყველის ბურთულები,ყ,Food,საკვები
ყვითელი,ყ,Film,ფილმი
ყვითელი წერილები,ყ,Film,ფილმი
ყვითელი წყალქვეშა ნავი,ყ,Film,ფილმი
ყვირილა,ყ,River,მდინარე
ყვირილი,ყ,Film,ფილმი
ყვირილი სიბნელეში,ყ,Film,ფილმი
ყიზილ-ირმაქი,ყ,River,მდინარე
ყიზილ-უზენი,ყ,River,მდინარე
ყიზილორდა,ყ,City,ქალაქი
ყიზილჰაჯილი,ყ,City,ქალაქი
ყიზლარის,ყ,Food,საკვები
ყიზლარის კონიაკის ქარხანა,ყ,Food,საკვები
ყირ-მოაბი,ყ,City,ქალაქი
ყირგიზეთი,ყ,Country,ქვეყანა
ყირგიზეთის რესპუბლიკა,ყ,Country,ქვეყანა
ყობუ,ყ,City,ქალაქი
ყობუჸ్తანი,ყ,City,ქალაქი
ყოველ,ყ,Film,ფილმი
ყოველ სექტემბერს,ყ,Film,ფილმი
ყოველთვის,ყ,Film,ფილმი
ყოველთვის თქვი დიახ,ყ,Film,ფილმი
ყორანი,ყ,Animal,ცხოველი
ყორიოოლეი,ყ,City,ქალაქი
ყორნისი,ყ,City,ქალაქი
ყოროლი,ყ,River,მდინარე
ყოროლისწყალი,ყ,River,მდინარე
ყორულდაში,ყ,River,მდინარე
ყოსტანაი,ყ,City,ქალაქი
ყოჩივარდა,ყ,Plant,მცენარე
ყუბა,ყ,City,ქალაქი
ყუბადლი,ყ,City,ქალაქი
ყუბანი,ყ,River,მდინარე
ყუბაჩური,ყ,Film,ფილმი
ყუბაჩური სამაჯურის საიდუმლო,ყ,Film,ფილმი
ყულანი,ყ,City,ქალაქი
ყუმაიმი,ყ,City,ქალაქი
ყუმი,ყ,City,ქალაქი
ყუმური,ყ,River,მდინარე
ყუნდუზი,ყ,City,ქალაქი
ყურადღების,ყ,Film,ფილმი
ყურადღების ცენტრში,ყ,Film,ფილმი
ყურიყი,ყ,City,ქალაქი
ყურუქსოი,ყ,City,ქალაქი
ყურღონთეფა,ყ,City,ქალაქი
ყურძენი,ყ,Plant,მცენარე
ყუსაიბატ-ალ-მადიუნი,ყ,City,ქალაქი
ყუსარი,ყ,City,ქალაქი
შაანი,შ,City,ქალაქი
შაბათ,შ,Film,ფილმი
შაბათ ღამეს პირდაპირ,შ,Film,ფილმი
შაბათ ღამეს პირდაპირ ეთერში,შ,Film,ფილმი
შაბყადარი,შ,City,ქალაქი
შადიმან,შ,Name,სახელი
შადრევანი,შ,Film,ფილმი
შადრინსკი,შ,City,ქალაქი
შავ-თეთრი,შ,Film,ფილმი
შავ-თეთრი სიყვარული,შ,Film,ფილმი
შავარდენი,შ,Animal,ცხოველი
შავი,შ,Film,ფილმი
შავი ავაზა,შ,Film,ფილმი
შავი გედი,შ,Film,ფილმი
შავი ვარდი,შ,Film,ფილმი
შავი ვოლტა,შ,River,მდინარე
შავი ზღვა,შ,Film,ფილმი
შავი კარდალა,შ,Film,ფილმი
შავი კატა თეთრი,შ,Film,ფილმი
"შავი კატა, თეთრი კატა",შ,Film,ფილმი
შავი კუკლუქსკლანელი,შ,Film,ფილმი
შავი მარგალიტი,შ,Film,ფილმი
შავი მასა,შ,Film,ფილმი
შავი ორფეოსი,შ,Film,ფილმი
შავი სარკე,შ,Film,ფილმი
შავი სიყვარული,შ,Film,ფილმი
შავი ტიტა,შ,Film,ფილმი
შავი ფული,შ,Film,ფილმი
შავი ფული და სიყვარული,შ,Film,ფილმი
შავი ქათამი,შ,Film,ფილმი
შავინიგანი,შ,City,ქალაქი
შავიში,შ,City,ქალაქი
შავლეგ,შ,Name,სახელი
შავლეგი,შ,Name,სახელი
შავნიკი,შ,City,ქალაქი
შავქლიავი,შ,Food,საკვები
შავშეთი,შ,City,ქალაქი
შავწყაროსწყალი,შ,River,მდინარე
შაი შაი,შ,City,ქალაქი
შაი-შაი,შ,City,ქალაქი
შაიშაი,შ,City,ქალაქი
შაკერატო,შ,Food,საკვები
შაკიაი,შ,City,ქალაქი
შაკისო,შ,City,ქალაქი
შაკო,შ,Name,სახელი
შალგი,შ,Food,საკვები
შალგოტარიანი,შ,City,ქალაქი
შალვა,შ,Name,სახელი
შალონ ან შამპანი,შ,City,ქალაქი
შალონ სიურ სონი,შ,City,ქალაქი
შალონ-ან-შამპანი,შ,City,ქალაქი
შალონ-სიურ-სონი,შ,City,ქალაქი
შალონანშამპანი,შ,City,ქალაქი
შალონსიურსონი,შ,City,ქალაქი
შალჩინინკაი,შ,City,ქალაქი
შამა ჯანკშენი,შ,City,ქალაქი
შამარელი,შ,City,ქალაქი
შამბელანი,შ,City,ქალაქი
შამბერი,შ,City,ქალაქი
შამბუ,შ,City,ქალაქი
შამვა,შ,City,ქალაქი
შამილ,შ,Name,სახელი
შამილი,შ,Name,სახელი
შამლუღი,შ,City,ქალაქი
შამონი,შ,City,ქალაქი
შამპინი-სიურ-მარნი,შ,City,ქალაქი
შამუნი,შ,City,ქალაქი
შამქორი,შ,City,ქალაქი
შამქორჩაი,შ,River,მდინარე
შანგანი,შ,City,ქალაქი
შანდუ,შ,City,ქალაქი
შანლიურფა,შ,City,ქალაქი
შანტალი,შ,City,ქალაქი
შანტიი,შ,City,ქალაქი
შანტოუ,შ,City,ქალაქი
შანტრაპა,შ,Film,ფილმი
შანხაი,შ,City,ქალაქი
შაოგუანი,შ,City,ქალაქი
შაოიანგი,შ,City,ქალაქი
შაორი,შ,River,მდინარე
შაოსინი,შ,City,ქალაქი
შარახევი,შ,River,მდინარე
შარდარა,შ,City,ქალაქი
შარდონიერე,შ,City,ქალაქი
შარეულა,შ,River,მდინარე
შარვარი,შ,City,ქალაქი
შარი,შ,River,მდინარე
შარკოვშჩინა,შ,City,ქალაქი
შარლეროი,შ,City,ქალაქი
შარლერუა,შ,City,ქალაქი
შარლოტ ამალია,შ,City,ქალაქი
შარლოტ-ამალია,შ,City,ქალაქი
შარლოტამალია,შ,City,ქალაქი
შარლოტი,შ,City,ქალაქი
შარლოტის,შ,Film,ფილმი
შარლოტის ქსელი,შ,Film,ფილმი
შარლოტტაუნი,შ,City,ქალაქი
შარლოტტტაუნი,შ,City,ქალაქი
შარმ ელ შეიხი,შ,City,ქალაქი
შარმ-ელ-შეიხი,შ,City,ქალაქი
შარმელშეიხი,შ,City,ქალაქი
შარნეკა,შ,City,ქალაქი
შაროარღუნი,შ,River,მდინარე
შაროშპატაკი,შ,City,ქალაქი
შარტრი,შ,City,ქალაქი
შარური,შ,City,ქალაქი
შარჯა,შ,City,ქალაქი
შატ-ელ-არაბი,შ,River,მდინარე
შატილი,შ,City,ქალაქი
შატილისწყალი,შ,River,მდინარე
შატლე,შ,City,ქალაქი
შატობელერი,შ,City,ქალაქი
შატორალიაუიჰეი,შ,City,ქალაქი
შატორუ,შ,City,ქალაქი
შაუმიანი,შ,City,ქალაქი
შაფჰაუზენი,შ,City,ქალაქი
შაქარა,შ,Plant,მცენარე
შაქრის,შ,Food,საკვები
შაქრის ჭარხალი,შ,Food,საკვები
შაქრო,შ,Name,სახელი
შაღური,შ,City,ქალაქი
შაშე,შ,River,მდინარე
შაშემენი,შ,City,ქალაქი
შაშვი,შ,Animal,ცხოველი
შაშკვლავი,შ,Plant,მცენარე
შახანი,შ,City,ქალაქი
შახატი,შ,City,ქალაქი
შახტარსკი,შ,City,ქალაქი
შაჰ-ალამი,შ,City,ქალაქი
შაჰბა,შ,City,ქალაქი
შაჰბუზი,შ,City,ქალაქი
შაჰდადკოტი,შ,City,ქალაქი
შაჰდადპური,შ,City,ქალაქი
შაჰზადპური,შ,City,ქალაქი
შაჰრაგი,შ,City,ქალაქი
შაჰრინავი,შ,City,ქალაქი
შაჰრისაბზი,შ,City,ქალაქი
შაჰრტუზი,შ,City,ქალაქი
შება,შ,City,ქალაქი
შებერღანი,შ,City,ქალაქი
შედუვა,შ,City,ქალაქი
შეეკითხეთ,შ,Film,ფილმი
შეეკითხეთ მტვერს,შ,Film,ფილმი
შეერთებული შტატების გარე მცირე კუნძულები,შ,Country,ქვეყანა
შევდე,შ,City,ქალაქი
შეიპყარი,შ,Film,ფილმი
შეიპყარი დროშა,შ,Film,ფილმი
შეიხლარი,შ,City,ქალაქი
შეიხუპურა,შ,City,ქალაქი
შეიჯლერეტი,შ,City,ქალაქი
შეკაზმავს,შ,Film,ფილმი
შელდა,შ,River,მდინარე
შელენბერგი,შ,City,ქალაქი
შელეფტეელვენი,შ,River,მდინარე
შელეფტეო,შ,City,ქალაქი
შელკოვო,შ,City,ქალაქი
შელღომ ელ აოიდი,შ,City,ქალაქი
შემგანგი,შ,City,ქალაქი
შემდეგი,შ,Film,ფილმი
შემდეგი ხმა,შ,Film,ფილმი
შემდეგი ხმა შენ გესმის,შ,Film,ფილმი
შემენ გრენიე,შ,City,ქალაქი
შემთხვევითი,შ,Film,ფილმი
შემთხვევითი პაემნები,შ,Film,ფილმი
შემიყვარე,შ,Film,ფილმი
შემიყვარე თუ გაბედავ,შ,Film,ფილმი
შემოდგომა,შ,Film,ფილმი
შემოდგომა ნიუ-იორკში,შ,Film,ფილმი
შემოდგომის,შ,Film,ფილმი
შემოდგომის ლეგენდები,შ,Film,ფილმი
შემონაიხა,შ,City,ქალაქი
შემპეტერ-ვ-სავინსკი-დოლინი,შ,City,ქალაქი
შემპეტერ-პრი-გორიცი,შ,City,ქალაქი
შემსრულებელი,შ,Film,ფილმი
შემსრულებელი №,შ,Film,ფილმი
შემსრულებელი № 977,შ,Film,ფილმი
შემწვარი,შ,Food,საკვები
შემწვარი რავიოლი,შ,Food,საკვები
შემწვარი სოკო,შ,Food,საკვები
შენ გაიცნობ მაღალ შავგრემან უცნობს,შ,Film,ფილმი
შენ მხოლოდ ორჯერ ცოცხლობ,შ,Film,ფილმი
შენამდე,შ,Film,ფილმი
შენდი,შ,City,ქალაქი
შენი,შ,Film,ფილმი
შენი სახელით მომმართე,შ,Film,ფილმი
შენიანგი,შ,City,ქალაქი
შენიანი,შ,City,ქალაქი
შენონი,შ,City,ქალაქი
შენტიური,შ,City,ქალაქი
შენჩური,შ,City,ქალაქი
შენჭენი,შ,City,ქალაქი
შენჯენი,შ,City,ქალაქი
შენჯინი,შ,City,ქალაქი
შენჯუნი,შ,City,ქალაქი
შეპარტონი,შ,City,ქალაქი
შეპყრობილი,შ,Film,ფილმი
შერბეთი,შ,Food,საკვები
შერბრუკი,შ,City,ქალაქი
შერგილ,შ,Name,სახელი
შერეკილები,შ,Film,ფილმი
შერვუდ პარკი,შ,City,ქალაქი
შერი,შ,Name,სახელი
შერია,შ,City,ქალაქი
შერკინება,შ,Film,ფილმი
შერლოკ,შ,Film,ფილმი
შერლოკ ჰოლმზი,შ,Film,ფილმი
შერლოკ ჰოლმზი ჩრდილების,შ,Film,ფილმი
შერლოკ ჰოლმზი ჩრდილების თამაში,შ,Film,ფილმი
შერლოკ ჰოლმზი: ჩრდილების თამაში,შ,Film,ფილმი
შერლოკ ჰოლმსი,შ,Film,ფილმი
შერლოკი,შ,Film,ფილმი
შერმადინ,შ,Name,სახელი
შერპური,შ,City,ქალაქი
შესანიშნავი,შ,Film,ფილმი
შესანიშნავი ბატონი ფოქსი,შ,Film,ფილმი
შესანიშნავი შვიდეული,შ,Film,ფილმი
შეტპე,შ,City,ქალაქი
შეუწყნარებელი,შ,Film,ფილმი
შეუწყნარებელი სისასტიკე,შ,Film,ფილმი
შეფშაუენი,შ,City,ქალაქი
შექერბურა,შ,Food,საკვები
შეყვარებული,შ,Film,ფილმი
შეყვარებული კულინარის,შ,Film,ფილმი
შეყვარებული კულინარის 1001 რეცეპტი,შ,Film,ფილმი
შეშლილთა,შ,Film,ფილმი
შეშლილთა კუნძული,შ,Film,ფილმი
შეშლილი,შ,Film,ფილმი
შეშლილი გული,შ,Film,ფილმი
შეშლილი მაქსი,შ,Film,ფილმი
შეშლილი მაქსი მრისხანების,შ,Film,ფილმი
შეშლილი მაქსი მრისხანების გზა,შ,Film,ფილმი
შეშლილი მაქსი: მრისხანების გზა,შ,Film,ფილმი
შეშუპე,შ,River,მდინარე
შეწყვეტ,შ,Film,ფილმი
შეწყვეტ ოცნებას,შ,Film,ფილმი
შეწყვეტილი,შ,Film,ფილმი
შეწყვეტილი ამბორი,შ,Film,ფილმი
შეწყვეტილი სიმღერა,შ,Film,ფილმი
შეხვედრა,შ,Film,ფილმი
შეხვედრა მთაში,შ,Film,ფილმი
შეხვედრა წარსულთან,შ,Film,ფილმი
შეჯახება,შ,Film,ფილმი
შვალმი,შ,River,მდინარე
შვანთე,შ,Film,ფილმი
შვაცი,შ,City,ქალაქი
შვებო,შ,City,ქალაქი
შვედეთი,შ,Country,ქვეყანა
შვედეთის სამეფო,შ,Country,ქვეყანა
შვედცერ-რეინეკე,შ,City,ქალაქი
შვეიცარია,შ,Country,ქვეყანა
შვეიცარიის კონფედერაცია,შ,Country,ქვეყანა
შველი,შ,Animal,ცხოველი
შვენჩიონელიაი,შ,City,ქალაქი
შვენჩიონისი,შ,City,ქალაქი
შვერინი,შ,City,ქალაქი
შვეცია,შ,Country,ქვეყანა
შვეხატი,შ,City,ქალაქი
შვიდი,შ,Film,ფილმი
შვიდი პატარა მოთხრობა,შ,Film,ფილმი
შვიდი პატარა მოთხრობა პირველ სიყვარულზე,შ,Film,ფილმი
შვიდი სამურაი,შ,Film,ფილმი
შვიდი ფუნტი,შ,Film,ფილმი
შვიდი წლის თავზე,შ,Film,ფილმი
შვიდფენიანი,შ,Food,საკვები
შვიდფენიანი საწებელი,შ,Food,საკვები
შვინდი,შ,Plant,მცენარე
შვიცი,შ,City,ქალაქი
შვრია,შ,Plant,მცენარე
შთამომავლები,შ,Film,ფილმი
შიანი,შ,City,ქალაქი
შიაულიაი,შ,City,ქალაქი
შიბამი,შ,City,ქალაქი
შიბარღანი,შ,City,ქალაქი
შიბგანჯი,შ,City,ქალაქი
შიბენიკი,შ,City,ქალაქი
შიბინ ელ კანატირი,შ,City,ქალაქი
შიბინ ელ ქუმი,შ,City,ქალაქი
შიბინ-ელ-კანატირი,შ,City,ქალაქი
შიბინ-ელ-ქუმი,შ,City,ქალაქი
შიბინელკანატირი,შ,City,ქალაქი
შიბინელქუმი,შ,City,ქალაქი
შიბუტუ,შ,City,ქალაქი
შიგნით,შ,Film,ფილმი
შიელი,შ,City,ქალაქი
შიკარპური,შ,City,ქალაქი
შიკლი,შ,City,ქალაქი
შილა,შ,City,ქალაქი
შილალე,შ,City,ქალაქი
შილიგური,შ,City,ქალაქი
შილუტე,შ,City,ქალაქი
შიმკენტი,შ,City,ქალაქი
შიმმინატოჩო,შ,City,ქალაქი
შიმოიო,შ,City,ქალაქი
შიმონი,შ,City,ქალაქი
შიმონოსეკი,შ,City,ქალაქი
შიმპანზე,შ,Animal,ცხოველი
შიმქენთი,შ,City,ქალაქი
შიმშილის,შ,Film,ფილმი
შიმშილის თამაშები,შ,Film,ფილმი
შიმშილის თამაშები კაჭკაჭჯაფარა,შ,Film,ფილმი
შიმშილის თამაშები კაჭკაჭჯაფარა - ნაწილი,შ,Film,ფილმი
შიმშილის თამაშები კაჭკაჭჯაფარა - ნაწილი 1,შ,Film,ფილმი
შიმშილის თამაშები კაჭკაჭჯაფარა - ნაწილი 2,შ,Film,ფილმი
შიმშილის თამაშები ცეცხლის,შ,Film,ფილმი
შიმშილის თამაშები ცეცხლის ალში,შ,Film,ფილმი
შიმშილის თამაშები: კაჭკაჭჯაფარა - ნაწილი,შ,Film,ფილმი
შიმშილის თამაშები: კაჭკაჭჯაფარა - ნაწილი 1,შ,Film,ფილმი
შიმშილის თამაშები: კაჭკაჭჯაფარა - ნაწილი 2,შ,Film,ფილმი
შიმშილის თამაშები: ცეცხლის ალში,შ,Film,ფილმი
შიმშილობა,შ,Film,ფილმი
შინაგანი,შ,Film,ფილმი
შინაგანი ზღვა,შ,Film,ფილმი
შინასი,შ,City,ქალაქი
შინაური,შ,Film,ფილმი
შინაური ცხოველების საიდუმლო,შ,Film,ფილმი
შინაური ცხოველების საიდუმლო ცხოვრება,შ,Film,ფილმი
შინაური ცხოველების საიდუმლო ცხოვრება 2,შ,Film,ფილმი
შინდი,შ,Plant,მცენარე
შინდისი,შ,Film,ფილმი
შინდლერის,შ,Film,ფილმი
შინდლერის სია,შ,Film,ფილმი
შინშილა,შ,Animal,ცხოველი
შიო,შ,Name,სახელი
შიოლა,შ,Name,სახელი
შიოფოკი,შ,City,ქალაქი
შიჟაკი,შ,City,ქალაქი
შირაზი,შ,City,ქალაქი
შირე,შ,River,მდინარე
შირენი,შ,City,ქალაქი
შირვინტოსი,შ,City,ქალაქი
შირნაქი,შ,City,ქალაქი
შიფლანჟი,შ,City,ქალაქი
შიშველი,შ,Film,ფილმი
შიშველი მახა,შ,Film,ფილმი
შიშველი ქალაქი,შ,Film,ფილმი
შიშვლები,შ,Film,ფილმი
შიში,შ,Film,ფილმი
შიში და გატაცება,შ,Film,ფილმი
შიძიაჭუანგი,შ,City,ქალაქი
შიძუოკა,შ,City,ქალაქი
შიჯიაჟუანი,შ,City,ქალაქი
შიჰეძი,შ,City,ქალაქი
შკლოვი,შ,City,ქალაქი
შკოდერა,შ,City,ქალაქი
შკოდერი,შ,City,ქალაქი
შკოფია ლოკა,შ,City,ქალაქი
შკოფია-ლოკა,შ,City,ქალაქი
შკოფიალოკა,შ,City,ქალაქი
შკოფლიცა,შ,City,ქალაქი
შლომი,შ,City,ქალაქი
შლუცკრაპფენი,შ,Food,საკვები
შმაგი,შ,Name,სახელი
შმიდტის,შ,Film,ფილმი
შმიდტის შესახებ,შ,Film,ფილმი
შნაპსი,შ,Food,საკვები
შნიცელი,შ,Food,საკვები
შნოხი,შ,City,ქალაქი
შობის კუნძული,შ,Country,ქვეყანა
შოთა,შ,Name,სახელი
შოთიკო,შ,Name,სახელი
შოკვე,შ,City,ქალაქი
შოკოლადი,შ,Food,საკვები
შოლარის,შ,Food,საკვები
შოლარის წყალი,შ,Food,საკვები
შოლაყყორღანი,შ,City,ქალაქი
შოლე,შ,City,ქალაქი
შოპაჰოლიკი,შ,Film,ფილმი
შოპრონი,შ,City,ქალაქი
შორაპანი,შ,City,ქალაქი
შორენა,შ,Name,სახელი
შორკო,შ,City,ქალაქი
შოროხევი,შ,River,მდინარე
შოსტკა,შ,City,ქალაქი
შოტენი,შ,City,ქალაქი
შოტლანდია,შ,Country,ქვეყანა
შოტლანდიის,შ,Film,ფილმი
შოტლანდიის უკანასკნელი მეფე,შ,Film,ფილმი
შოუ თაგვთან ერთად,შ,Film,ფილმი
შოშია,შ,Animal,ცხოველი
შოშტანი,შ,City,ქალაქი
შოჩუ,შ,Food,საკვები
შპეტივკა,შ,City,ქალაქი
შპიტალ ან დერ დრაუ,შ,City,ქალაქი
შპიტალ-ან-დერ-დრაუ,შ,City,ქალაქი
შპიტალანდერდრაუ,შ,City,ქალაქი
შპლიუგენი,შ,City,ქალაქი
შპრეე,შ,River,მდინარე
შრასიგი,შ,City,ქალაქი
შრეკი,შ,Film,ფილმი
შრეკი 2,შ,Film,ფილმი
შრეკი 3,შ,Film,ფილმი
შრეკი სამუდამოდ,შ,Film,ფილმი
შრი ლანკა,შ,Country,ქვეყანა
შრი ჯაიავარდენეპურა კოტე,შ,City,ქალაქი
შრი-ლანკა,შ,Country,ქვეყანა
შრი-ლანკის დემოკრატიული სოციალისტური რესპუბლიკა,შ,Country,ქვეყანა
შრი-ჯაიავარდენეპურა-კოტე,შ,City,ქალაქი
შრი-ჯაიევარდენეპურა-კოტე,შ,City,ქალაქი
შრილანკა,შ,Country,ქვეყანა
შრინაგარი,შ,City,ქალაქი
შრიჯაიავარდენეპურაკოტე,შ,City,ქალაქი
შროშანი,შ,Plant,მცენარე
შტადე,შ,City,ქალაქი
შტადტ-ვინტერტური (კრაის 1),შ,City,ქალაქი
შტაინბირი,შ,Food,საკვები
შტაინსელი,შ,City,ქალაქი
შტაინფორტი,შ,City,ქალაქი
შტაირი,შ,City,ქალაქი
შტეგი,შ,City,ქალაქი
შტეფისბურგი,შ,City,ქალაქი
შტიპი,შ,City,ქალაქი
შტოკერაუ,შ,City,ქალაქი
შტოში,შ,Plant,მცენარე
შტრალზუნდი,შ,City,ქალაქი
შტრასენი,შ,City,ქალაქი
შტრო,შ,Food,საკვები
შტუტგარტი,შ,City,ქალაქი
შუ,შ,City,ქალაქი
შუა ფრონე,შ,River,მდინარე
შუა ქალაქში,შ,Film,ფილმი
შუადღის,შ,Film,ფილმი
შუადღის ლამაზმანი,შ,Film,ფილმი
შუანგიაშანი,შ,City,ქალაქი
შუაღამე,შ,Film,ფილმი
შუაღამე პარიზში,შ,Film,ფილმი
შუაღამის,შ,Film,ფილმი
შუაღამის კოვბოი,შ,Film,ფილმი
შუახევი,შ,City,ქალაქი
შუბარყუდუყი,შ,City,ქალაქი
შუბრა ელ ჰეიმა,შ,City,ქალაქი
შუბრა-ელ-ჰეიმა,შ,City,ქალაქი
შუბრაელჰეიმა,შ,City,ქალაქი
შუგარლენდის,შ,Film,ფილმი
შუგარლენდის ექსპრესი,შ,Film,ფილმი
შუგირკი,შ,City,ქალაქი
შუვაილერი,შ,City,ქალაქი
შულავერი,შ,River,მდინარე
შუმანაი,შ,City,ქალაქი
შუმენი,შ,City,ქალაქი
შურა,შ,Name,სახელი
შურბანი,შ,City,ქალაქი
შურთხი,შ,Animal,ცხოველი
შურისმაძიებლები,შ,Film,ფილმი
შურისმაძიებლები დასასრული,შ,Film,ფილმი
შურისმაძიებლები ულტრონის ეპოქა,შ,Film,ფილმი
შურისმაძიებლები უსასრულობის ომი,შ,Film,ფილმი
შურისმაძიებლები: დასასრული,შ,Film,ფილმი
შურისმაძიებლები: ულტრონის ეპოქა,შ,Film,ფილმი
შურისმაძიებლები: უსასრულობის ომი,შ,Film,ფილმი
შურისძიების,შ,Film,ფილმი
შურისძიების წყურვილი,შ,Film,ფილმი
შურობი,შ,City,ქალაქი
შურუგვი,შ,City,ქალაქი
შუტრანჟი,შ,City,ქალაქი
შუქია,შ,Name,სახელი
შუქრი,შ,Name,სახელი
შუშანა,შ,Name,სახელი
შუშანიკ,შ,Name,სახელი
შუშვე,შ,River,მდინარე
შუჯააბადი,შ,City,ქალაქი
შფარამი,შ,City,ქალაქი
შქერი,შ,Plant,მცენარე
შჩეცინი,შ,City,ქალაქი
შჩუჩინსკი,შ,City,ქალაქი
შահუმიანი,შ,City,ქალაქი
ჩა-ამი,ჩ,City,ქალაქი
ჩაანგი,ჩ,Food,საკვები
ჩაბარუხი,ჩ,River,მდინარე
ჩაბარუხისწყალი,ჩ,River,მდინარე
ჩაგუანასი,ჩ,City,ქალაქი
ჩადი,ჩ,Country,ქვეყანა
ჩადიზა,ჩ,City,ქალაქი
ჩადირ ლუნგა,ჩ,City,ქალაქი
ჩადირ-ლუნგა,ჩ,City,ქალაქი
ჩადირლუნგა,ჩ,City,ქალაქი
ჩადის რესპუბლიკა,ჩ,Country,ქვეყანა
ჩავანმუში,ჩ,Food,საკვები
ჩავუსი,ჩ,City,ქალაქი
ჩათაკი,ჩ,City,ქალაქი
ჩათამ-კენტი,ჩ,City,ქალაქი
ჩაი,ჩ,Plant,მცენარე
ჩაი გირჩის მარცვლებით,ჩ,Food,საკვები
ჩაიაფუმი,ჩ,City,ქალაქი
ჩაიიაფუმი,ჩ,City,ქალაქი
ჩაილური,ჩ,River,მდინარე
ჩაიოტი,ჩ,Food,საკვები
ჩაის,ჩ,Food,საკვები
ჩაის საერთაშორისო დღე,ჩ,Food,საკვები
ჩაის სოკო,ჩ,Food,საკვები
ჩაის ცერემონია აღმოსავლეთ,ჩ,Food,საკვები
ჩაის ცერემონია აღმოსავლეთ აზიაში,ჩ,Food,საკვები
ჩაკაბუკო,ჩ,City,ქალაქი
ჩაკარი,ჩ,City,ქალაქი
ჩაკარიტა,ჩ,City,ქალაქი
ჩაკვალი,ჩ,City,ქალაქი
ჩაკი,ჩ,Name,სახელი
ჩაკოვეცი,ჩ,City,ქალაქი
ჩალატენანგო,ჩ,City,ქალაქი
ჩალკო-დე-დიას-კოვარუბიასი,ჩ,City,ქალაქი
ჩალჩუაპა,ჩ,City,ქალაქი
ჩამა,ჩ,City,ქალაქი
ჩამანი,ჩ,City,ქალაქი
ჩამბა,ჩ,City,ქალაქი
ჩამბარაკი,ჩ,City,ქალაქი
ჩამბასი,ჩ,City,ქალაქი
ჩამბეში,ჩ,River,მდინარე
ჩამბიში,ჩ,City,ქალაქი
ჩამე,ჩ,City,ქალაქი
ჩამიჩი,ჩ,Food,საკვები
ჩამოსვლა,ჩ,Film,ფილმი
ჩამოხეული,ჩ,Film,ფილმი
ჩამოხეული ფარდა,ჩ,Film,ფილმი
ჩამჩამალი,ჩ,City,ქალაქი
ჩანაქკალე,ჩ,City,ქალაქი
ჩანაცვლებული,ჩ,Film,ფილმი
ჩანგვატ-რაიონგი,ჩ,City,ქალაქი
ჩანგინოლა,ჩ,City,ქალაქი
ჩანგჟი,ჩ,City,ქალაქი
ჩანგჟოუ,ჩ,City,ქალაქი
ჩანგუინოლა,ჩ,City,ქალაქი
ჩანგშა,ჩ,City,ქალაქი
ჩანგჩუნი,ჩ,City,ქალაქი
ჩანდიგარჰი,ჩ,City,ქალაქი
ჩანდრა,ჩ,City,ქალაქი
ჩანთაბური,ჩ,City,ქალაქი
ჩანიონი,ჩ,City,ქალაქი
ჩანკაი,ჩ,City,ქალაქი
ჩანქირი,ჩ,City,ქალაქი
ჩანშა,ჩ,City,ქალაქი
ჩანჩუნი,ჩ,City,ქალაქი
ჩაპარე,ჩ,River,მდინარე
ჩაპელტიკე,ჩ,City,ქალაქი
ჩაპლინა,ჩ,City,ქალაქი
ჩარ ბადრასანი,ჩ,City,ქალაქი
ჩარ ბურჯი,ჩ,City,ქალაქი
ჩარალიავე,ჩ,City,ქალაქი
ჩარგლულა,ჩ,River,მდინარე
ჩარენცავანი,ჩ,City,ქალაქი
ჩარი,ჩ,Film,ფილმი
ჩარი რამა,ჩ,Film,ფილმი
ჩარიკარი,ჩ,City,ქალაქი
ჩარიქარი,ჩ,City,ქალაქი
ჩარლზი,ჩ,Name,სახელი
ჩარლზტაუნი,ჩ,City,ქალაქი
ჩარლი,ჩ,Name,სახელი
ჩარლი და შოკოლადის ქარხანა,ჩ,Film,ფილმი
ჩარლოტენლუნდი,ჩ,City,ქალაქი
ჩარსადა,ჩ,City,ქალაქი
ჩასონგი,ჩ,City,ქალაქი
ჩაუკი,ჩ,City,ქალაქი
ჩაუორუ,ჩ,City,ქალაქი
ჩაუპიმარკა,ჩ,City,ქალაქი
ჩაქაფული,ჩ,Food,საკვები
ჩაქვი,ჩ,City,ქალაქი
ჩაქვისწყალი,ჩ,River,მდინარე
ჩაშნიკი,ჩ,City,ქალაქი
ჩაჩაპოიასი,ჩ,City,ქალაქი
ჩაჩოენგსაო,ჩ,City,ქალაქი
ჩახლართული,ჩ,Film,ფილმი
ჩაჰჩარანი,ჩ,City,ქალაქი
ჩე,ჩ,Film,ფილმი
ჩე გევარას ხელები,ჩ,Film,ფილმი
ჩეგემი,ჩ,River,მდინარე
ჩეგუტუ,ჩ,City,ქალაქი
ჩევა,ჩ,City,ქალაქი
ჩევაპი,ჩ,Food,საკვები
ჩეზანი,ჩ,City,ქალაქი
ჩეზენა,ჩ,City,ქალაქი
ჩელეთი,ჩ,City,ქალაქი
ჩელთი,ჩ,River,მდინარე
ჩელიაბინსკი,ჩ,City,ქალაქი
ჩელიკუ,ჩ,City,ქალაქი
ჩემი,ჩ,Film,ფილმი
ჩემი ბებია,ჩ,Film,ფილმი
ჩემი ბიძა,ჩ,Film,ფილმი
ჩემი ბოშები,ჩ,Film,ფილმი
ჩემი ბრალი,ჩ,Film,ფილმი
ჩემი ბრალი ლონდონი,ჩ,Film,ფილმი
ჩემი ბრალი: ლონდონი,ჩ,Film,ფილმი
ჩემი გული ვუნდიდ,ჩ,Film,ფილმი
ჩემი გული ვუნდიდ ნიში დამარხეთ,ჩ,Film,ფილმი
ჩემი გული მოითხოვს,ჩ,Film,ფილმი
ჩემი გული მოითხოვს... ლოლა ვოლკანს,ჩ,Film,ფილმი
ჩემი დედინაცვალი უცხოპლანეტელია,ჩ,Film,ფილმი
ჩემი მარცხენა ფეხი,ჩ,Film,ფილმი
ჩემი მეგობარი ნოდარი,ჩ,Film,ფილმი
ჩემი მეზობელი ტოტორო,ჩ,Film,ფილმი
ჩემი მფარველი ანგელოზი,ჩ,Film,ფილმი
ჩემი მშვენიერი ლედი,ჩ,Film,ფილმი
ჩემი საზიზღარი გოგონა,ჩ,Film,ფილმი
ჩემი სამშობლო,ჩ,Film,ფილმი
ჩემი სამშობლო შენ ხარ,ჩ,Film,ფილმი
ჩემი სიძულვილის,ჩ,Film,ფილმი
ჩემი სიძულვილის 10 მიზეზი,ჩ,Film,ფილმი
ჩემი ქალაქის ვარსკვლავი,ჩ,Film,ფილმი
ჩემი ცოლის დაქალები,ჩ,Film,ფილმი
ჩემი ძმა,ჩ,Film,ფილმი
ჩემი ძმა 2,ჩ,Film,ფილმი
ჩემიას თესლი,ჩ,Plant,მცენარე
ჩემპიონი,ჩ,Film,ფილმი
ჩემს,ჩ,Film,ფილმი
ჩემს მეხსიერებაში,ჩ,Film,ფილმი
ჩემს ყოფილს ვუნდივარ,ჩ,Film,ფილმი
ჩენაი,ჩ,City,ქალაქი
ჩენგდუ,ჩ,City,ქალაქი
ჩენდუ,ჩ,City,ქალაქი
ჩენსტოხოვა,ჩ,City,ქალაქი
ჩეპელტონი,ჩ,City,ქალაქი
ჩეპენი,ჩ,City,ქალაქი
ჩეპინგი,ჩ,City,ქალაქი
ჩეპო,ჩ,City,ქალაქი
ჩერეკი,ჩ,River,მდინარე
ჩერვენ ბრიაგი,ჩ,City,ქალაქი
ჩერვონოგრადი,ჩ,City,ქალაქი
ჩერი,ჩ,Food,საკვები
ჩერივილი,ჩ,City,ქალაქი
ჩერიკავი,ჩ,City,ქალაქი
ჩერიკი,ჩ,City,ქალაქი
ჩერიონგ-იუპი,ჩ,City,ქალაქი
ჩერკასი,ჩ,City,ქალაქი
ჩერნიგოვი,ჩ,City,ქალაქი
ჩერნივცი,ჩ,City,ქალაქი
ჩერნობილი,ჩ,City,ქალაქი
ჩერნოგორია,ჩ,Country,ქვეყანა
ჩერჩენი,ჩ,River,მდინარე
ჩერჩილი,ჩ,City,ქალაქი
ჩესტერი,ჩ,City,ქალაქი
ჩესტოხოვა,ჩ,City,ქალაქი
ჩეტუმალი,ჩ,City,ქალაქი
ჩეფცა,ჩ,River,მდინარე
ჩექმებიანი,ჩ,Film,ფილმი
ჩექმებიანი კატა,ჩ,Film,ფილმი
ჩეშმე,ჩ,City,ქალაქი
ჩეჩნეთი,ჩ,Country,ქვეყანა
ჩეხანუვი,ჩ,City,ქალაქი
ჩეხეთი,ჩ,Country,ქვეყანა
ჩეხეთის რესპუბლიკა,ჩ,Country,ქვეყანა
ჩეხური,ჩ,Food,საკვები
ჩეხური ლუდი,ჩ,Food,საკვები
ჩეხური ღვინო,ჩ,Food,საკვები
ჩეჯუ,ჩ,City,ქალაქი
ჩვენ ანგელოზები არ ვართ,ჩ,Film,ფილმი
ჩვენ ვიყიდეთ ზოოპარკი,ჩ,Film,ფილმი
ჩვენ რობოტი დაგვეხმარება,ჩ,Film,ფილმი
ჩვენთან,ჩ,Film,ფილმი
ჩვენი,ჩ,Film,ფილმი
ჩვენი ეზო,ჩ,Film,ფილმი
ჩვენი მამების დროშები,ჩ,Film,ფილმი
ჩვენი პირველი სერიალი,ჩ,Film,ფილმი
ჩვეულებრივი,ჩ,Food,საკვები
ჩვეულებრივი პომიდორი,ჩ,Food,საკვები
ჩვეულებრივი შინდი,ჩ,Food,საკვები
ჩია,ჩ,Plant,მცენარე
ჩიამისი,ჩ,City,ქალაქი
ჩიამპეა,ჩ,City,ქალაქი
ჩიანგ-მაი,ჩ,City,ქალაქი
ჩიანგ-რაი,ჩ,City,ქალაქი
ჩიანჯური,ჩ,City,ქალაქი
ჩიბა,ჩ,City,ქალაქი
ჩიბანგა,ჩ,City,ქალაქი
ჩიბინონგი,ჩ,City,ქალაქი
ჩიბომბო,ჩ,City,ქალაქი
ჩიგასაკი,ჩ,City,ქალაქი
ჩიგირი არიბა,ჩ,City,ქალაქი
ჩიგირი-არიბა,ჩ,City,ქალაქი
ჩიგირიარიბა,ჩ,City,ქალაქი
ჩიგორე,ჩ,City,ქალაქი
ჩიგუაიანტე,ჩ,City,ქალაქი
ჩივილკოი,ჩ,City,ქალაქი
ჩივჰუ,ჩ,City,ქალაქი
ჩიკაგო,ჩ,City,ქალაქი
ჩიკაგოს,ჩ,Film,ფილმი
ჩიკაგოს მეხანძრეები,ჩ,Film,ფილმი
ჩიკაკო,ჩ,City,ქალაქი
ჩიკამპეკი,ჩ,City,ქალაქი
ჩიკაპა,ჩ,City,ქალაქი
ჩიკვიმულა,ჩ,City,ქალაქი
ჩიკვიმულილია,ჩ,City,ქალაქი
ჩიკლაიო,ჩ,City,ქალაქი
ჩიკლანა დე ლა ფრონტერა,ჩ,City,ქალაქი
ჩიკუპა,ჩ,City,ქალაქი
ჩილავი,ჩ,City,ქალაქი
ჩილდირი,ჩ,City,ქალაქი
ჩილე,ჩ,Country,ქვეყანა
ჩილეგონი,ჩ,City,ქალაქი
ჩილეს რესპუბლიკა,ჩ,Country,ქვეყანა
ჩილეუნგსი,ჩ,City,ქალაქი
ჩილეური,ჩ,Food,საკვები
ჩილეური ღვინო,ჩ,Food,საკვები
ჩილი,ჩ,Food,საკვები
ჩილიანი,ჩ,City,ქალაქი
ჩილიბრე,ჩ,City,ქალაქი
ჩილივაკი,ჩ,City,ქალაქი
ჩილილაბომბვე,ჩ,City,ქალაქი
ჩილმარი,ჩ,City,ქალაქი
ჩილონი,ჩ,River,მდინარე
ჩილპანსინგო,ჩ,City,ქალაქი
ჩილპანსინგო-დე-ლოს-ბრავოსი,ჩ,City,ქალაქი
ჩიმალთენანგო,ჩ,City,ქალაქი
ჩიმანიმანი,ჩ,City,ქალაქი
ჩიმაჰი,ჩ,City,ქალაქი
ჩიმბარონგო,ჩ,City,ქალაქი
ჩიმბოტე,ჩ,City,ქალაქი
ჩინ-ტაბარადენე,ჩ,City,ქალაქი
ჩინაბი,ჩ,River,მდინარე
ჩინამეკა,ჩ,City,ქალაქი
ჩინანდეგა,ჩ,City,ქალაქი
ჩინარლი,ჩ,City,ქალაქი
ჩინაუტლა,ჩ,City,ქალაქი
ჩინგოლა,ჩ,City,ქალაქი
ჩინდინი,ჩ,City,ქალაქი
ჩინეთი,ჩ,Country,ქვეყანა
ჩინეთის რესპუბლიკა (ტაივანი),ჩ,Country,ქვეყანა
ჩინეთის სახალხო რესპუბლიკა,ჩ,Country,ქვეყანა
ჩინიზელო-ბალზამო,ჩ,City,ქალაქი
ჩინიოტი,ჩ,City,ქალაქი
ჩინსალი,ჩ,City,ქალაქი
ჩინური,ჩ,Film,ფილმი
ჩინური კვარტალი,ჩ,Film,ფილმი
ჩინური სინდრომი,ჩ,Film,ფილმი
ჩინფიონი,ჩ,City,ქალაქი
ჩინჩა ალტა,ჩ,City,ქალაქი
ჩინჩა-ალტა,ჩ,City,ქალაქი
ჩინჩაალტა,ჩ,City,ქალაქი
ჩინჰოი,ჩ,City,ქალაქი
ჩიორა,ჩ,Name,სახელი
ჩიპატა,ჩ,City,ქალაქი
ჩიპინგე,ჩ,City,ქალაქი
ჩიპოკა,ჩ,City,ქალაქი
ჩიპუტატი,ჩ,City,ქალაქი
ჩირასი,ჩ,City,ქალაქი
ჩირაძულუ,ჩ,City,ქალაქი
ჩირებონი,ჩ,City,ქალაქი
ჩირედზი,ჩ,City,ქალაქი
ჩირიკი,ჩ,City,ქალაქი
ჩირიკი გრანდე,ჩ,City,ქალაქი
ჩირიკი-გრანდე,ჩ,City,ქალაქი
ჩირიკიგრანდე,ჩ,City,ქალაქი
ჩირილაგუა,ჩ,City,ქალაქი
ჩირონკამბა,ჩ,City,ქალაქი
ჩირპანი,ჩ,City,ქალაქი
ჩირუნდუ,ჩ,City,ქალაქი
ჩირუხისწყალი,ჩ,River,მდინარე
ჩისამბა,ჩ,City,ქალაქი
ჩისეკი,ჩ,City,ქალაქი
ჩიტა,ჩ,City,ქალაქი
ჩიტა დი კასტელო,ჩ,City,ქალაქი
ჩიტა-დი-კასტელო,ჩ,City,ქალაქი
ჩიტაგონგი,ჩ,City,ქალაქი
ჩიტადიკასტელო,ჩ,City,ქალაქი
ჩიტები,ჩ,Film,ფილმი
ჩიტი,ჩ,Animal,ცხოველი
ჩიტიპა,ჩ,City,ქალაქი
ჩიტო,ჩ,Name,სახელი
ჩიტოსე,ჩ,River,მდინარე
ჩიტრე,ჩ,City,ქალაქი
ჩიტროუნი,ჩ,City,ქალაქი
ჩიტტაგონი,ჩ,City,ქალაქი
ჩიტუნგვიზა,ჩ,City,ქალაქი
ჩიუაუა,ჩ,City,ქალაქი
ჩიშტიან-მანდი,ჩ,City,ქალაქი
ჩიჩავატნი,ჩ,City,ქალაქი
ჩიჩემე,ჩ,Food,საკვები
ჩიჩიგალპა,ჩ,City,ქალაქი
ჩიჩიკასტენანგო,ჩ,City,ქალაქი
ჩიხუახუა,ჩ,Animal,ცხოველი
ჩიხურა,ჩ,River,მდინარე
ჩკალოვსკი,ჩ,City,ქალაქი
ჩლებიჩეკი,ჩ,Food,საკვები
ჩოიბალსანი,ჩ,City,ქალაქი
ჩოირი,ჩ,City,ქალაქი
ჩოკოპე,ჩ,City,ქალაქი
ჩოლაბური,ჩ,River,მდინარე
ჩოლლაკი,ჩ,City,ქალაქი
ჩოლომა,ჩ,City,ქალაქი
ჩოლოქი,ჩ,River,მდინარე
ჩოლპონ ატა,ჩ,City,ქალაქი
ჩოლპონ-ატა,ჩ,City,ქალაქი
ჩოლპონატა,ჩ,City,ქალაქი
ჩოლულა,ჩ,City,ქალაქი
ჩომა,ჩ,City,ქალაქი
ჩომონი,ჩ,City,ქალაქი
ჩონ-ბური,ჩ,City,ქალაქი
ჩონგვე,ჩ,City,ქალაქი
ჩონგოიაპე,ჩ,City,ქალაქი
ჩონგრადი,ჩ,City,ქალაქი
ჩონგჯინი,ჩ,City,ქალაქი
ჩონგჯუ-იუპი,ჩ,City,ქალაქი
ჩონე,ჩ,City,ქალაქი
ჩორატი,ჩ,City,ქალაქი
ჩორბოღი,ჩ,City,ქალაქი
ჩორლუ,ჩ,City,ქალაქი
ჩორსუ,ჩ,City,ქალაქი
ჩორუმი,ჩ,City,ქალაქი
ჩოსიკა,ჩ,City,ქალაქი
ჩოუ-ჩოუ,ჩ,Animal,ცხოველი
ჩოფუ,ჩ,City,ქალაქი
ჩოჩარა,ჩ,Film,ფილმი
ჩოჩორი,ჩ,Animal,ცხოველი
ჩოხატაური,ჩ,City,ქალაქი
ჩრდილი,ჩ,Film,ფილმი
ჩრდილი გზაზე,ჩ,Film,ფილმი
ჩრდილო მარიანას კუნძულები,ჩ,Country,ქვეყანა
ჩრდილოეთ კორეა,ჩ,Country,ქვეყანა
ჩრდილოეთ მაკედონია,ჩ,Country,ქვეყანა
ჩრდილოეთ მაკედონიის რესპუბლიკა,ჩ,Country,ქვეყანა
ჩრდილოეთი კორეა,ჩ,Country,ქვეყანა
ჩრდილოეთი მაკედონია,ჩ,Country,ქვეყანა
ჩრდილოეთი ხარტუმი,ჩ,City,ქალაქი
ჩრდილოეთის,ჩ,Film,ფილმი
ჩრდილოეთის დვინა,ჩ,River,მდინარე
ჩრდილოეთის დონეცი,ჩ,River,მდინარე
ჩრდილოეთის ქვეყანა,ჩ,Film,ფილმი
ჩრნა-ნა-კოროშკემ,ჩ,City,ქალაქი
ჩრნომელი,ჩ,City,ქალაქი
ჩრჩილი,ჩ,Animal,ცხოველი
ჩუ,ჩ,River,მდინარე
ჩუბეკი,ჩ,City,ქალაქი
ჩუბუტი,ჩ,River,მდინარე
ჩუი,ჩ,City,ქალაქი
ჩუკა,ჩ,City,ქალაქი
ჩუკაი,ჩ,City,ქალაქი
ჩულიმი,ჩ,River,მდინარე
ჩულუკანასი,ჩ,City,ქალაქი
ჩუმ-ფაე,ჩ,City,ქალაქი
ჩუმი,ჩ,Film,ფილმი
ჩუმი ადგილი,ჩ,Film,ფილმი
ჩუმი ადგილი დღე,ჩ,Film,ფილმი
ჩუმი ადგილი დღე პირველი,ჩ,Film,ფილმი
ჩუმი ადგილი ნაწილი,ჩ,Film,ფილმი
ჩუმი ადგილი ნაწილი 2,ჩ,Film,ფილმი
ჩუმი ადგილი: დღე პირველი,ჩ,Film,ფილმი
ჩუმი ადგილი: ნაწილი,ჩ,Film,ფილმი
ჩუმი ადგილი: ნაწილი 2,ჩ,Film,ფილმი
ჩუმი დუელი,ჩ,Film,ფილმი
ჩუმფონი,ჩ,City,ქალაქი
ჩუნგჰვა-იუპი,ჩ,City,ქალაქი
ჩუნცინი,ჩ,City,ქალაქი
ჩურნი,ჩ,River,მდინარე
ჩურუგი,ჩ,City,ქალაქი
ჩურუკიტა გრანდე,ჩ,City,ქალაქი
ჩურუკიტა ჩიკიტა,ჩ,City,ქალაქი
ჩურუკიტა-გრანდე,ჩ,City,ქალაქი
ჩურუკიტა-ჩიკიტა,ჩ,City,ქალაქი
ჩურუკიტაგრანდე,ჩ,City,ქალაქი
ჩურუკიტაჩიკიტა,ჩ,City,ქალაქი
ჩურჩული,ჩ,Film,ფილმი
ჩურჩული და კივილი,ჩ,Film,ფილმი
ჩურჩხელა,ჩ,Food,საკვები
ჩუსოვაია,ჩ,River,მდინარე
ჩუჰარ-კანა,ჩ,City,ქალაქი
ჩქარი თანიფი,ჩ,River,მდინარე
ჩხალთა,ჩ,River,მდინარე
ჩხარა,ჩ,River,მდინარე
ჩხარი,ჩ,City,ქალაქი
ჩხერი,ჩ,River,მდინარე
ჩხერიმელა,ჩ,River,მდინარე
ჩხიკვთა,ჩ,Film,ფილმი
ჩხიკვთა ქორწილი,ჩ,Film,ფილმი
ჩხოროწყუ,ჩ,City,ქალაქი
ჩხოროწყური,ჩ,City,ქალაქი
ჩხოუ,ჩ,River,მდინარე
ჩხოუში,ჩ,River,მდინარე
ც.ა.რ.,ც,Country,ქვეყანა
ცა ბერლინის თავზე,ც,Film,ფილმი
ცაბუ,ც,Name,სახელი
ცაბუკა,ც,Name,სახელი
ცაგერი,ც,City,ქალაქი
ცაგო,ც,Name,სახელი
ცაზინი,ც,City,ქალაქი
ცამალა,ც,Name,სახელი
ცამეტი,ც,Film,ფილმი
ცარატანანა,ც,City,ქალაქი
ცარო,ც,Name,სახელი
ცარცულა,ც,River,მდინარე
ცას,ც,Film,ფილმი
ცას და მიწას შორის,ც,Film,ფილმი
ცაუჩაბი,ც,River,მდინარე
ცაცა,ც,Name,სახელი
ცაცო,ც,Name,სახელი
ცაცხვი,ც,Plant,მცენარე
ცაცხი,ც,Plant,მცენარე
ცებულარცი,ც,Food,საკვები
ცეგლედი,ც,City,ქალაქი
ცევიე,ც,City,ქალაქი
ცეზარი,ც,Food,საკვები
ცეილონი,ც,Country,ქვეყანა
ცეილონის,ც,Food,საკვები
ცეილონის ჩაი,ც,Food,საკვები
ცეირანბატანი,ც,City,ქალაქი
ცელ ამ ზი,ც,City,ქალაქი
ცელიე,ც,City,ქალაქი
ცელინაცი,ც,City,ქალაქი
ცენტარული აფრიკის რესპუბლიკა,ც,Country,ქვეყანა
ცენტრ დე ფლაკი,ც,City,ქალაქი
ცენტრალური აფრიკის რესპუბლიკა,ც,Country,ქვეყანა
ცენტურიონი,ც,City,ქალაქი
ცეპინი,ც,City,ქალაქი
ცერეცო,ც,Plant,მცენარე
ცერკნიცა,ც,City,ქალაქი
ცერნა,ც,City,ქალაქი
ცეროდენა,ც,Film,ფილმი
ცეროდენა რაინდები,ც,Film,ფილმი
ცერცვი,ც,Plant,მცენარე
ცესვაინე,ც,City,ქალაქი
ცესისი,ც,City,ქალაქი
ცეტინიე,ც,City,ქალაქი
ცეცერლეგი,ც,City,ქალაქი
ცვატა,ც,Name,სახელი
ცვეტლი,ც,City,ქალაქი
ცვიკაუ,ც,City,ქალაქი
ცვილის,ც,Film,ფილმი
ცვილის ფიგურების სახლი,ც,Film,ფილმი
ცია,ც,Name,სახელი
ციაკო,ც,Name,სახელი
ციალა,ც,Name,სახელი
ცივი,ც,River,მდინარე
ცინარა,ც,Name,სახელი
ცინგდაო,ც,City,ქალაქი
ცინდაო,ც,City,ქალაქი
ცინცინატი,ც,City,ქალაქი
ცინჰუანდაო,ც,City,ქალაქი
ციოგო დე ავილა,ც,City,ქალაქი
ციომბე,ც,City,ქალაქი
ციოყ,ც,Name,სახელი
ცირა,ც,Name,სახელი
ციროანომანდიდი,ც,City,ქალაქი
ცის ნაჭერი,ც,Film,ფილმი
ცისანა,ც,Name,სახელი
ცისია,ც,Name,სახელი
ცისკარა,ც,Name,სახელი
ცისკრის,ც,Film,ფილმი
ცისკრის ზარები,ც,Film,ფილმი
ცისმარა,ც,Name,სახელი
ცისნამი,ც,Name,სახელი
ცისფერი,ც,Film,ფილმი
ცისფერი მთები ანუ,ც,Film,ფილმი
ცისფერი მთები ანუ დაუჯერებელი ამბავი,ც,Film,ფილმი
ცისფერი ნილოსი,ც,River,მდინარე
ციტლუკი,ც,City,ქალაქი
ციტრუსი,ც,Plant,მცენარე
ციტრუსოვანი,ც,Food,საკვები
ციტრუსოვანი კულტურები,ც,Food,საკვები
ციუიფუ,ც,City,ქალაქი
ციური,ც,Name,სახელი
ციურიხი,ც,City,ქალაქი
ციყვი,ც,Animal,ცხოველი
ციჩლიდი,ც,Animal,ცხოველი
ციცა,ც,Name,სახელი
ციცანა,ც,Name,სახელი
ციცი,ც,Name,სახელი
ციცია,ც,Name,სახელი
ციცინათელა,ც,Animal,ცხოველი
ციცინათელები,ც,Film,ფილმი
ციცინათელები ბაღში,ც,Film,ფილმი
ციცინათელების,ც,Film,ფილმი
ციცინათელების საფლავი,ც,Film,ფილმი
ციცინო,ც,Name,სახელი
ციციჰარი,ც,City,ქალაქი
ციცო,ც,Name,სახელი
ციხიდან,ც,Film,ფილმი
ციხიდან გაქცევა,ც,Film,ფილმი
ცოვაგიუ,ც,City,ქალაქი
ცოვინარი,ც,City,ქალაქი
ცოროვოდე,ც,City,ქალაქი
ცოტნე,ც,Name,სახელი
ცოფიანი,ც,Film,ფილმი
ცოფიანი ძაღლები,ც,Film,ფილმი
ცოფიანი ძაღლი,ც,Film,ფილმი
ცოფიანი ძაღლი და გლორი,ც,Film,ფილმი
ცოფიანი ხარი,ც,Film,ფილმი
ცოქალა,ც,Name,სახელი
ცოცხი,ც,Plant,მცენარე
ცრიკვენიცა,ც,City,ქალაქი
ცრნიცი,ც,City,ქალაქი
ცუგი,ც,City,ქალაქი
ცუდებს,ც,Film,ფილმი
ცუდებს მშვიდად სძინავთ,ც,Film,ფილმი
ცუდი,ც,Film,ფილმი
ცუდი აღზრდა,ც,Film,ფილმი
ცუდი გოგოები,ც,Film,ფილმი
ცუკატი,ც,Food,საკვები
ცუკუნე,ც,Food,საკვები
ცუცა,ც,Name,სახელი
ცფათი,ც,City,ქალაქი
ცხელი,ც,Film,ფილმი
ცხელი ზაფხულის სამი,ც,Film,ფილმი
ცხელი ზაფხულის სამი დღე,ც,Film,ფილმი
ცხენი,ც,Animal,ცხოველი
ცხენის წყალი,ც,River,მდინარე
ცხენისწალი,ც,River,მდინარე
ცხენისწყალი,ც,River,მდინარე
ცხენიშწყარი,ც,River,მდინარე
ცხვარი,ც,Animal,ცხოველი
ცხინვალი,ც,City,ქალაქი
ცხოვრება,ც,Film,ფილმი
ცხოვრება დონ კიხოტისა,ც,Film,ფილმი
ცხოვრება დონ კიხოტისა და სანჩოსი,ც,Film,ფილმი
ცხოვრება ვარდისფერ ფერებში,ც,Film,ფილმი
ცხოვრება მშვენიერია,ც,Film,ფილმი
ცხოვრება საკუთარი ცხოვრებით,ც,Film,ფილმი
ცხოვრება ჩემია,ც,Film,ფილმი
ცხოვრება წელიწადში,ც,Film,ფილმი
ცხოვრებით,ც,Film,ფილმი
ცხოვრებით ცუდი ბიჭები,ც,Film,ფილმი
ცხრაძმულა,ც,River,მდინარე
ძაბული,ძ,Name,სახელი
ძაბულო,ძ,Name,სახელი
ძაგან,ძ,Name,სახელი
ძალიან,ძ,Film,ფილმი
ძალიან მნიშვნელოვანი პერსონები,ძ,Film,ფილმი
ძალიან საშიში კინო,ძ,Film,ფილმი
ძამა,ძ,River,მდინარე
ძარაგოზა,ძ,City,ქალაქი
ძაუჯიყაუ,ძ,City,ქალაქი
ძაღლი,ძ,Animal,ცხოველი
ძაღლიკა,ძ,Name,სახელი
ძაღლის,ძ,Film,ფილმი
ძაღლის გული,ძ,Film,ფილმი
ძაღლის კუდის ქიცინი,ძ,Film,ფილმი
ძაღლური,ძ,Film,ფილმი
ძაღლური შუადღე,ძ,Film,ფილმი
ძაძუ,ძ,Name,სახელი
ძახილი,ძ,Film,ფილმი
ძეგამჩაი,ძ,River,მდინარე
ძედრი,ძ,City,ქალაქი
ძევრი,ძ,City,ქალაქი
ძევრულა,ძ,River,მდინარე
ძერჟინსკი,ძ,City,ქალაქი
ძეტა,ძ,Film,ფილმი
ძეხვი,ძ,Food,საკვები
ძეხვი და წიწაკა,ძ,Food,საკვები
ძველი განჯა,ძ,City,ქალაქი
ძველი რაუმა,ძ,City,ქალაქი
ძვირფასო,ძ,Film,ფილმი
ძვირფასო მ,ძ,Film,ფილმი
ძვლები,ძ,Film,ფილმი
ძიანმენი,ძ,City,ქალაქი
ძიარჟინსკი,ძ,City,ქალაქი
ძიატლავა,ძ,City,ქალაქი
ძიბო,ძ,City,ქალაქი
ძიგონგი,ძ,City,ქალაქი
ძიკა,ძ,Name,სახელი
ძინანი,ძ,City,ქალაქი
ძინძისწყალი,ძ,River,მდინარე
ძირითადი,ძ,Film,ფილმი
ძირითადი ინსტინქტი,ძ,Film,ფილმი
ძირითადი ინსტინქტი 2,ძ,Film,ფილმი
ძირულა,ძ,River,მდინარე
ძიუდოს,ძ,Film,ფილმი
ძიუდოს გენიოსი,ძ,Film,ფილმი
ძიუდოს გენიოსი ii,ძ,Film,ფილმი
ძიურუნგი,ძ,City,ქალაქი
ძიძია,ძ,Name,სახელი
ძმა,ძ,Film,ფილმი
ძმა დათვი,ძ,Film,ფილმი
ძმაო,ძ,Film,ფილმი
ძმაო სად ხარ,ძ,Film,ფილმი
ძმები,ძ,Film,ფილმი
ძმები ბლუზები,ძ,Film,ფილმი
ძორაგეტი,ძ,River,მდინარე
ძორაგიუ,ძ,City,ქალაქი
ძროხა,ძ,Animal,ცხოველი
ძუკნა,ძ,Film,ფილმი
ძუკუ,ძ,Name,სახელი
ძულუხურა,ძ,River,მდინარე
ძუსა,ძ,River,მდინარე
ძუუნმოდი,ძ,City,ქალაქი
ძუუნხარაა,ძ,City,ქალაქი
წაბლარასწყალი,წ,River,მდინარე
წაბლი,წ,Plant,მცენარე
წადა,წ,City,ქალაქი
წავი,წ,Animal,ცხოველი
წავი ჩუკა,წ,Film,ფილმი
წავკისისწყალი,წ,River,მდინარე
წათე,წ,Name,სახელი
წალენჯიხა,წ,City,ქალაქი
წალკა,წ,City,ქალაქი
წამზომი,წ,Film,ფილმი
წარმატებებს,წ,Film,ფილმი
წარმატებებს გისურვებ,წ,Film,ფილმი
წარმატებისკენ,წ,Film,ფილმი
წარმოსახვითი,წ,Film,ფილმი
წარმოსახვითი სიყვარული,წ,Film,ფილმი
წარმოუდგენელი,წ,Film,ფილმი
წარმოუდგენელი ჰალკი,წ,Film,ფილმი
წარმოშობა,წ,Film,ფილმი
წარსული,წ,Film,ფილმი
წაულა,წ,Animal,ცხოველი
წაღვერი,წ,City,ქალაქი
წაღკაძორი,წ,City,ქალაქი
წაჩხურა,წ,River,მდინარე
წერილები,წ,Film,ფილმი
წერილები ივო ჯიმადან,წ,Film,ფილმი
წერილი,წ,Film,ფილმი
წერილი სამ ცოლს,წ,Film,ფილმი
წერო,წ,Animal,ცხოველი
წეროები,წ,Film,ფილმი
წვენი,წ,Food,საკვები
წვეტლი შტიფტი,წ,City,ქალაქი
წვიმის,წ,Film,ფილმი
წვიმის კაცი,წ,Film,ფილმი
წვრილფეხა,წ,Film,ფილმი
წია,წ,Name,სახელი
წიგნი,წ,Film,ფილმი
წიგნი ფიცისა,წ,Film,ფილმი
წითელი,წ,Film,ფილმი
წითელი ეშმაკუნები,წ,Film,ფილმი
წითელი ვოლტა,წ,River,მდინარე
წითელი თეთრი,წ,Film,ფილმი
წითელი კარავი,წ,Film,ფილმი
წითელი უდაბნო,წ,Film,ფილმი
"წითელი, თეთრი",წ,Film,ფილმი
"წითელი, თეთრი და სამეფო ლურჯი",წ,Film,ფილმი
წითელქუდა,წ,Film,ფილმი
წითელწვერა,წ,Film,ფილმი
წინ,წ,Film,ფილმი
წინ წარმატებისკენ,წ,Film,ფილმი
წინანდალი,წ,City,ქალაქი
წინაპართა,წ,Film,ფილმი
წინაპართა მიწა,წ,Film,ფილმი
წინუბნისწყალი,წ,River,მდინარე
წიფელი,წ,Plant,მცენარე
წიფლოვნისწყალი,წ,River,მდინარე
წიწაკა,წ,Plant,მცენარე
წიწიბურა,წ,Plant,მცენარე
წიწილა,წ,Animal,ცხოველი
წიწმატი,წ,Plant,მცენარე
წიწოლა,წ,Name,სახელი
წიჯე,წ,City,ქალაქი
წკრიალა,წ,Film,ფილმი
წკრიალა საზამთრო,წ,Film,ფილმი
წლის,წ,Film,ფილმი
წლის შემდეგ,წ,Film,ფილმი
"წმიდა ელენე, ასენსიონი და ტრისტან და კუნია",წ,Country,ქვეყანა
წმიდა საყდარი,წ,Country,ქვეყანა
წმინდა,წ,Film,ფილმი
წმინდა ეკატერინე,წ,City,ქალაქი
წმინდა ლუსია,წ,Country,ქვეყანა
წმინდა საყდარი,წ,Country,ქვეყანა
წმინდა ძრავები,წ,Film,ფილმი
წნორი,წ,City,ქალაქი
წუთისოფელი,წ,Film,ფილმი
წუნა,წ,Film,ფილმი
წუნა და წრუწუნა,წ,Film,ფილმი
წუნდა,წ,City,ქალაქი
წყალობა,წ,Name,სახელი
წყალტუბო,წ,City,ქალაქი
წყალტუბოსწყალი,წ,River,მდინარე
წყალქვეშა,წ,Film,ფილმი
წყალქვეშა ნავი,წ,Film,ფილმი
წყალწითელა,წ,River,მდინარე
წყარო,წ,Film,ფილმი
წყლის,წ,Film,ფილმი
წყლის ფორმა,წ,Film,ფილმი
წყნეთი,წ,City,ქალაქი
წყურვილი,წ,Film,ფილმი
წყურვილი სიცოცხლისა,წ,Film,ფილმი
ჭაბუა,ჭ,Name,სახელი
ჭაბუკა,ჭ,Name,სახელი
ჭაბუკი,ჭ,Name,სახელი
ჭაბუკობაზე,ჭ,Film,ფილმი
ჭაბუკობაზე სინანულის გარეშე,ჭ,Film,ფილმი
ჭაგალნაია,ჭ,City,ქალაქი
ჭადარი,ჭ,Plant,მცენარე
ჭალილაბადი,ჭ,City,ქალაქი
ჭამბარაკი,ჭ,City,ქალაქი
ჭამე,ჭ,Film,ფილმი
ჭამე ილოცე შეიყვარე,ჭ,Film,ფილმი
ჭანგიე,ჭ,City,ქალაქი
ჭანისწყალი,ჭ,River,მდინარე
ჭანჭახი,ჭ,River,მდინარე
ჭანჭური,ჭ,Plant,მცენარე
ჭარებულა,ჭ,River,მდინარე
ჭარნალი,ჭ,River,მდინარე
ჭარხალი,ჭ,Plant,მცენარე
ჭარხლის,ჭ,Food,საკვები
ჭარხლის ნამცხვარი,ჭ,Food,საკვები
ჭაჭა,ჭ,Food,საკვები
ჭახვათა,ჭ,River,მდინარე
ჭელიათისწყალი,ჭ,River,მდინარე
ჭერათხევი,ჭ,River,მდინარე
ჭერამი,ჭ,Plant,მცენარე
ჭერმისხევი,ჭ,River,მდინარე
ჭვავი,ჭ,Plant,მცენარე
ჭვანისწყალი,ჭ,River,მდინარე
ჭვანტი,ჭ,Name,სახელი
ჭია,ჭ,Animal,ცხოველი
ჭიაბერ,ჭ,Name,სახელი
ჭიაბერი,ჭ,Name,სახელი
ჭიათურა,ჭ,City,ქალაქი
ჭიამაია,ჭ,Animal,ცხოველი
ჭიანჭველა,ჭ,Animal,ცხოველი
ჭიანჭველა z,ჭ,Film,ფილმი
ჭიანჭველაჭამია,ჭ,Animal,ცხოველი
ჭიაურისწყალი,ჭ,River,მდინარე
ჭიაყელა,ჭ,Animal,ცხოველი
ჭიდაობას,ჭ,Film,ფილმი
ჭიდაობას რა უნდა,ჭ,Film,ფილმი
ჭივჭავა,ჭ,River,მდინარე
ჭიის,ჭ,Film,ფილმი
ჭიის ხვრელის გავლით,ჭ,Film,ფილმი
ჭინჭარი,ჭ,Plant,მცენარე
ჭირვეული,ჭ,Film,ფილმი
ჭირვეული მეზობლები,ჭ,Film,ფილმი
ჭირვეულის,ჭ,Film,ფილმი
ჭირვეულის მორჯულება,ჭ,Film,ფილმი
ჭიროხი,ჭ,River,მდინარე
ჭიშურა,ჭ,River,მდინარე
ჭიჭიკია,ჭ,Name,სახელი
ჭიჭიკო,ჭ,Name,სახელი
ჭლაკვი,ჭ,Food,საკვები
ჭობარეთი,ჭ,River,მდინარე
ჭოლა,ჭ,Name,სახელი
ჭორიკანა,ჭ,Film,ფილმი
ჭოროხი,ჭ,River,მდინარე
ჭოჭიანი,ჭ,River,მდინარე
ჭრიჭინა,ჭ,Animal,ცხოველი
ჭურთა,ჭ,River,მდინარე
ჭურია,ჭ,River,მდინარე
ჭუტა,ჭ,Name,სახელი
ჭუჭუა,ჭ,Name,სახელი
ჭუჭულა,ჭ,Name,სახელი
ჭყიმი,ჭ,Plant,მცენარე
ხაბაბი,ხ,City,ქალაქი
ხაბარდა,ხ,Film,ფილმი
ხაბაროვსკი,ხ,City,ქალაქი
ხაგრაჭარი,ხ,City,ქალაქი
ხაგუეი გრანდე,ხ,City,ქალაქი
ხაგუეი-გრანდე,ხ,City,ქალაქი
ხაგუეიგრანდე,ხ,City,ქალაქი
ხაენი,ხ,City,ქალაქი
ხავიერი,ხ,Name,სახელი
ხავსი,ხ,Plant,მცენარე
ხათო,ხ,Name,სახელი
ხათუთა,ხ,Name,სახელი
ხათუნა,ხ,Name,სახელი
ხაირპური,ხ,City,ქალაქი
ხაიფა,ხ,City,ქალაქი
ხაიში,ხ,River,მდინარე
ხაკალტენანგო,ხ,City,ქალაქი
ხალანდრიონი,ხ,City,ქალაქი
ხალაპა,ხ,City,ქალაქი
ხალაპა-ენრიკესი,ხ,City,ქალაქი
ხალდეჭალა,ხ,River,მდინარე
ხალხი,ხ,Film,ფილმი
ხალხი ლარი ფლინტის,ხ,Film,ფილმი
ხალხი ლარი ფლინტის წინააღმდეგ,ხ,Film,ფილმი
ხალხის,ხ,Film,ფილმი
ხალხის მსახური,ხ,Film,ფილმი
ხამი,ხ,City,ქალაქი
ხან შაიხუნი,ხ,City,ქალაქი
ხან-შაიხუნი,ხ,City,ქალაქი
ხანაბადი,ხ,City,ქალაქი
ხანგრძლივი,ხ,Film,ფილმი
ხანგრძლივი ნიშნობა,ხ,Film,ფილმი
ხანდუდი,ხ,City,ქალაქი
ხანთაღი,ხ,City,ქალაქი
ხანთი,ხ,City,ქალაქი
ხანია,ხ,City,ქალაქი
ხანისწყალი,ხ,River,მდინარე
ხანლარი,ხ,City,ქალაქი
ხანპური,ხ,City,ქალაქი
ხანუმა,ხ,Film,ფილმი
ხანშაიხუნი,ხ,City,ქალაქი
ხარაგაული,ხ,City,ქალაქი
ხარამა,ხ,River,მდინარე
ხარარდჰეერე,ხ,City,ქალაქი
ხარბინი,ხ,City,ქალაქი
ხარება,ხ,Name,სახელი
ხარება და გოგია,ხ,Film,ფილმი
ხარი,ხ,Animal,ცხოველი
ხარიანი,ხ,City,ქალაქი
ხარირემი,ხ,Animal,ცხოველი
ხარისთვალა,ხ,City,ქალაქი
ხარისძირა,ხ,Plant,მცენარე
ხარკივი,ხ,City,ქალაქი
ხარკოვი,ხ,City,ქალაქი
ხარმანლი,ხ,City,ქალაქი
ხარტუმი,ხ,City,ქალაქი
ხარუკო,ხ,City,ქალაქი
ხარციზკი,ხ,City,ქალაქი
ხარხორინი,ხ,City,ქალაქი
ხარჯა,ხ,City,ქალაქი
ხასაბი,ხ,City,ქალაქი
ხასიათის,ხ,Film,ფილმი
ხასიათის სიმტკიცე,ხ,Film,ფილმი
ხასკოვო,ხ,City,ქალაქი
ხატია,ხ,Name,სახელი
ხატიბონიკო,ხ,City,ქალაქი
ხატული,ხ,Name,სახელი
ხაუხა,ხ,City,ქალაქი
ხაფლუ,ხ,City,ქალაქი
ხაშამი,ხ,City,ქალაქი
ხაში,ხ,City,ქალაქი
ხაშური,ხ,City,ქალაქი
ხაჩმაზი,ხ,City,ქალაქი
ხახვი,ხ,Plant,მცენარე
ხაჯინი,ხ,City,ქალაქი
ხბო,ხ,Animal,ცხოველი
ხდე,ხ,River,მდინარე
ხე,ხ,Plant,მცენარე
ხედი,ხ,Film,ფილმი
ხედი მკვლელობაზე,ხ,Film,ფილმი
ხევისბერი,ხ,Film,ფილმი
ხევისბერი გოჩა,ხ,Film,ფილმი
ხევისწყალი,ხ,River,მდინარე
ხევსურეთის არაგვი,ხ,River,მდინარე
ხევსურული,ხ,Film,ფილმი
ხევსურული ბალადა,ხ,Film,ფილმი
ხევძმარი,ხ,River,მდინარე
ხეიხე,ხ,City,ქალაქი
ხეკორძულა,ხ,River,მდინარე
ხელედულა,ხ,River,მდინარე
ხელმი,ხ,City,ქალაქი
ხელმოსმულა,ხ,River,მდინარე
ხელოვნური,ხ,Film,ფილმი
ხელოვნური ინტელექტი,ხ,Film,ფილმი
ხელოვნური სუნთქვა,ხ,Film,ფილმი
ხელსაყრელი,ხ,Film,ფილმი
ხელსაყრელი კონტრაქტი,ხ,Film,ფილმი
ხელშეუხებელნი,ხ,Film,ფილმი
ხემის ელ ხეჩნა,ხ,City,ქალაქი
ხემის მილიანა,ხ,City,ქალაქი
ხემისეტი,ხ,City,ქალაქი
ხენდრო,ხ,Plant,მცენარე
ხენერალ-არტიგასი,ხ,City,ქალაქი
ხენერალ-ელისარდო-აკინო,ხ,City,ქალაქი
ხენერალ-ესკობედო,ხ,City,ქალაქი
ხენერალ-ტრიასი,ხ,City,ქალაქი
ხენიანი,ხ,City,ქალაქი
ხენიფრა,ხ,City,ქალაქი
ხეორი,ხ,River,მდინარე
ხეორისწყალი,ხ,River,მდინარე
ხერეს დე ლა ფრონტერა,ხ,City,ქალაქი
ხერსონი,ხ,City,ქალაქი
ხესუს დე ოტორო,ხ,City,ქალაქი
ხესუს მენდესი,ხ,City,ქალაქი
ხესუს-მენდესი,ხ,City,ქალაქი
ხესუსი,ხ,City,ქალაქი
ხესუსმენდესი,ხ,City,ქალაქი
ხეტაფე,ხ,City,ქალაქი
ხეხუი,ხ,River,მდინარე
ხვალინდელი,ხ,Film,ფილმი
ხვალინდელი დღე არასოდეს,ხ,Film,ფილმი
ხვალინდელი დღე არასოდეს მოკვდება,ხ,Film,ფილმი
ხვარამზე,ხ,Name,სახელი
ხვთისო,ხ,Name,სახელი
ხვიარა,ხ,Plant,მცენარე
ხვიჩა,ხ,Name,სახელი
ხვლიკი,ხ,Animal,ცხოველი
ხვრელი,ხ,Film,ფილმი
ხიბარა,ხ,City,ქალაქი
ხიბულა,ხ,Film,ფილმი
ხიგუანი,ხ,City,ქალაქი
ხიდი,ხ,Film,ფილმი
ხიდი მდინარე კვაიზე,ხ,Film,ფილმი
ხივა,ხ,City,ქალაქი
ხიზი,ხ,City,ქალაქი
ხიკილისკო,ხ,City,ქალაქი
ხიკო,ხ,City,ქალაქი
ხილი,ხ,Food,საკვები
ხილლი,ხ,City,ქალაქი
ხიმაგუაიუ,ხ,City,ქალაქი
ხინოტეგა,ხ,City,ქალაქი
ხინოტეპე,ხ,City,ქალაქი
ხიოსი,ხ,City,ქალაქი
ხირბათ ღაზალა,ხ,City,ქალაქი
ხირბათ-ღაზალა,ხ,City,ქალაქი
ხირბათღაზალა,ხ,City,ქალაქი
ხირე,ხ,City,ქალაქი
ხირონა,ხ,City,ქალაქი
ხისარია,ხ,City,ქალაქი
ხისოს წყალი,ხ,River,მდინარე
ხიუტეპეკი,ხ,City,ქალაქი
ხიფსთა,ხ,River,მდინარე
ხიხვი,ხ,Plant,მცენარე
ხიხონი,ხ,City,ქალაქი
ხლეა,ხ,Food,საკვები
ხლიბოკაე,ხ,City,ქალაქი
ხლონგ-ლუანგი,ხ,City,ქალაქი
ხლორაკასი,ხ,City,ქალაქი
ხმალთევზა,ხ,Animal,ცხოველი
ხმალი,ხ,Film,ფილმი
ხმალი ქვაში,ხ,Film,ფილმი
ხმორდოლა,ხ,River,მდინარე
ხოაკინ-სუარესი,ხ,City,ქალაქი
ხობაბო,ხ,City,ქალაქი
ხობი,ხ,City,ქალაქი
ხობისწყალი,ხ,River,მდინარე
ხოვდი,ხ,City,ქალაქი
ხოველიანოსი,ხ,City,ქალაქი
ხოთანი,ხ,River,მდინარე
ხოკორო,ხ,City,ქალაქი
ხოლარგოსი,ხ,City,ქალაქი
ხოლო,ხ,City,ქალაქი
ხოლონი,ხ,City,ქალაქი
ხომბოლე,ხ,City,ქალაქი
ხონ-კენი,ხ,City,ქალაქი
ხონი,ხ,City,ქალაქი
ხოპრა,ხ,River,მდინარე
ხოჟუვი,ხ,City,ქალაქი
ხორბალი,ხ,Plant,მცენარე
ხორეშან,ხ,Name,სახელი
ხორვატია,ხ,Country,ქვეყანა
ხორვატიის რესპუბლიკა,ხ,Country,ქვეყანა
ხორვატიული,ხ,Food,საკვები
ხორვატიული ღვინო,ხ,Food,საკვები
ხორკი,ხ,City,ქალაქი
ხორნაბუჯი,ხ,City,ქალაქი
ხოროგი,ხ,City,ქალაქი
ხოროღი,ხ,City,ქალაქი
ხორხე,ხ,Name,სახელი
ხორხი,ხ,River,მდინარე
ხოსე-ბატლე-ი-ორდონიესი,ხ,City,ქალაქი
ხოსე-ენრიკე-როდო,ხ,City,ქალაქი
ხოსე-პედრო-ვარელა,ხ,City,ქალაქი
ხოსტი,ხ,City,ქალაქი
ხოტეურა,ხ,River,მდინარე
ხოფა,ხ,City,ქალაქი
ხოშიმინი,ხ,City,ქალაქი
ხოჭავანი,ხ,City,ქალაქი
ხოჭალი,ხ,City,ქალაქი
ხოჭასანი,ხ,City,ქალაქი
ხოხობი,ხ,Animal,ცხოველი
ხოჯა,ხ,Film,ფილმი
ხოჯა-მასტონი,ხ,City,ქალაქი
ხოჯავენდი,ხ,City,ქალაქი
ხოჯალი,ხ,City,ქალაქი
ხოჯეილი,ხ,City,ქალაქი
ხოჯენდი,ხ,City,ქალაქი
ხრამი,ხ,River,მდინარე
ხრომა,ხ,River,მდინარე
ხრომტაუ,ხ,City,ქალაქი
ხსნადი,ხ,Food,საკვები
ხსნადი ყავა,ხ,Food,საკვები
ხუაიუა,ხ,City,ქალაქი
ხუაიხე,ხ,River,მდინარე
ხუან-ლ.-ლაკასე,ხ,City,ქალაქი
ხუანი,ხ,Name,სახელი
ხუანხე,ხ,River,მდინარე
ხუანხუი,ხ,City,ქალაქი
ხუდათი,ხ,City,ქალაქი
ხუზდარი,ხ,City,ქალაქი
ხუიგალპა,ხ,City,ქალაქი
ხუკარი,ხ,River,მდინარე
ხუკუაპა,ხ,City,ქალაქი
ხუკუარანი,ხ,City,ქალაქი
ხულიაკა,ხ,City,ქალაქი
ხულნა,ხ,City,ქალაქი
ხულო,ხ,City,ქალაქი
ხულონი,ხ,City,ქალაქი
ხუმფრერი,ხ,River,მდინარე
ხუნანი,ხ,City,ქალაქი
ხუნინი,ხ,City,ქალაქი
ხურიბგა,ხ,City,ქალაქი
ხურმა,ხ,Plant,მცენარე
ხუტა,ხ,Name,სახელი
ხუტუ,ხ,Name,სახელი
ხუშაბი,ხ,City,ქალაქი
ხუხ ხოტო,ხ,City,ქალაქი
ხუხ-ხოტო,ხ,City,ქალაქი
ხუხხოტო,ხ,City,ქალაქი
ხუჯანდი,ხ,City,ქალაქი
ხუჯუტლა,ხ,City,ქალაქი
ჯა-ელა,ჯ,City,ქალაქი
ჯაბა,ჯ,Name,სახელი
ჯაბალ ოს სარაჯი,ჯ,City,ქალაქი
ჯაბალპური,ჯ,City,ქალაქი
ჯაბინიანა,ჯ,City,ქალაქი
ჯაბლა,ჯ,City,ქალაქი
ჯაბლანიცა,ჯ,City,ქალაქი
ჯაბოატაო,ჯ,City,ქალაქი
ჯაბოატაო დოს გუარარაპესი,ჯ,City,ქალაქი
ჯაბორი,ჯ,City,ქალაქი
ჯაბრაილი,ჯ,City,ქალაქი
ჯაგო,ჯ,Name,სახელი
ჯაგუეი გრანდე,ჯ,City,ქალაქი
ჯადიდი,ჯ,City,ქალაქი
ჯადოსნური,ჯ,Film,ფილმი
ჯადოსნური იდუმალი მოგზაურობა,ჯ,Film,ფილმი
ჯადოსნური ქვეყანა,ჯ,Film,ფილმი
ჯადოსნური ცხოველები სად,ჯ,Film,ფილმი
ჯადოსნური ცხოველები. სად ვიპოვოთ ისინი,ჯ,Film,ფილმი
ჯადოქრები,ჯ,Film,ფილმი
ჯადოქრები უეივერლი პლეისიდან,ჯ,Film,ფილმი
ჯადუ,ჯ,City,ქალაქი
ჯავა,ჯ,City,ქალაქი
ჯავზი,ჯ,Plant,მცენარე
ჯავფ ალ-მაყბაბა,ჯ,City,ქალაქი
ჯავშნოსანი,ჯ,Film,ფილმი
ჯავშნოსანი პოტიომკინი,ჯ,Film,ფილმი
ჯაზში,ჯ,Film,ფილმი
ჯაზში მხოლოდ ქალიშვილები,ჯ,Film,ფილმი
ჯაზში მხოლოდ ქალიშვილები არიან,ჯ,Film,ფილმი
ჯაიაპურა,ჯ,City,ქალაქი
ჯაიპურ ჰატი,ჯ,City,ქალაქი
ჯაიპური,ჯ,City,ქალაქი
ჯაკარტა,ჯ,City,ქალაქი
ჯაკმელი,ჯ,City,ქალაქი
ჯაკო,ჯ,City,ქალაქი
ჯაკობა,ჯ,River,მდინარე
ჯაკობაბადი,ჯ,City,ქალაქი
ჯალალაბადი,ჯ,City,ქალაქი
ჯალალაქსი,ჯ,City,ქალაქი
ჯალალპური,ჯ,City,ქალაქი
ჯალანგი,ჯ,River,მდინარე
ჯალანდჰარი,ჯ,City,ქალაქი
ჯალგაონი,ჯ,City,ქალაქი
ჯალინგო,ჯ,City,ქალაქი
ჯალუ,ჯ,City,ქალაქი
ჯალჯულია,ჯ,City,ქალაქი
ჯამა,ჯ,City,ქალაქი
ჯამაამე,ჯ,City,ქალაქი
ჯამალი,ჯ,City,ქალაქი
ჯამალპური,ჯ,City,ქალაქი
ჯამბაზები,ჯ,Film,ფილმი
ჯამბაზი,ჯ,Film,ფილმი
ჯამბაზი და მისი ძაღლები,ჯ,Film,ფილმი
ჯამბაკურ,ჯ,Name,სახელი
ჯამბი,ჯ,City,ქალაქი
ჯამბული,ჯ,Name,სახელი
ჯამილა,ჯ,Name,სახელი
ჯამნაგარი,ჯ,City,ქალაქი
ჯამპალი,ჯ,River,მდინარე
ჯამსა,ჯ,City,ქალაქი
ჯამუ,ჯ,City,ქალაქი
ჯამშედპური,ჯ,City,ქალაქი
ჯანა,ჯ,Name,სახელი
ჯანგ-სადრი,ჯ,City,ქალაქი
ჯანგო,ჯ,Film,ფილმი
ჯანგო გათავისუფლებული,ჯ,Film,ფილმი
ჯანეტა,ჯ,Name,სახელი
ჯანიკო,ჯ,Name,სახელი
ჯანიქი,ჯ,City,ქალაქი
ჯანო,ჯ,Name,სახელი
ჯანსუღ,ჯ,Name,სახელი
ჯანუბ ას-სურა,ჯ,City,ქალაქი
ჯანფიდა,ჯ,City,ქალაქი
ჯანყი,ჯ,Film,ფილმი
ჯანყი გურიაში,ჯ,Film,ფილმი
ჯანჯაფილი,ჯ,Plant,მცენარე
ჯარაბულუსი,ჯ,City,ქალაქი
ჯარანვალა,ჯ,City,ქალაქი
ჯარაში,ჯ,City,ქალაქი
ჯარისკაცის,ჯ,Film,ფილმი
ჯარისკაცის მამა,ჯ,Film,ფილმი
ჯარუკო,ჯ,City,ქალაქი
ჯარჯი,ჯ,Name,სახელი
ჯასიმი,ჯ,City,ქალაქი
ჯასტინი,ჯ,Film,ფილმი
ჯასტინი და სიმამაცის რაინდები,ჯ,Film,ფილმი
ჯატიბონიკო,ჯ,City,ქალაქი
ჯაუბატ ბურღალი,ჯ,City,ქალაქი
ჯაუბატ-ბურღალი,ჯ,City,ქალაქი
ჯაუბატბურღალი,ჯ,City,ქალაქი
ჯაუცენო,ჯ,City,ქალაქი
ჯაფარის,ჯ,Film,ფილმი
ჯაფარის დაბრუნება,ჯ,Film,ფილმი
ჯაფნა,ჯ,City,ქალაქი
ჯაყისწყალი,ჯ,River,მდინარე
ჯაშუში,ჯ,Film,ფილმი
ჯაშუში რომელსაც ვუყვარდი,ჯ,Film,ფილმი
"ჯაშუში, რომელსაც ვუყვარდი",ჯ,Film,ფილმი
ჯაშუშური,ჯ,Film,ფილმი
ჯაშუშური თამაშები,ჯ,Film,ფილმი
ჯბაილი,ჯ,City,ქალაქი
ჯებელ-ტისკაუინი,ჯ,City,ქალაქი
ჯეი ჰუკერი,ჯ,Film,ფილმი
ჯეიანგი,ჯ,City,ქალაქი
ჯეიკ,ჯ,Film,ფილმი
ჯეიკ 2.0,ჯ,Film,ფილმი
ჯეიმზტაუნი,ჯ,City,ქალაქი
ჯეინად,ჯ,Film,ფილმი
ჯეინად გადაქცევისას,ჯ,Film,ფილმი
ჯეინსვილი,ჯ,City,ქალაქი
ჯეირანი,ჯ,Animal,ცხოველი
ჯეიჰანი,ჯ,City,ქალაქი
ჯეკი,ჯ,Name,სახელი
ჯეკი ბრაუნი,ჯ,Film,ფილმი
ჯეკი გოლიათების გამანადგურებელი,ჯ,Film,ფილმი
ჯეკო,ჯ,Name,სახელი
ჯელა,ჯ,City,ქალაქი
ჯელამი,ჯ,River,მდინარე
ჯელატო,ჯ,Food,საკვები
ჯელუმი,ჯ,City,ქალაქი
ჯემალ,ჯ,Name,სახელი
ჯემალი,ჯ,Name,სახელი
ჯემბერი,ჯ,City,ქალაქი
ჯემი,ჯ,Food,საკვები
ჯემნა,ჯ,City,ქალაქი
ჯემო,ჯ,Name,სახელი
ჯენდუბა,ჯ,City,ქალაქი
ჯენე,ჯ,City,ქალაქი
ჯენეტი,ჯ,Name,სახელი
ჯენის,ჯ,Film,ფილმი
ჯენის პორტრეტი,ჯ,Film,ფილმი
ჯენძიანი,ჯ,City,ქალაქი
ჯენჯარუმი,ჯ,City,ქალაქი
ჯენჯოუ,ჯ,City,ქალაქი
ჯერ,ჯ,Film,ფილმი
ჯერ კიდევ,ჯ,Film,ფილმი
ჯერ კიდევ არა,ჯ,Film,ფილმი
ჯერ კიდევ იზრდება,ჯ,Film,ფილმი
ჯერ კიდევ იზრდება ცოცხალი,ჯ,Film,ფილმი
ჯერ კიდევ იზრდება ცოცხალი და შეუფუთავი,ჯ,Film,ფილმი
ჯერ კიდევ იზრდება: ცოცხალი,ჯ,Film,ფილმი
ჯერ კიდევ იზრდება: ცოცხალი და შეუფუთავი,ჯ,Film,ფილმი
ჯერადა,ჯ,City,ქალაქი
ჯერანტუტი,ჯ,City,ქალაქი
ჯერმუკი,ჯ,City,ქალაქი
ჯერსი,ჯ,Country,ქვეყანა
ჯესორი,ჯ,City,ქალაქი
ჯექსონვილი,ჯ,City,ქალაქი
ჯექსონი,ჯ,City,ქალაქი
ჯეჯილი,ჯ,Plant,მცენარე
ჯეჯორა,ჯ,River,მდინარე
ჯვარი,ჯ,City,ქალაქი
ჯვარცმული,ჯ,Film,ფილმი
ჯვარცმული კუნძული,ჯ,Film,ფილმი
ჯვებე,ჯ,Name,სახელი
ჯიბო,ჯ,Name,სახელი
ჯიბუტი,ჯ,City,ქალაქი
ჯიბუტის რესპუბლიკა,ჯ,Country,ქვეყანა
ჯიგუანი,ჯ,City,ქალაქი
ჯიდ ჰაფსი,ჯ,City,ქალაქი
ჯიდა,ჯ,City,ქალაქი
ჯივასკილა,ჯ,City,ქალაქი
ჯივასკილან მალიასკუნტა,ჯ,City,ქალაქი
ჯიზახი,ჯ,City,ქალაქი
ჯიზრე,ჯ,City,ქალაქი
ჯილიბი,ჯ,City,ქალაქი
ჯილიკული,ჯ,City,ქალაქი
ჯილინი,ჯ,City,ქალაქი
ჯიმ შვანთე,ჯ,Film,ფილმი
ჯიმა,ჯ,City,ქალაქი
ჯიმეტა,ჯ,City,ქალაქი
ჯიმი,ჯ,Name,სახელი
ჯიმი ნეიტრონი,ჯ,Film,ფილმი
ჯიმი ნეიტრონი ბიჭი,ჯ,Film,ფილმი
ჯიმი ნეიტრონი ბიჭი გენია,ჯ,Film,ფილმი
ჯიმი ნეიტრონი: ბიჭი გენია,ჯ,Film,ფილმი
ჯიმშერ,ჯ,Name,სახელი
ჯინა,ჯ,Name,სახელი
ჯინანი,ჯ,City,ქალაქი
ჯინი,ჯ,Food,საკვები
ჯინკა,ჯ,City,ქალაქი
ჯინჭარაძე,ჯ,Plant,მცენარე
ჯინჯა,ჯ,City,ქალაქი
ჯინჯერი,ჯ,Plant,მცენარე
ჯინჯერი და ფრედი,ჯ,Film,ფილმი
ჯინჯოუ,ჯ,City,ქალაქი
ჯიპიჯაპა,ჯ,City,ქალაქი
ჯისრ ელ შუღური,ჯ,City,ქალაქი
ჯისრ-ელ-შუღური,ჯ,City,ქალაქი
ჯისრელშუღური,ჯ,City,ქალაქი
ჯიტრა,ჯ,City,ქალაქი
ჯიქერგაჩა,ჯ,City,ქალაქი
ჯიქი,ჯ,Animal,ცხოველი
ჯიში,ჯ,City,ქალაქი
ჯიხვი,ჯ,Animal,ცხოველი
ჯიჯიგა,ჯ,City,ქალაქი
ჯობაბო,ჯ,City,ქალაქი
ჯობსი,ჯ,Film,ფილმი
ჯოდპური,ჯ,City,ქალაქი
ჯოენსუ,ჯ,City,ქალაქი
ჯოვანი,ჯ,Name,სახელი
ჯოველლანოსი,ჯ,City,ქალაქი
ჯოი,ჯ,Film,ფილმი
ჯოიეზი,ჯ,City,ქალაქი
ჯოინვილი,ჯ,City,ქალაქი
ჯოკერი,ჯ,Film,ფილმი
ჯოკიაკარტა,ჯ,City,ქალაქი
ჯომაღისწყალი,ჯ,River,მდინარე
ჯომბანგი,ჯ,City,ქალაქი
ჯონ კარტერი,ჯ,Film,ფილმი
ჯონი,ჯ,Name,სახელი
ჯონი და მერი,ჯ,Film,ფილმი
ჯონი ინგლიში,ჯ,Film,ფილმი
ჯონიმ,ჯ,Film,ფილმი
ჯონიმ იარაღი აიღო,ჯ,Film,ფილმი
ჯონოულა,ჯ,River,მდინარე
ჯონოური,ჯ,River,მდინარე
ჯონსი,ჯ,Film,ფილმი
ჯონჯოლი,ჯ,Plant,მცენარე
ჯონჯოლო,ჯ,Plant,მცენარე
ჯორი,ჯ,Animal,ცხოველი
ჯორმი,ჯ,City,ქალაქი
ჯორჯ თაუნი,ჯ,City,ქალაქი
ჯორჯთაუნი,ჯ,City,ქალაქი
ჯორჯი,ჯ,City,ქალაქი
ჯორჯტაუნი,ჯ,City,ქალაქი
ჯოსი,ჯ,City,ქალაქი
ჯოუгу,ჯ,City,ქალაქი
ჯოჯიკი,ჯ,Name,სახელი
ჯოჯოხეთის,ჯ,Film,ფილმი
ჯოჯოხეთის მთხრელები,ჯ,Film,ფილმი
ჯოჰარი,ჯ,City,ქალაქი
ჯოჰორ ბაჰრუ,ჯ,City,ქალაქი
ჯრაშენი,ჯ,City,ქალაქი
ჯრუჭულა,ჯ,River,მდინარე
ჯუაზეირო დო ნორტე,ჯ,City,ქალაქი
ჯუანშერ,ჯ,Name,სახელი
ჯუბა,ჯ,River,მდინარე
ჯუდაიტა,ჯ,City,ქალაქი
ჯუდეიდა,ჯ,City,ქალაქი
ჯუდუ,ჭ,Name,სახელი
ჯუთა,ჯ,River,მდინარე
ჯუთისწყალი,ჯ,River,მდინარე
ჯუიზ დე ფორა,ჯ,City,ქალაქი
ჯული,ჯ,Name,სახელი
ჯულიანო ინ კამპანია,ჯ,City,ქალაქი
ჯულიანო-ინ-კამპანია,ჯ,City,ქალაქი
ჯულიანოინკამპანია,ჯ,City,ქალაქი
ჯულიეტა,ჯ,Name,სახელი
ჯულფა,ჯ,City,ქალაქი
ჯუმანჯი,ჯ,Film,ფილმი
ჯუმანჯი კეთილი იყოს,ჯ,Film,ფილმი
ჯუმანჯი კეთილი იყოს თქვენი მობრძანება ჯუნგლებში,ჯ,Film,ფილმი
ჯუმანჯი შემდეგი საფეხური,ჯ,Film,ფილმი
ჯუმანჯი: კეთილი იყოს თქვენი მობრძანება ჯუნგლებში,ჯ,Film,ფილმი
ჯუმანჯი: შემდეგი საფეხური,ჯ,Film,ფილმი
ჯუმბერ,ჯ,Name,სახელი
ჯუმბერი,ჯ,Name,სახელი
ჯუმი,ჯ,River,მდინარე
ჯუნა,ჯ,Name,სახელი
ჯუნგლების,ჯ,Film,ფილმი
ჯუნგლების წიგნი,ჯ,Film,ფილმი
ჯუნდიაი,ჯ,City,ქალაქი
ჯუნია,ჯ,City,ქალაქი
ჯუნინი,ჯ,City,ქალაქი
ჯუნო,ჯ,Film,ფილმი
ჯუნტასი,ჯ,City,ქალაქი
ჯურღაის,ჯ,Film,ფილმი
ჯურღაის ფარი,ჯ,Film,ფილმი
ჯურხა,ჯ,Name,სახელი
ჯურჯუ,ჯ,City,ქალაქი
ჯუტიაპა,ჯ,City,ქალაქი
ჯუტიკალპა,ჯ,City,ქალაქი
ჯუტიკილე,ჯ,City,ქალაქი
ჯუჩენი,ჯ,City,ქალაქი
ჯფკ,ჯ,Film,ფილმი
ჯჰანსი,ჯ,City,ქალაქი
ჰა,ჰ,City,ქალაქი
ჰააბნიმე,ჰ,City,ქალაქი
ჰააგა,ჰ,City,ქალაქი
ჰაარლემი,ჰ,City,ქალაქი
ჰააფსალუ,ჰ,City,ქალაქი
ჰაბანა დელ ესტე,ჰ,City,ქალაქი
ჰაბანა-დელ-ესტე,ჰ,City,ქალაქი
ჰაბანადელესტე,ჰ,City,ქალაქი
ჰაბიგანი,ჰ,City,ქალაქი
ჰაბნარფიორდური,ჰ,City,ქალაქი
ჰაბუში,ჰ,City,ქალაქი
ჰაგატნა,ჰ,City,ქალაქი
ჰაგენი,ჰ,City,ქალაქი
ჰაგერე ჰივეტი,ჰ,City,ქალაქი
ჰაგონოი,ჰ,City,ქალაქი
ჰადერა,ჰ,City,ქალაქი
ჰადერზფილდი,ჰ,City,ქალაქი
ჰადერსლევი,ჰ,City,ქალაქი
ჰადეჯია,ჰ,City,ქალაქი
ჰადი,ჰ,Film,ფილმი
ჰადითა,ჰ,City,ქალაქი
ჰადონგი,ჰ,City,ქალაქი
ჰადსაკერის,ჰ,Film,ფილმი
ჰადსაკერის შემცვლელი,ჰ,Film,ფილმი
ჰადსუნი,ჰ,City,ქალაქი
ჰავანა,ჰ,City,ქალაქი
ჰაველი,ჰ,City,ქალაქი
ჰაველუ,ჰ,City,ქალაქი
ჰავერა,ჰ,City,ქალაქი
ჰავორტია,ჰ,Plant,მცენარე
ჰავრი,ჰ,City,ქალაქი
ჰათიმი,ჰ,City,ქალაქი
ჰაიდარ,ჰ,Name,სახელი
ჰაიდარაბადი,ჰ,City,ქალაქი
ჰაიდელბერგი,ჰ,City,ქალაქი
ჰაიდუბოსორმენი,ჰ,City,ქალაქი
ჰაიდუნანაში,ჰ,City,ქალაქი
ჰაიდუსობოსლო,ჰ,City,ქალაქი
ჰაიკოუ,ჰ,City,ქალაქი
ჰაილბრონი,ჰ,City,ქალაქი
ჰაილი,ჰ,City,ქალაქი
ჰაილიგენდამი,ჰ,City,ქალაქი
ჰაისდორფ-სურ-ალზეტი,ჰ,City,ქალაქი
ჰაიტი,ჰ,Country,ქვეყანა
ჰაიტის რესპუბლიკა,ჰ,Country,ქვეყანა
ჰაიფა,ჰ,City,ქალაქი
ჰაიფონი,ჰ,City,ქალაქი
ჰაკამა,ჰ,City,ქალაქი
ჰაკოდატე,ჰ,City,ქალაქი
ჰალ ინ ტიროლი,ჰ,City,ქალაქი
ჰალ-ინ-ტიროლი,ჰ,City,ქალაქი
ჰალაბჯა,ჰ,City,ქალაქი
ჰალავა,ჰ,City,ქალაქი
ჰალაიბი,ჰ,City,ქალაქი
ჰალაინი,ჰ,City,ქალაქი
ჰალაპენიო,ჰ,Plant,მცენარე
ჰალდა,ჰ,River,მდინარე
ჰალე,ჰ,City,ქალაქი
ჰალე-ნოישטადტი,ჰ,City,ქალაქი
ჰალეინი,ჰ,City,ქალაქი
ჰალი,ჰ,City,ქალაქი
ჰალინტიროლი,ჰ,City,ქალაქი
ჰალიფაქსი,ჰ,City,ქალაქი
ჰალმსტადი,ჰ,City,ქალაქი
ჰალონგი,ჰ,City,ქალაქი
ჰალორმსსტადური,ჰ,City,ქალაქი
ჰალჯალა,ჰ,City,ქალაქი
ჰამა,ჰ,City,ქალაქი
ჰამადანი,ჰ,City,ქალაქი
ჰამავუნა,ჰ,City,ქალაქი
ჰამამ-ლიფი,ჰ,City,ქალაქი
ჰამამ-სუსა,ჰ,City,ქალაქი
ჰამამაცუ,ჰ,City,ქალაქი
ჰამამეტი,ჰ,City,ქალაქი
ჰამბურგერი,ჰ,Food,საკვები
ჰამბურგი,ჰ,City,ქალაქი
ჰამდოგი,ჰ,Food,საკვები
ჰამენკიირო,ჰ,City,ქალაქი
ჰამენლინა,ჰ,City,ქალაქი
ჰამი,ჰ,City,ქალაქი
ჰამილტონი,ჰ,City,ქალაქი
ჰამინა,ჰ,City,ქალაქი
ჰამლეტ,ჰ,Name,სახელი
ჰამლეტა,ჰ,Name,სახელი
ჰამლეტი,ჰ,Name,სახელი
ჰამმა ბუზიანე,ჰ,City,ქალაქი
ჰამმე,ჰ,City,ქალაქი
ჰამჰუნგი,ჰ,City,ქალაქი
ჰანა,ჰ,Name,სახელი
ჰანა და მისი დები,ჰ,Film,ფილმი
ჰანა მონტანა,ჰ,Film,ფილმი
ჰანადი,ჰ,City,ქალაქი
ჰანამი,ჰ,City,ქალაქი
ჰანას,ჰ,Film,ფილმი
ჰანას ომი,ჰ,Film,ფილმი
ჰანაუ,ჰ,City,ქალაქი
ჰანაქი,ჰ,City,ქალაქი
ჰანგა როა,ჰ,City,ქალაქი
ჰანგა-როა,ჰ,City,ქალაქი
ჰანგანი,ჰ,River,მდინარე
ჰანგაროა,ჰ,City,ქალაქი
ჰანდანი,ჰ,City,ქალაქი
ჰანველა-იჰალა,ჰ,City,ქალაქი
ჰანნა,ჰ,Name,სახელი
ჰანოვერი,ჰ,City,ქალაქი
ჰანოი,ჰ,City,ქალაქი
ჰანსი,ჰ,Name,სახელი
ჰანსინდზი,ჰ,City,ქალაქი
ჰანსტვილი,ჰ,City,ქალაქი
ჰანტინგ კრიკი,ჰ,River,მდინარე
ჰანჯოუ,ჰ,City,ქალაქი
ჰაორა,ჰ,City,ქალაქი
ჰაპსალუ,ჰ,City,ქალაქი
ჰაპუტალე,ჰ,City,ქალაქი
ჰარადოკი,ჰ,City,ქალაქი
ჰარათ-აზ-ზავია,ჰ,City,ქალაქი
ჰარაკირი,ჰ,Film,ფილმი
ჰარანი,ჰ,City,ქალაქი
ჰარარე,ჰ,City,ქალაქი
ჰარარი,ჰ,City,ქალაქი
ჰარბინი,ჰ,City,ქალაქი
ჰარგეისა,ჰ,City,ქალაქი
ჰარდაბაირი,ჰ,City,ქალაქი
ჰარდენბერგი,ჰ,City,ქალაქი
ჰარდერვეიკი,ჰ,City,ქალაქი
ჰარდი,ჰ,City,ქალაქი
ჰარელბეკი,ჰ,City,ქალაქი
ჰარემბო,ჰ,City,ქალაქი
ჰარემი,ჰ,City,ქალაქი
ჰარერ,ჰ,City,ქალაქი
ჰარი,ჰ,Name,სახელი
ჰარი პოტერი,ჰ,Film,ფილმი
ჰარი პოტერი და აზკაბანის ტყვე,ჰ,Film,ფილმი
ჰარი პოტერი და ნახევარპრინცი,ჰ,Film,ფილმი
ჰარი პოტერი და საიდუმლო ოთახი,ჰ,Film,ფილმი
ჰარი პოტერი და სიკვდილის საჩუქრები,ჰ,Film,ფილმი
ჰარი პოტერი და სიკვდილის საჩუქრები - ნაწილი,ჰ,Film,ფილმი
ჰარი პოტერი და სიკვდილის საჩუქრები - ნაწილი 1,ჰ,Film,ფილმი
ჰარი პოტერი და სიკვდილის საჩუქრები - ნაწილი 2,ჰ,Film,ფილმი
ჰარი პოტერი და ფენიქსის ორდენი,ჰ,Film,ფილმი
ჰარი პოტერი და ფილოსოფიური ქვა,ჰ,Film,ფილმი
ჰარი პოტერი და ცეცხლოვანი თასი,ჰ,Film,ფილმი
ჰარიავალტა,ჰ,City,ქალაქი
ჰაროლდი,ჰ,Name,სახელი
ჰაროლდი და კუმარი თეთრ სასახლეში მიდიან,ჰ,Film,ფილმი
ჰაროლდის,ჰ,Film,ფილმი
ჰაროლდის და კუმარის გაქცევა გუანტანამოს უბიდან,ჰ,Film,ფილმი
ჰაროლდის და კუმარის შობა,ჰ,Film,ფილმი
ჰარპერი,ჰ,City,ქალაქი
ჰარუნაბადი,ჰ,City,ქალაქი
ჰარფ ალ მუსეიტირა,ჰ,City,ქალაქი
ჰარფ-ალ-მუსეიტირა,ჰ,City,ქალაქი
ჰარფალმუსეიტირა,ჰ,City,ქალაქი
ჰარყალა,ჰ,City,ქალაქი
ჰასანაბადი,ჰ,City,ქალაქი
ჰასანი,ჰ,Name,სახელი
ჰასელტი,ჰ,City,ქალაქი
ჰასილპური,ჰ,City,ქალაქი
ჰასლევი,ჰ,City,ქალაქი
ჰატ-იაი,ჰ,City,ქალაქი
ჰატვანი,ჰ,City,ქალაქი
ჰატონი,ჰ,City,ქალაქი
ჰაუ-რი,ჰ,City,ქალაქი
ჰაუკიპუდას,ჰ,City,ქალაქი
ჰაულის,ჰ,Film,ფილმი
ჰაულის მოსიარულე სასახლე,ჰ,Film,ფილმი
ჰაფ უეი თრი,ჰ,City,ქალაქი
ჰაფელი,ჰ,River,მდინარე
ჰაფიზაბადი,ჰ,City,ქალაქი
ჰაფნარფიორდური,ჰ,City,ქალაქი
ჰაფნირი,ჰ,City,ქალაქი
ჰაფუზი,ჰ,City,ქალაქი
ჰაქარი,ჰ,City,ქალაქი
ჰაქიარი,ჰ,City,ქალაქი
ჰაქსოუს,ჰ,Film,ფილმი
ჰაქსოუს გმირი,ჰ,Film,ფილმი
ჰაჩინოჰე,ჰ,City,ქალაქი
ჰაჩიოჯი,ჰ,City,ქალაქი
ჰაძიჩი,ჰ,City,ქალაქი
ჰახარცინი,ჰ,City,ქალაქი
ჰაჯა,ჰ,City,ქალაქი
ჰაჯი,ჰ,Film,ფილმი
ჰაჯი ზეინალაბდინი,ჰ,City,ქალაქი
ჰაჯი ყარა,ჰ,Film,ფილმი
ჰაჯიგანი,ჰ,City,ქალაქი
ჰაჯოჰო,ჰ,City,ქალაქი
ჰებრონი,ჰ,City,ქალაქი
ჰეგანასი,ჰ,City,ქალაქი
ჰეგანი,ჰ,City,ქალაქი
ჰედენსტედი,ჰ,City,ქალაქი
ჰედლენდსი,ჰ,City,ქალაქი
ჰეიზი,ჰ,City,ქალაქი
ჰეილბრონი,ჰ,City,ქალაქი
ჰეილი,ჰ,Name,სახელი
ჰეიმსკერკი,ჰ,City,ქალაქი
ჰეინოლა,ჰ,City,ქალაქი
ჰეისტ-ოპ-დენ-ბერგი,ჰ,City,ქალაქი
ჰეისტინგსი,ჰ,City,ქალაქი
ჰელა,ჰ,City,ქალაქი
ჰელენე,ჰ,Name,სახელი
ჰელენსვილი,ჰ,City,ქალაქი
ჰელიერი,ჰ,River,მდინარე
ჰელისსანდური,ჰ,City,ქალაქი
ჰელმსანჟი,ჰ,City,ქალაქი
ჰელსინგბორგი,ჰ,City,ქალაქი
ჰელსინგე,ჰ,City,ქალაქი
ჰელსინგერი,ჰ,City,ქალაქი
ჰელსინგორი,ჰ,City,ქალაქი
ჰელსინკი,ჰ,City,ქალაქი
ჰელუანი,ჰ,City,ქალაქი
ჰენგელო,ჰ,City,ქალაქი
ჰენდალა,ჰ,City,ქალაქი
ჰენიანგი,ჰ,City,ქალაქი
ჰენკი,ჰ,Name,სახელი
ჰენნაია,ჰ,City,ქალაქი
ჰენრი,ჰ,Name,სახელი
ჰენრი და ჯუნი,ჰ,Film,ფილმი
ჰენრიხ,ჰ,Name,სახელი
ჰენტი,ჰ,River,მდინარე
ჰერადსვიოთნი,ჰ,River,მდინარე
ჰერათი,ჰ,City,ქალაქი
ჰერაკლე,ჰ,Name,სახელი
ჰერაკლიონი,ჰ,City,ქალაქი
ჰერატი,ჰ,City,ქალაქი
ჰერდის და მაკდონალდის კუნძულები,ჰ,Country,ქვეყანა
ჰერენბერგი,ჰ,City,ქალაქი
ჰერენვენი,ჰ,City,ქალაქი
ჰერენტალსი,ჰ,City,ქალაქი
ჰერიზაუ,ჰ,City,ქალაქი
ჰერკულესი,ჰ,Name,სახელი
ჰერლევი,ჰ,City,ქალაქი
ჰერლენი,ჰ,City,ქალაქი
ჰერმოპოლისი,ჰ,City,ქალაქი
ჰერნე,ჰ,City,ქალაქი
ჰერნესანდი,ჰ,City,ქალაქი
ჰერნინგი,ჰ,City,ქალაქი
ჰეროგეიტი,ჰ,City,ქალაქი
ჰეროუმბილი,ჰ,City,ქალაქი
ჰერსტალი,ჰ,City,ქალაქი
ჰერსჰოლმი,ჰ,City,ქალაქი
ჰერტოგენბოსი,ჰ,City,ქალაქი
ჰერცეგ ნოვი,ჰ,City,ქალაქი
ჰერცეგ-ნოვი,ჰ,City,ქალაქი
ჰერცეგნოვი,ჰ,City,ქალაქი
ჰერცლია,ჰ,City,ქალაქი
ჰერჰიუგოვარდი,ჰ,City,ქალაქი
ჰესან-დონგი,ჰ,City,ქალაქი
ჰესლეჰოლმი,ჰ,City,ქალაქი
ჰესპერანჟი,ჰ,City,ქალაქი
ჰეტსა,ჰ,City,ქალაქი
ჰეფეი,ჰ,City,ქალაქი
ჰეჯუ,ჰ,City,ქალაქი
ჰვამსტანგი,ჰ,City,ქალაქი
ჰვანგე,ჰ,City,ქალაქი
ჰვანგჯუ-იუპი,ჰ,City,ქალაქი
ჰვანეირი,ჰ,City,ქალაქი
ჰვარანი,ჰ,Film,ფილმი
ჰვარი,ჰ,City,ქალაქი
ჰვასონი,ჰ,City,ქალაქი
ჰვეიანგი,ჰ,City,ქალაქი
ჰვემულ-რი,ჰ,City,ქალაქი
ჰვერაგერდი,ჰ,City,ქალაქი
ჰვერიონგი,ჰ,City,ქალაქი
ჰვიდოვრე,ჰ,City,ქალაქი
ჰვოლსვოლური,ჰ,City,ქალაქი
ჰიალტეირი,ჰ,City,ქალაქი
ჰიბისკუსი,ჰ,Plant,მცენარე
ჰითადჰუ,ჰ,City,ქალაქი
ჰითი,ჰ,City,ქალაქი
ჰიკადუვა,ჰ,City,ქალაქი
ჰილა,ჰ,City,ქალაქი
ჰილაბი,ჰ,City,ქალაქი
ჰილარი,ჰ,Name,სახელი
ჰილდესჰაიმი,ჰ,City,ქალაქი
ჰილერედი,ჰ,City,ქალაქი
ჰილეროდი,ჰ,City,ქალაქი
ჰილვერსუმი,ჰ,City,ქალაქი
ჰილზბორო,ჰ,City,ქალაქი
ჰილი,ჰ,Film,ფილმი
ჰილმენდი,ჰ,River,მდინარე
ჰიმარე,ჰ,City,ქალაქი
ჰიმეჯი,ჰ,City,ქალაქი
ჰინთადა,ჰ,City,ქალაქი
ჰინჩი,ჰ,City,ქალაქი
ჰიორინგი,ჰ,City,ქალაქი
ჰირაკატა,ჰ,City,ქალაქი
ჰირაცუკა,ჰ,City,ქალაქი
ჰირნა,ჰ,City,ქალაქი
ჰიროსაკი,ჰ,City,ქალაქი
ჰიროსიმა,ჰ,City,ქალაქი
ჰისორი,ჰ,City,ქალაქი
ჰიტატი,ჰ,City,ქალაქი
ჰიტლერი,ჰ,Name,სახელი
ჰიუგო,ჰ,Film,ფილმი
ჰიუვინკა,ჰ,City,ქალაქი
ჰიურემი,ჰ,Name,სახელი
ჰიუსტონი,ჰ,City,ქალაქი
ჰიჩკოკი,ჰ,Film,ფილმი
ჰიჰიფო,ჰ,City,ქალაქი
ჰნიფსდალური,ჰ,City,ქალაქი
ჰო,ჰ,City,ქალაქი
ჰოანი,ჰ,City,ქალაქი
ჰობარტი,ჰ,City,ქალაქი
ჰობიო,ჰ,City,ქალაქი
ჰობიტი,ჰ,Film,ფილმი
ჰობიტი მოულოდნელი მოგზაურობა,ჰ,Film,ფილმი
ჰობიტი სმაუგის ნაოხარი,ჰ,Film,ფილმი
ჰობიტი ხუთი ლაშქრის,ჰ,Film,ფილმი
ჰობიტი ხუთი ლაშქრის ბრძოლა,ჰ,Film,ფილმი
ჰობიტი: მოულოდნელი მოგზაურობა,ჰ,Film,ფილმი
ჰობიტი: სმაუგის ნაოხარი,ჰ,Film,ფილმი
ჰობიტი: ხუთი ლაშქრის ბრძოლა,ჰ,Film,ფილმი
ჰობოკენი,ჰ,City,ქალაქი
ჰობრო,ჰ,City,ქალაქი
ჰობშაიდი,ჰ,City,ქალაქი
ჰოდ-ჰაშარონი,ჰ,City,ქალაქი
ჰოდეიდა,ჰ,City,ქალაქი
ჰოდმეზევაშარჰეი,ჰ,City,ქალაქი
ჰოდმეზოვაშარჰეი,ჰ,City,ქალაქი
ჰოენაუ,ჰ,City,ქალაქი
ჰოენემსი,ჰ,City,ქალაქი
ჰოვარდი,ჰ,Name,სახელი
ჰოვსანი,ჰ,City,ქალაქი
ჰოვტაშათი,ჰ,City,ქალაქი
ჰოზინგენი,ჰ,City,ქალაქი
ჰოი ანი,ჰ,City,ქალაქი
ჰოი-ანი,ჰ,City,ქალაქი
ჰოიანი,ჰ,City,ქალაქი
ჰოიმა,ჰ,City,ქალაქი
ჰოკიტაიკა,ჰ,City,ქალაქი
ჰოლა,ჰ,City,ქალაქი
ჰოლაბრუნი,ჰ,City,ქალაქი
ჰოლანდია,ჰ,Country,ქვეყანა
ჰოლანდს-დიპი,ჰ,River,მდინარე
ჰოლანდსე-ეისელი,ჰ,River,მდინარე
ჰოლარი,ჰ,City,ქალაქი
ჰოლბეკი,ჰ,City,ქალაქი
ჰოლგუინი,ჰ,City,ქალაქი
ჰოლი,ჰ,Film,ფილმი
ჰოლმავიკი,ჰ,City,ქალაქი
ჰოლოლა,ჰ,City,ქალაქი
ჰოლსტებრო,ჰ,City,ქალაქი
ჰოლტაუნი,ჰ,City,ქალაქი
ჰოლტზე,ჰ,Film,ფილმი
ჰოლჰოლი,ჰ,City,ქალაქი
ჰომა ბაი,ჰ,City,ქალაქი
ჰომა ბეი,ჰ,City,ქალაქი
ჰომა-ბაი,ჰ,City,ქალაქი
ჰომაბაი,ჰ,City,ქალაქი
ჰომაგამა,ჰ,City,ქალაქი
ჰომსი,ჰ,City,ქალაქი
ჰონგ კონგი,ჰ,City,ქალაქი
ჰონგ-კონგი,ჰ,Country,ქვეყანა
ჰონგვონი,ჰ,City,ქალაქი
ჰონგი,ჰ,City,ქალაქი
ჰონგკონგი,ჰ,City,ქალაქი
ჰონდურასი,ჰ,Country,ქვეყანა
ჰონდურასის რესპუბლიკა,ჰ,Country,ქვეყანა
ჰონიარა,ჰ,City,ქალაქი
ჰონკონგი,ჰ,Country,ქვეყანა
ჰონოლულუ,ჰ,City,ქალაქი
ჰოოგევენი,ჰ,City,ქალაქი
ჰოოფდორპი,ჰ,City,ქალაქი
ჰორავალა-ჯანქშენი,ჰ,City,ქალაქი
ჰორანა,ჰ,City,ქალაქი
ჰორგენი,ჰ,City,ქალაქი
ჰორვატია,ჰ,Country,ქვეყანა
ჰორლივკა,ჰ,City,ქალაქი
ჰორნადი,ჰ,River,მდინარე
ჰორნი,ჰ,City,ქალაქი
ჰორნსბი,ჰ,City,ქალაქი
ჰორსენსი,ჰ,City,ქალაქი
ჰორსჰემი,ჰ,City,ქალაქი
ჰორსჰოლმი,ჰ,City,ქალაქი
ჰორტენზია,ჰ,Plant,მცენარე
ჰოუპ ბეი,ჰ,City,ქალაქი
ჰოფნი,ჰ,City,ქალაქი
ჰოფსოსი,ჰ,City,ქალაქი
ჰოქტემბერი,ჰ,City,ქალაქი
ჰოქუმატი აზრაუ,ჰ,City,ქალაქი
ჰოხენემსი,ჰ,City,ქალაქი
ჰოხუელა,ჰ,Food,საკვები
ჰოჰოე,ჰ,City,ქალაქი
ჰოჰჰოტი,ჰ,City,ქალაქი
ჰრაზდანი,ჰ,City,ქალაქი
ჰრასტნიკი,ჰ,City,ქალაქი
ჰრონი,ჰ,River,მდინარე
ჰუა-ჰინი,ჰ,City,ქალაქი
ჰუაიბეი,ჰ,City,ქალაქი
ჰუაინანი,ჰ,City,ქალაქი
ჰუაისაი,ჰ,City,ქალაქი
ჰუაკიალასი,ჰ,City,ქალაქი
ჰუამბო,ჰ,City,ქალაქი
ჰუანგში,ჰ,City,ქალაქი
ჰუბლი,ჰ,City,ქალაქი
ჰუდზონი,ჰ,River,მდინარე
ჰუდიკსვალი,ჰ,City,ქალაქი
ჰუდინგე,ჰ,City,ქალაქი
ჰუდსონი,ჰ,River,მდინარე
ჰუე,ჰ,City,ქალაქი
ჰუიტინენი,ჰ,City,ქალაქი
ჰუკერი,ჰ,Film,ფილმი
ჰუკკიო-რი,ჰ,City,ქალაქი
ჰუმბოლდტი,ჰ,River,მდინარე
ჰუმი,ჰ,City,ქალაქი
ჰუმლაბეკი,ჰ,City,ქალაქი
ჰუმტ-სუკი,ჰ,City,ქალაქი
ჰუნგნამი,ჰ,City,ქალაქი
ჰუნდესტედი,ჰ,City,ქალაქი
ჰუნედოარა,ჰ,City,ქალაქი
ჰუნი,ჰ,City,ქალაქი
ჰუონი,ჰ,River,მდინარე
ჰურგადა,ჰ,City,ქალაქი
ჰურუტა,ჰ,City,ქალაქი
ჰურფეიში,ჰ,City,ქალაქი
ჰუსავიკი,ჰ,City,ქალაქი
ჰუსეინი,ჰ,Name,სახელი
ჰუში,ჰ,City,ქალაქი
Გვიმრა,გ,Plant,მცენარე
Დანიელა,დ,Name,სახელი
Მაიამი,მ,City,ქალაქი
Შაკა,შ,Name,სახელი
Ცეზარი,ც,Name,სახელი
Ჯინა,ჯ,Name,სახელი
